date,ID_electricity_bus_shortage_output1,ID_gas_bus_shortage_output1,ID_pv_bus_excess_input1,ID_hp_electricity_bus_shortage_output1,ID_pv_to_ID_electricity_link_input1,ID_pv_to_ID_electricity_link_output1,ID_electricity_to_ID_hp_electricity_bus_input1,ID_electricity_to_ID_hp_electricity_bus_output1,ID_thermal_storage_input1,ID_thermal_storage_output1,ID_thermal_storage_capacity,ID_electricity_sink_input1,ID_heat_sink_input1,ID_cooling_sink_input1,ID_gasheating_transformer_input1,ID_gasheating_transformer_output1,ID_GCHP_transformer_input1,ID_GCHP_transformer_input2,ID_GCHP_transformer_output1,ID_AbsCH_transformer_input1,ID_AbsCH_transformer_input2,ID_AbsCH_transformer_output1,ID_photovoltaic_electricity_source_output1
2012-01-01 00:00:00,0.2912219035789898,0.0,0.0,0.6491363714927425,0.0,0.0,0.0,0.0,0.0,0.0,0.5793479471958574,0.2912219035789898,1.5534785740157577,5.0,0.0,0.0,0.35982819539211364,1.193650378623644,1.5534785740157577,0.2893081761006289,5.786163522012578,5.0,0.0
2012-01-01 01:00:00,0.215507205272396,0.0,0.0,0.6712796450553342,0.0,0.0,0.0,0.0,0.0,0.0,0.5793479471958574,0.215507205272396,1.6490772554936506,5.0,0.0,0.0,0.3819714689547053,1.2671057865389455,1.6490772554936506,0.2893081761006289,5.786163522012578,5.0,0.0
2012-01-01 02:00:00,0.19752746161119958,0.0,0.0,0.687887100227278,0.0,0.0,0.0,0.0,0.0,0.0,0.5793479471958574,0.19752746161119958,1.72077626660207,5.0,0.0,0.0,0.39857892412664897,1.3221973424754212,1.72077626660207,0.2893081761006289,5.786163522012578,5.0,0.0
2012-01-01 03:00:00,0.1923333134424095,0.0,0.0,0.7469358297275221,0.0,0.0,0.0,0.0,0.0,0.0,0.5793479471958574,0.1923333134424095,1.9757060838764509,5.0,0.0,0.0,0.4576276536268932,1.5180784302495576,1.9757060838764509,0.2893081761006289,5.786163522012578,5.0,0.0
2012-01-01 04:00:00,0.19542982485072669,0.0,0.0,0.8945576534781328,0.0,0.0,0.0,0.0,0.0,0.0,0.5793479471958574,0.19542982485072669,2.6130306270624026,5.0,0.0,0.0,0.6052494773775039,2.0077811496848987,2.6130306270624026,0.2893081761006289,5.786163522012578,5.0,0.0
2012-01-01 05:00:00,0.23393644252512233,0.0,0.0,1.1842654825887065,0.0,0.0,0.0,0.0,0.0,0.0,0.5793479471958574,0.23393644252512233,3.8637800430648337,5.0,0.0,0.0,0.8949573064880776,2.9688227365767563,3.8637800430648337,0.2893081761006289,5.786163522012578,5.0,0.0
2012-01-01 06:00:00,0.4499430851214405,0.0,0.0,1.433377310167862,0.0,0.0,0.0,0.0,0.0,0.0,0.5793479471958574,0.4499430851214405,4.939265209691127,5.0,0.0,0.0,1.144069134067233,3.7951960756238945,4.939265209691127,0.2893081761006289,5.786163522012578,5.0,0.0
2012-01-01 07:00:00,0.6464217283524036,0.0,0.0,1.356759417011142,0.0,0.0,0.0,0.0,0.0,0.0,0.5793479471958574,0.6464217283524036,4.604669824518503,5.0,0.0,0.0,1.0665676765981627,3.5381021479203403,4.604669824518503,0.2901917404129794,5.803834808259587,5.0,0.0
2012-01-01 08:00:00,0.666748827436034,0.0,0.0,1.2626505043701277,0.0,0.0,0.0,0.0,0.0,0.0,0.5793479471958574,0.666748827436034,4.198375428237458,5.0,0.0,0.0,0.9724587639571483,3.22591666428031,4.198375428237458,0.2901917404129794,5.803834808259587,5.0,0.0
2012-01-01 09:00:00,0.6154066705368397,0.0,0.0,1.1869943196979396,0.0,0.0,0.0,0.0,0.0,0.0,0.5793479471958574,0.6154066705368397,3.8717465998546574,5.0,0.0,0.0,0.8968025792849601,2.9749440205696973,3.8717465998546574,0.2901917404129794,5.803834808259587,5.0,0.0
2012-01-01 10:00:00,0.578445940433965,0.0,0.0,1.1224097718070474,0.0019501736959339955,0.0019501736959339955,0.0,0.0,0.0,0.0,0.5793479471958574,0.580396114129899,3.592917112210804,5.0,0.0,0.0,0.832218031394068,2.760699080816736,3.592917112210804,0.2901917404129794,5.803834808259587,5.0,0.0019501736959339955
2012-01-01 11:00:00,0.5909342416646558,0.0,0.0,1.083659043072512,0.0,0.0,0.0,0.0,0.0,0.0,0.5793479471958574,0.5909342416646558,3.425619419624491,5.0,0.0,0.0,0.7934673026595326,2.6321521169649587,3.425619419624491,0.2901917404129794,5.803834808259587,5.0,0.0
2012-01-01 12:00:00,0.6528145260986068,0.0,0.0,1.0725874062912162,0.0,0.0,0.0,0.0,0.0,0.0,0.5793479471958574,0.6528145260986068,3.377820078885545,5.0,0.0,0.0,0.7823956658782368,2.5954244130073083,3.377820078885545,0.2901917404129794,5.803834808259587,5.0,0.0
2012-01-01 13:00:00,0.6467713344791491,0.0,0.0,1.068896860697451,0.0,0.0,0.0,0.0,0.0,0.0,0.5793479471958574,0.6467713344791491,3.3618869653058963,5.0,0.0,0.0,0.7787051202844716,2.5831818450214246,3.3618869653058963,0.2901917404129794,5.803834808259587,5.0,0.0
2012-01-01 14:00:00,0.5761009531441688,0.0,0.0,1.0910401342600426,0.0,0.0,0.0,0.0,0.0,0.0,0.5793479471958574,0.5761009531441688,3.457485646783789,5.0,0.0,0.0,0.8008483938470632,2.6566372529367257,3.457485646783789,0.2901917404129794,5.803834808259587,5.0,0.0
2012-01-01 15:00:00,0.5235102029351693,0.0,0.0,1.1261003174008126,0.0,0.0,0.0,0.0,0.0,0.0,0.5793479471958574,0.5235102029351693,3.6088502257904524,5.0,0.0,0.0,0.8359085769878332,2.7729416488026195,3.6088502257904524,0.2901917404129794,5.803834808259587,5.0,0.0
2012-01-01 16:00:00,0.5254580084984655,0.0,0.0,1.174077410119761,0.0,0.0,0.0,0.0,0.0,0.0,0.5793479471958574,0.5254580084984655,3.815980702325887,5.0,0.0,0.0,0.8838856697067817,2.9320950326191055,3.815980702325887,0.2901917404129794,5.803834808259587,5.0,0.0
2012-01-01 17:00:00,0.6426260046905955,0.0,0.0,1.2312808668231225,0.0,0.0,0.0,0.0,0.0,0.0,0.5793479471958574,0.6426260046905955,4.062943962810443,5.0,0.0,0.0,0.9410891264101432,3.1218548364002996,4.062943962810443,0.2901917404129794,5.803834808259587,5.0,0.0
2012-01-01 18:00:00,0.830014888626176,0.0,0.0,1.255269413182597,0.0,0.0,0.0,0.0,0.0,0.0,0.5793479471958574,0.830014888626176,4.166509201078161,5.0,0.0,0.0,0.9650776727696176,3.201431528308543,4.166509201078161,0.2901917404129794,5.803834808259587,5.0,0.0
2012-01-01 19:00:00,0.9343473455935075,0.0,0.0,1.2626505043701277,0.0,0.0,0.0,0.0,0.0,0.0,0.5793479471958574,0.9343473455935075,4.198375428237458,5.0,0.0,0.0,0.9724587639571483,3.22591666428031,4.198375428237458,0.2901917404129794,5.803834808259587,5.0,0.0
2012-01-01 20:00:00,0.8402533537665795,0.0,0.0,1.219144439054187,0.0,0.0,0.0,0.0,0.0,0.0,0.5793479471958574,0.8402533537665795,4.007178065281672,5.0,0.0,0.0,0.9281722168319648,3.0790058484497074,4.007178065281672,0.2909722222222222,5.819444444444444,5.0,0.0
2012-01-01 21:00:00,0.7040567955330165,0.0,0.0,1.273307270449176,0.0,0.0,0.0,0.0,0.7516622251948335,0.0,1.3310101723906909,0.7040567955330165,3.489351873943087,5.0,0.0,0.0,0.9823350482269537,3.2586790509109673,4.241014099137921,0.2909722222222222,5.819444444444444,5.0,0.0
2012-01-01 22:00:00,0.5826935258199407,0.0,0.0,0.8427087884901298,0.0,0.0,0.0,0.0,0.0,0.0,1.3310101723906909,0.5826935258199407,2.382000480157495,5.0,0.0,0.0,0.5517365662679076,1.8302639138895878,2.382000480157495,0.2909722222222222,5.819444444444444,5.0,0.0
2012-01-01 23:00:00,0.4314639041363219,0.0,0.0,0.6932416919426364,0.0,0.0,0.0,0.0,0.0,0.0,1.3310101723906909,0.4314639041363219,1.7367093801817188,5.0,0.0,0.0,0.4022694697204142,1.3344399104613047,1.7367093801817188,0.2909722222222222,5.819444444444444,5.0,0.0
2012-01-02 00:00:00,0.2912219035789898,0.0,0.0,1.1450263488291763,0.0,0.0,0.0,0.0,0.0,0.0,1.3310101723906909,0.2912219035789898,4.9433977725154215,0.0,0.0,0.0,1.1450263488291763,3.798371423686245,4.9433977725154215,0.0,0.0,0.0,0.0
2012-01-02 01:00:00,0.215507205272396,0.0,0.0,1.1625746453629568,0.0,0.0,0.0,0.0,0.0,0.0,1.3310101723906909,0.215507205272396,5.019158657917957,0.0,0.0,0.0,1.1625746453629568,3.856584012555,5.019158657917957,0.0,0.0,0.0,0.0
2012-01-02 02:00:00,0.19752746161119958,0.0,0.0,1.3100684757896757,0.0,0.0,0.0,0.0,0.48525018954043375,0.0,1.8162603619311246,0.19752746161119958,5.170680428723027,0.0,0.0,0.0,1.3100684757896757,4.345862142473785,5.6559306182634606,0.0,0.0,0.0,0.0
2012-01-02 03:00:00,0.1923333134424095,0.0,0.0,1.2634773504321946,0.0,0.0,0.0,0.0,0.0,0.0,1.8162603619311246,0.1923333134424095,5.454783748982534,0.0,0.0,0.0,1.2634773504321946,4.191306398550339,5.454783748982534,0.0,0.0,0.0,0.0
2012-01-02 04:00:00,0.19542982485072669,0.7883568386449745,0.0,1.3100684757896757,0.0,0.0,0.0,0.0,0.0,0.0,1.8162603619311246,0.19542982485072669,6.326033931111689,0.0,0.7883568386449745,0.6701033128482283,1.3100684757896757,4.345862142473785,5.6559306182634606,0.0,0.0,0.0,0.0
2012-01-02 05:00:00,0.23393644252512233,2.9720529473062833,0.0,1.3100684757896757,0.0,0.0,0.0,0.0,0.0,0.0,1.8162603619311246,0.23393644252512233,8.182175623473801,0.0,2.9720529473062833,2.526245005210341,1.3100684757896757,4.345862142473785,5.6559306182634606,0.0,0.0,0.0,0.0
2012-01-02 06:00:00,0.4499430851214405,4.442705428649614,0.0,1.3100684757896757,0.0,0.0,0.0,0.0,0.0,0.9848915102329574,0.8112690249587191,0.4499430851214405,10.41712174284859,0.0,4.442705428649614,3.7762996143521717,1.3100684757896757,4.345862142473785,5.6559306182634606,0.0,0.0,0.0,0.0
2012-01-02 07:00:00,0.6464217283524036,4.442705428649614,0.0,1.3100684757896757,0.0,0.0,0.0,0.0,0.0,0.22728265620760446,0.5793479471958574,0.6464217283524036,9.659512888823237,0.0,4.442705428649614,3.7762996143521717,1.3100684757896757,4.345862142473785,5.6559306182634606,0.0,0.0,0.0,0.0
2012-01-02 08:00:00,0.666748827436034,4.442705428649614,0.0,1.3100684757896757,0.0,0.0,0.0,0.0,0.0,0.0,0.5793479471958574,0.666748827436034,9.432230232615632,0.0,4.442705428649614,3.7762996143521717,1.3100684757896757,4.345862142473785,5.6559306182634606,0.0,0.0,0.0,0.0
2012-01-02 09:00:00,0.0,4.108466228344312,0.36913548279173947,0.0,1.9254751463265154,1.9254751463265154,1.3100684757896757,1.3100684757896757,0.0,0.0,0.5793479471958574,0.6154066705368397,9.148126912356126,0.0,4.108466228344312,3.4921962940926656,1.3100684757896757,4.345862142473785,5.6559306182634606,0.0,0.0,0.0,2.294610629118255
2012-01-02 10:00:00,0.0,3.7519444146853216,0.9298768081985584,0.0,1.8904645899195747,1.8904645899195747,1.3100684757896757,1.3100684757896757,0.0,0.0,0.5793479471958574,0.580396114129899,8.845083370745984,0.0,3.7519444146853216,3.1891527524825234,1.3100684757896757,4.345862142473785,5.6559306182634606,0.0,0.0,0.0,2.820341398118133
2012-01-02 11:00:00,0.0,3.2840095342578994,1.1851011612304823,0.0,1.9010027174543316,1.9010027174543316,1.3100684757896757,1.3100684757896757,0.0,0.0,0.5793479471958574,0.5909342416646558,8.447338722382675,0.0,3.284009534257899,2.7914081041192143,1.3100684757896757,4.345862142473785,5.6559306182634606,0.0,0.0,0.0,3.086103878684814
2012-01-02 12:00:00,0.0,3.1280312407820903,1.091811692214979,0.0,1.9628830018882826,1.9628830018882826,1.3100684757896757,1.3100684757896757,0.0,0.0,0.5793479471958574,0.6528145260986068,8.314757172928237,0.0,3.1280312407820903,2.6588265546647767,1.3100684757896757,4.345862142473785,5.6559306182634606,0.0,0.0,0.0,3.0546946941032616
2012-01-02 13:00:00,0.0,3.0611834007210295,0.7634609903888898,0.0,1.956839810268825,1.956839810268825,1.3100684757896757,1.3100684757896757,0.0,0.0,0.5793479471958574,0.6467713344791491,8.257936508876336,0.0,3.0611834007210295,2.602005890612875,1.3100684757896757,4.345862142473785,5.6559306182634606,0.0,0.0,0.0,2.7203008006577147
2012-01-02 14:00:00,0.0,3.35085737431896,0.20623303314525487,0.0,1.8861694289338444,1.8861694289338444,1.3100684757896757,1.3100684757896757,0.0,0.0,0.5793479471958574,0.5761009531441688,8.504159386434576,0.0,3.35085737431896,2.848228768171116,1.3100684757896757,4.345862142473785,5.6559306182634606,0.0,0.0,0.0,2.0924024620790993
2012-01-02 15:00:00,0.5235102029351693,3.529118281148452,0.0,1.3100684757896757,0.0,0.0,0.0,0.0,0.0,0.0,0.5793479471958574,0.5235102029351693,8.655681157239645,0.0,3.529118281148452,2.9997505389761843,1.3100684757896757,4.345862142473785,5.6559306182634606,0.0,0.0,0.0,0.0
2012-01-02 16:00:00,0.5254580084984655,4.086183614990625,0.0,1.3100684757896757,0.0,0.0,0.0,0.0,0.0,0.0,0.5793479471958574,0.5254580084984655,9.129186691005492,0.0,4.086183614990625,3.473256072742031,1.3100684757896757,4.345862142473785,5.6559306182634606,0.0,0.0,0.0,0.0
2012-01-02 17:00:00,0.6426260046905955,4.2421619084664295,0.0,1.3100684757896757,0.0,0.0,0.0,0.0,0.0,0.0,0.5793479471958574,0.6426260046905955,9.261768240459926,0.0,4.2421619084664295,3.605837622196465,1.3100684757896757,4.345862142473785,5.6559306182634606,0.0,0.0,0.0,0.0
2012-01-02 18:00:00,0.830014888626176,4.309009748527493,0.0,1.3100684757896757,0.0,0.0,0.0,0.0,0.0,0.0,0.5793479471958574,0.830014888626176,9.318588904511829,0.0,4.309009748527492,3.6626582862483685,1.3100684757896757,4.345862142473785,5.6559306182634606,0.0,0.0,0.0,0.0
2012-01-02 19:00:00,0.9343473455935075,4.130748841697996,0.0,1.3100684757896757,0.0,0.0,0.0,0.0,0.0,0.0,0.5793479471958574,0.9343473455935075,9.167067133706757,0.0,4.130748841697996,3.5111365154432965,1.3100684757896757,4.345862142473785,5.6559306182634606,0.0,0.0,0.0,0.0
2012-01-02 20:00:00,0.8402533537665795,3.7073791879779487,0.0,1.3100684757896757,0.0,0.0,0.0,0.0,0.0,0.0,0.5793479471958574,0.8402533537665795,8.807202928044717,0.0,3.7073791879779487,3.1512723097812563,1.3100684757896757,4.345862142473785,5.6559306182634606,0.0,0.0,0.0,0.0
2012-01-02 21:00:00,0.7040567955330165,2.548683293586234,0.0,1.3100684757896757,0.0,0.0,0.0,0.0,0.0,0.0,0.5793479471958574,0.7040567955330165,7.822311417811759,0.0,2.548683293586234,2.166380799548299,1.3100684757896757,4.345862142473785,5.6559306182634606,0.0,0.0,0.0,0.0
2012-01-02 22:00:00,0.5826935258199407,0.40955241163229816,0.0,1.3100684757896757,0.0,0.0,0.0,0.0,0.0,0.0,0.5793479471958574,0.5826935258199407,6.004050168150914,0.0,0.40955241163229816,0.3481195498874534,1.3100684757896757,4.345862142473785,5.6559306182634606,0.0,0.0,0.0,0.0
2012-01-02 23:00:00,0.4314639041363219,0.0,0.0,1.1888970901636273,0.0,0.0,0.0,0.0,0.0,0.0,0.5793479471958574,0.4314639041363219,5.132799986021759,0.0,0.0,0.0,1.1888970901636273,3.9439028958581317,5.132799986021759,0.0,0.0,0.0,0.0
2012-01-03 00:00:00,0.2912219035789898,0.0,0.0,0.38375184341457996,0.0,0.0,0.0,0.0,0.0,0.0,0.5793479471958574,0.2912219035789898,1.6567636280807856,0.0,0.0,0.0,0.38375184341457996,1.2730117846662057,1.6567636280807856,0.0,0.0,0.0,0.0
2012-01-03 01:00:00,0.215507205272396,0.0,0.0,0.4073673414708618,0.0,0.0,0.0,0.0,0.0,0.0,0.5793479471958574,0.215507205272396,1.758718312885757,0.0,0.0,0.0,0.4073673414708618,1.3513509714148952,1.758718312885757,0.0,0.0,0.0,0.0
2012-01-03 02:00:00,0.19752746161119958,0.0,0.0,0.42507896501307324,0.0,0.0,0.0,0.0,0.0,0.0,0.5793479471958574,0.19752746161119958,1.8351843264894858,0.0,0.0,0.0,0.42507896501307324,1.4101053614764125,1.8351843264894858,0.0,0.0,0.0,0.0
2012-01-03 03:00:00,0.1923333134424095,0.0,0.0,0.48805362649649153,0.0,0.0,0.0,0.0,0.0,0.0,0.5793479471958574,0.1923333134424095,2.1070634859694097,0.0,0.0,0.0,0.48805362649649153,1.6190098594729183,2.1070634859694097,0.0,0.0,0.0,0.0
2012-01-03 04:00:00,0.19542982485072669,0.0,0.0,0.6454902802050372,0.0,0.0,0.0,0.0,0.0,0.0,0.5793479471958574,0.19542982485072669,2.7867613846692194,0.0,0.0,0.0,0.6454902802050372,2.1412711044641823,2.7867613846692194,0.0,0.0,0.0,0.0
2012-01-03 05:00:00,0.23393644252512233,0.0,0.0,0.954459713108058,0.0,0.0,0.0,0.0,0.0,0.0,0.5793479471958574,0.23393644252512233,4.120668510867596,0.0,0.0,0.0,0.954459713108058,3.1662087977595377,4.120668510867596,0.0,0.0,0.0,0.0
2012-01-03 06:00:00,0.4499430851214405,0.0,0.0,1.2201340662412288,0.0,0.0,0.0,0.0,0.0,0.0,0.5793479471958574,0.4499430851214405,5.267658714923524,0.0,0.0,0.0,1.2201340662412288,4.047524648682296,5.267658714923524,0.0,0.0,0.0,0.0
2012-01-03 07:00:00,0.6464217283524036,0.0,0.0,1.1374798230442422,0.0,0.0,0.0,0.0,0.0,0.0,0.5793479471958574,0.6464217283524036,4.910817318106123,0.0,0.0,0.0,1.1374798230442422,3.7733374950618814,4.910817318106123,0.0,0.0,0.0,0.0
2012-01-03 08:00:00,0.666748827436034,0.0,0.0,1.0371139563050444,0.0,0.0,0.0,0.0,0.0,0.0,0.5793479471958574,0.666748827436034,4.477509907684995,0.0,0.0,0.0,1.0371139563050444,3.440395951379951,4.477509907684995,0.0,0.0,0.0,0.0
2012-01-03 09:00:00,0.32706589533880764,0.0,0.0,0.9564276712794146,0.2883407751980321,0.2883407751980321,0.0,0.0,0.0,0.0,0.5793479471958574,0.6154066705368397,4.129164734601343,0.0,0.0,0.0,0.9564276712794146,3.1727370633219283,4.129164734601343,0.0,0.0,0.0,0.2883407751980321
2012-01-03 10:00:00,0.1844389820673693,0.0,0.0,0.8875491352819261,0.3959571320625297,0.3959571320625297,0.0,0.0,0.0,0.0,0.5793479471958574,0.580396114129899,3.8317969039201767,0.0,0.0,0.0,0.8875491352819261,2.9442477686382507,3.8317969039201767,0.0,0.0,0.0,0.3959571320625297
2012-01-03 11:00:00,0.15702039424850134,0.0,0.0,0.8462220136834327,0.43391384741615446,0.43391384741615446,0.0,0.0,0.0,0.0,0.5793479471958574,0.5909342416646558,3.653376205511476,0.0,0.0,0.0,0.8462220136834327,2.8071541918280434,3.653376205511476,0.0,0.0,0.0,0.43391384741615446
2012-01-03 12:00:00,0.2336422855791458,0.0,0.0,1.1237224407559208,0.419172240519461,0.419172240519461,0.0,0.0,0.0,0.0,0.5793479471958574,0.6528145260986068,3.6023988631089905,5.0,0.0,0.0,0.8344142646552919,2.767984598453699,3.6023988631089905,0.2893081761006289,5.786163522012578,5.0,0.419172240519461
2012-01-03 13:00:00,0.29260533052613663,0.0,0.0,1.1197865244132073,0.3541660039530125,0.3541660039530125,0.0,0.0,0.0,0.0,0.5793479471958574,0.6467713344791491,3.5854064156414958,5.0,0.0,0.0,0.8304783483125784,2.7549280673289176,3.5854064156414958,0.2893081761006289,5.786163522012578,5.0,0.3541660039530125
2012-01-03 14:00:00,0.34063834420174727,0.0,0.0,1.143402022469489,0.2354626089424215,0.2354626089424215,0.0,0.0,0.0,0.0,0.5793479471958574,0.5761009531441688,3.687361100446467,5.0,0.0,0.0,0.8540938463688601,2.8332672540776067,3.687361100446467,0.2893081761006289,5.786163522012578,5.0,0.2354626089424215
2012-01-03 15:00:00,0.5235102029351693,0.0,0.0,1.1807932277252686,0.0,0.0,0.0,0.0,0.0,0.0,0.5793479471958574,0.5235102029351693,3.8487893513876714,5.0,0.0,0.0,0.8914850516246396,2.957304299763032,3.8487893513876714,0.2893081761006289,5.786163522012578,5.0,0.0
2012-01-03 16:00:00,0.5254580084984655,0.0,0.0,1.2319601401805458,0.0,0.0,0.0,0.0,0.0,0.0,0.5793479471958574,0.5254580084984655,4.069691168465109,5.0,0.0,0.0,0.9426519640799169,3.1270392043851922,4.069691168465109,0.2893081761006289,5.786163522012578,5.0,0.0
2012-01-03 17:00:00,0.6426260046905955,0.0,0.0,1.2929668434926074,0.0,0.0,0.0,0.0,0.0,0.0,0.5793479471958574,0.6426260046905955,4.333074104211286,5.0,0.0,0.0,1.0036586673919785,3.3294154368193074,4.333074104211286,0.2893081761006289,5.786163522012578,5.0,0.0
2012-01-03 18:00:00,0.830014888626176,0.0,0.0,1.029242123619617,0.0,0.0,0.0,0.0,0.0,0.0,0.5793479471958574,0.830014888626176,4.443525012750005,0.0,0.0,0.0,1.029242123619617,3.414282889130388,4.443525012750005,0.0,0.0,0.0,0.0
2012-01-03 19:00:00,0.9343473455935075,0.0,0.0,1.0371139563050444,0.0,0.0,0.0,0.0,0.0,0.0,0.5793479471958574,0.9343473455935075,4.477509907684995,0.0,0.0,0.0,1.0371139563050444,3.440395951379951,4.477509907684995,0.0,0.0,0.0,0.0
2012-01-03 20:00:00,0.8402533537665795,0.0,0.0,0.9898829601924806,0.0,0.0,0.0,0.0,0.0,0.0,0.5793479471958574,0.8402533537665795,4.273600538075052,0.0,0.0,0.0,0.9898829601924806,3.283717577882572,4.273600538075052,0.0,0.0,0.0,0.0
2012-01-03 21:00:00,0.7040567955330165,0.0,0.0,0.8619656790542872,0.0,0.0,0.0,0.0,0.0,0.0,0.5793479471958574,0.7040567955330165,3.7213459953814567,0.0,0.0,0.0,0.8619656790542872,2.8593803163271696,3.7213459953814567,0.0,0.0,0.0,0.0
2012-01-03 22:00:00,0.5826935258199407,0.0,0.0,0.5884194932356893,0.0,0.0,0.0,0.0,0.0,0.0,0.5793479471958574,0.5826935258199407,2.540370896390538,0.0,0.0,0.0,0.5884194932356893,1.9519514031548488,2.540370896390538,0.0,0.0,0.0,0.0
2012-01-03 23:00:00,0.4314639041363219,0.0,0.0,0.4290148813557868,0.0,0.0,0.0,0.0,0.0,0.0,0.5793479471958574,0.4314639041363219,1.8521767739569808,0.0,0.0,0.0,0.4290148813557868,1.423161892601194,1.8521767739569808,0.0,0.0,0.0,0.0
2012-01-04 00:00:00,0.42097572033395736,0.0,0.0,0.4407008958459319,0.0,0.0,0.0,0.0,0.0,0.0,0.5793479471958574,0.42097572033395736,1.9026285544415402,0.0,0.0,0.0,0.4407008958459319,1.4619276585956085,1.9026285544415402,0.0,0.0,0.0,0.0
2012-01-04 01:00:00,0.3106500154795604,0.0,0.0,0.46782095097491233,0.0,0.0,0.0,0.0,0.0,0.0,0.5793479471958574,0.3106500154795604,2.0197133885610197,0.0,0.0,0.0,0.46782095097491233,1.5518924375861074,2.0197133885610197,0.0,0.0,0.0,0.0
2012-01-04 02:00:00,0.24422485139791808,0.0,0.0,0.4881609923216478,0.0,0.0,0.0,0.0,0.0,0.0,0.5793479471958574,0.24422485139791808,2.1075270141506297,0.0,0.0,0.0,0.4881609923216478,1.619366021828982,2.1075270141506297,0.0,0.0,0.0,0.0
2012-01-04 03:00:00,0.2212007907651082,0.0,0.0,0.5604811393322621,0.0,0.0,0.0,0.0,0.0,0.0,0.5793479471958574,0.2212007907651082,2.419753238469241,0.0,0.0,0.0,0.5604811393322621,1.8592720991369789,2.419753238469241,0.0,0.0,0.0,0.0
2012-01-04 04:00:00,0.215507205272396,0.0,0.0,0.7412815068587983,0.0,0.0,0.0,0.0,0.0,0.0,0.5793479471958574,0.215507205272396,3.2003187992657707,0.0,0.0,0.0,0.7412815068587983,2.4590372924069723,3.2003187992657707,0.0,0.0,0.0,0.0
2012-01-04 05:00:00,0.21605658632871036,0.0,0.0,1.0961022281296255,0.0,0.0,0.0,0.0,0.0,0.0,0.5793479471958574,0.21605658632871036,4.73217871232896,0.0,0.0,0.0,1.0961022281296255,3.636076484199334,4.73217871232896,0.0,0.0,0.0,0.0
2012-01-04 06:00:00,0.2284925756943712,0.4628852681289911,0.0,1.3100684757896757,0.0,0.0,0.0,0.0,0.0,0.0,0.5793479471958574,0.2284925756943712,6.049383096173103,0.0,0.4628852681289911,0.39345247790964244,1.3100684757896757,4.345862142473785,5.6559306182634606,0.0,0.0,0.0,0.0
2012-01-04 07:00:00,0.3274311095633437,0.0,0.0,1.3062826553792237,0.0,0.0,0.0,0.0,0.0,0.0,0.5793479471958574,0.3274311095633437,5.639586176754924,0.0,0.0,0.0,1.3062826553792237,4.333303521375701,5.639586176754924,0.0,0.0,0.0,0.0
2012-01-04 08:00:00,0.5554741916661851,0.0,0.0,1.191022421081057,0.0,0.0,0.0,0.0,0.0,0.0,0.5793479471958574,0.5554741916661851,5.141975631747137,0.0,0.0,0.0,1.191022421081057,3.95095321066608,5.141975631747137,0.0,0.0,0.0,0.0
2012-01-04 09:00:00,0.033040967245344444,0.0,0.0,1.0983622327237073,0.7637613393400103,0.7637613393400103,0.0,0.0,0.0,0.0,0.5793479471958574,0.7968023065853548,4.741935781838916,0.0,0.0,0.0,1.0983622327237073,3.643573549115209,4.741935781838916,0.0,0.0,0.0,0.7637613393400103
2012-01-04 10:00:00,0.0,0.0,0.0,0.762556268528327,1.1811143462499778,1.1811143462499778,0.2567058034025206,0.2567058034025206,0.0,0.0,0.5793479471958574,0.9244085428474572,4.400438348990434,0.0,0.0,0.0,1.0192620719308476,3.381176277059587,4.400438348990434,0.0,0.0,0.0,1.1811143462499778
2012-01-04 11:00:00,0.006899566892107023,0.0,0.0,0.971801975455132,1.0178958780636969,1.0178958780636969,0.0,0.0,0.0,0.0,0.5793479471958574,1.0247954449558039,4.195539889281346,0.0,0.0,0.0,0.971801975455132,3.2237379138262137,4.195539889281346,0.0,0.0,0.0,1.0178958780636969
2012-01-04 12:00:00,0.17447218554340904,0.0,0.0,0.9582419478906418,0.8633585735667622,0.8633585735667622,0.0,0.0,0.0,0.0,0.5793479471958574,1.0378307591101712,4.136997472221606,0.0,0.0,0.0,0.9582419478906418,3.178755524330964,4.136997472221606,0.0,0.0,0.0,0.8633585735667622
2012-01-04 13:00:00,0.0,0.0,0.0,0.8441987616780103,0.9518242238191281,0.9518242238191281,0.1095231770244679,0.1095231770244679,0.0,0.0,0.5793479471958574,0.8423010467946602,4.117483333201692,0.0,0.0,0.0,0.9537219387024782,3.163761394499214,4.117483333201692,0.0,0.0,0.0,0.9518242238191281
2012-01-04 14:00:00,0.0,0.0,1.0471407877706753,0.0,1.6612254602105667,1.6612254602105667,0.9808419938314589,0.9808419938314589,0.0,0.0,0.5793479471958574,0.6803834663791078,4.234568167321172,0.0,0.0,0.0,0.9808419938314589,3.2537261734897136,4.234568167321172,0.0,0.0,0.0,2.708366247981242
2012-01-04 15:00:00,0.6043691056781608,0.0,0.0,1.023782081119011,0.0,0.0,0.0,0.0,0.0,0.0,0.5793479471958574,0.6043691056781608,4.419952488010347,0.0,0.0,0.0,1.023782081119011,3.3961704068913363,4.419952488010347,0.0,0.0,0.0,0.0
2012-01-04 16:00:00,0.5358962485684379,0.0,0.0,1.0825422005651353,0.0,0.0,0.0,0.0,0.0,0.0,0.5793479471958574,0.5358962485684379,4.673636295269219,0.0,0.0,0.0,1.0825422005651353,3.5910940947040837,4.673636295269219,0.0,0.0,0.0,0.0
2012-01-04 17:00:00,0.5581212094829723,0.0,0.0,1.152602342981668,0.0,0.0,0.0,0.0,0.0,0.0,0.5793479471958574,0.5581212094829723,4.976105450077875,0.0,0.0,0.0,1.152602342981668,3.823503107096207,4.976105450077875,0.0,0.0,0.0,0.0
2012-01-04 18:00:00,0.68697603905488,0.0,0.0,1.1819824027047303,0.0,0.0,0.0,0.0,0.0,0.0,0.5793479471958574,0.68697603905488,5.102947353707311,0.0,0.0,0.0,1.1819824027047303,3.920964951002581,5.102947353707311,0.0,0.0,0.0,0.0
2012-01-04 19:00:00,0.80369454165548,0.0,0.0,1.191022421081057,0.0,0.0,0.0,0.0,0.0,0.0,0.5793479471958574,0.80369454165548,5.141975631747137,0.0,0.0,0.0,1.191022421081057,3.95095321066608,5.141975631747137,0.0,0.0,0.0,0.0
2012-01-04 20:00:00,0.7727294275723084,0.0,0.0,1.136782310823096,0.0,0.0,0.0,0.0,0.0,0.0,0.5793479471958574,0.7727294275723084,4.907805963508178,0.0,0.0,0.0,1.136782310823096,3.771023652685082,4.907805963508178,0.0,0.0,0.0,0.0
2012-01-04 21:00:00,0.7187901965887192,0.0,0.0,0.9898820122077856,0.0,0.0,0.0,0.0,0.0,0.0,0.5793479471958574,0.7187901965887192,4.273596445360998,0.0,0.0,0.0,0.9898820122077856,3.2837144331532127,4.273596445360998,0.0,0.0,0.0,0.0
2012-01-04 22:00:00,0.6375317439865897,0.0,0.0,0.675741373630429,0.0,0.0,0.0,0.0,0.0,0.0,0.5793479471958574,0.6375317439865897,2.9173637834770285,0.0,0.0,0.0,0.675741373630429,2.2416224098465998,2.9173637834770285,0.0,0.0,0.0,0.0
2012-01-04 23:00:00,0.4693711970220111,0.0,0.0,0.4926810015098111,0.0,0.0,0.0,0.0,0.0,0.0,0.5793479471958574,0.4693711970220111,2.1270411531705427,0.0,0.0,0.0,0.4926810015098111,1.6343601516607316,2.1270411531705427,0.0,0.0,0.0,0.0
2012-01-05 00:00:00,0.33252537026734935,0.0,0.0,0.35167407735714734,0.0,0.0,0.0,0.0,0.0,0.0,0.5793479471958574,0.33252537026734935,0.2563838363159318,5.0,0.0,0.0,0.059385520143217,0.19699831617271482,0.2563838363159318,0.2922885572139303,5.845771144278607,5.0,0.0
2012-01-05 01:00:00,0.24557333217250782,0.0,0.0,0.35595963035717326,0.0,0.0,0.0,0.0,0.0,0.0,0.5793479471958574,0.24557333217250782,0.2748857626480093,5.0,0.0,0.0,0.06367107314324294,0.21121468950476635,0.2748857626480093,0.2922885572139303,5.845771144278607,5.0,0.0
2012-01-05 02:00:00,0.2212007907651082,0.0,0.0,0.3596232928099356,0.0,0.0,0.0,0.0,0.0,0.0,0.5793479471958574,0.2212007907651082,0.29338768898008694,5.0,0.0,0.0,0.06795662614326893,0.22543106283681802,0.29338768898008694,0.2916666666666667,5.833333333333334,5.0,0.0
2012-01-05 03:00:00,0.21530743034282715,0.0,0.0,0.390234385667264,0.0,0.0,0.0,0.0,0.0,0.0,0.5793479471958574,0.21530743034282715,0.4255443056377837,5.0,0.0,0.0,0.09856771900059728,0.3269765866371865,0.4255443056377837,0.2916666666666667,5.833333333333334,5.0,0.0
2012-01-05 04:00:00,0.22010202865247955,0.0,0.0,0.4698232270963177,0.0,0.0,0.0,0.0,0.0,0.0,0.5793479471958574,0.22010202865247955,0.7691515089477955,5.0,0.0,0.0,0.178156560429651,0.5909949485181445,0.7691515089477955,0.2916666666666667,5.833333333333334,5.0,0.0
2012-01-05 05:00:00,0.26290380731260543,0.0,0.0,0.6987942016691338,0.0,0.0,0.0,0.0,0.0,0.0,0.5793479471958574,0.26290380731260543,1.7576830015473675,5.0,0.0,0.0,0.407127535002467,1.3505554665449004,1.7576830015473675,0.2916666666666667,5.833333333333334,5.0,0.0
2012-01-05 06:00:00,0.4640272176560443,0.0,0.0,0.7992082549312878,0.0,0.0,0.0,0.0,0.0,0.0,0.5793479471958574,0.4640272176560443,2.188513571851459,5.0,0.0,0.0,0.5069196977173575,1.6815938741341017,2.188513571851459,0.2922885572139303,5.845771144278607,5.0,0.0
2012-01-05 07:00:00,0.6478700965917779,0.0,0.0,0.7538517581949583,0.0,0.0,0.0,0.0,0.0,0.0,0.5793479471958574,0.6478700965917779,1.9902786468649138,5.0,0.0,0.0,0.4610030584313649,1.529275588433549,1.9902786468649138,0.2928486997635934,5.856973995271868,5.0,0.0
2012-01-05 08:00:00,0.6865764891957423,0.0,0.0,0.664974523143822,0.0,0.0,0.0,0.0,0.0,0.0,0.5793479471958574,0.6865764891957423,1.604381326224439,5.0,0.0,0.0,0.3716186672879661,1.232762658936473,1.604381326224439,0.2933558558558559,5.867117117117118,5.0,0.0
2012-01-05 09:00:00,0.0,0.0,1.933908014328006,0.0,1.3402352479259259,1.3402352479259259,0.6611503185890154,0.6611503185890154,0.0,0.0,0.5793479471958574,0.6790849293369104,1.5858793998923615,5.0,0.0,0.0,0.36733311428794013,1.2185462856044214,1.5858793998923615,0.2938172043010753,5.876344086021505,5.0,3.274143262253932
2012-01-05 10:00:00,0.0,0.0,2.233674845033031,0.0,1.265703214342697,1.265703214342697,0.606246171835926,0.606246171835926,0.0,0.0,0.5793479471958574,0.659457042506771,1.3453543575753535,5.0,0.0,0.0,0.31162092528760255,1.033733432287751,1.3453543575753535,0.29462524654832345,5.892504930966469,5.0,3.4993780593757275
2012-01-05 11:00:00,0.0,0.0,2.436444343933456,0.0,1.255722061074111,1.255722061074111,0.5900719957507058,0.5900719957507058,0.0,0.0,0.5793479471958574,0.6656500653234054,1.273989784580197,5.0,0.0,0.0,0.29509093514464524,0.9788988494355518,1.273989784580197,0.29498106060606055,5.899621212121211,5.0,3.6921664050075673
2012-01-05 12:00:00,0.0,0.0,2.0571988000637322,0.0,1.313119895094882,1.313119895094882,0.5659117147749939,0.5659117147749939,0.0,0.0,0.5793479471958574,0.747208180319888,1.1682644912540399,5.0,0.0,0.0,0.27060206085878263,0.8976624303952573,1.1682644912540399,0.2953096539162113,5.906193078324225,5.0,3.3703186951586144
2012-01-05 13:00:00,0.0,0.0,1.6087248792412137,0.0,1.2652299153712159,1.2652299153712159,0.5377495093462518,0.5377495093462518,0.0,0.0,0.5793479471958574,0.7274804060249641,1.0466804039289588,5.0,0.0,0.0,0.2424398554300405,0.8042405484989182,1.0466804039289588,0.2953096539162113,5.906193078324225,5.0,2.8739547946124295
2012-01-05 14:00:00,0.0,0.0,1.722710801805673,0.0,1.1596083145004423,1.1596083145004423,0.526421675231975,0.526421675231975,0.0,0.0,0.5793479471958574,0.6331866392684673,0.9964608895990339,5.0,0.0,0.0,0.23080764014425573,0.7656532494547782,0.9964608895990339,0.29561403508771933,5.912280701754387,5.0,2.8823191163061153
2012-01-05 15:00:00,0.2435416031790068,0.0,0.0,0.5147894599461903,0.32302009707824936,0.32302009707824936,0.0,0.0,0.0,0.0,0.5793479471958574,0.5665617002572562,0.9462413752691091,5.0,0.0,0.0,0.21917542485847097,0.7270659504106382,0.9462413752691091,0.29561403508771933,5.912280701754387,5.0,0.32302009707824936
2012-01-05 16:00:00,0.5301027756109412,0.0,0.0,0.5395861749176916,0.0,0.0,0.0,0.0,0.0,0.0,0.5793479471958574,0.5301027756109412,1.0546098009284206,5.0,0.0,0.0,0.24427652100148023,0.8103332799269404,1.0546098009284206,0.2953096539162113,5.906193078324225,5.0,0.0
2012-01-05 17:00:00,0.5809954389186055,0.0,0.0,0.5567283869177954,0.0,0.0,0.0,0.0,0.0,0.0,0.5793479471958574,0.5809954389186055,1.1286175062567307,5.0,0.0,0.0,0.2614187330015841,0.8671987732551467,1.1286175062567307,0.2953096539162113,5.906193078324225,5.0,0.0
2012-01-05 18:00:00,0.723434963701195,0.0,0.0,0.5753786711791882,0.0,0.0,0.0,0.0,0.0,0.0,0.5793479471958574,0.723434963701195,1.2105546085845027,5.0,0.0,0.0,0.2803976105731276,0.9301569980113751,1.2105546085845027,0.29498106060606055,5.899621212121211,5.0,0.0
2012-01-05 19:00:00,0.858482816089737,0.0,0.0,0.6099195029788054,0.0,0.0,0.0,0.0,0.0,0.0,0.5793479471958574,0.858482816089737,1.3612131515742771,5.0,0.0,0.0,0.315294256430482,1.0459188951437952,1.3612131515742771,0.29462524654832345,5.892504930966469,5.0,0.0
2012-01-05 20:00:00,0.8393044228511274,0.0,0.0,0.6125940488437869,0.0,0.0,0.0,0.0,0.0,0.0,0.5793479471958574,0.8393044228511274,1.3744288132400468,5.0,0.0,0.0,0.3183553657162148,1.056073447523832,1.3744288132400468,0.29423868312757206,5.88477366255144,5.0,0.0
2012-01-05 21:00:00,0.7788725066565506,0.0,0.0,0.5652273074071061,0.0,0.0,0.0,0.0,0.0,0.0,0.5793479471958574,0.7788725066565506,1.1682644912540399,5.0,0.0,0.0,0.27060206085878263,0.8976624303952573,1.1682644912540399,0.29462524654832345,5.892504930966469,5.0,0.0
2012-01-05 22:00:00,0.6776365610975362,0.0,0.0,0.4821907932715681,0.0,0.0,0.0,0.0,0.0,0.0,0.5793479471958574,0.6776365610975362,0.8114416262782584,5.0,0.0,0.0,0.18795211014399607,0.6234895161342624,0.8114416262782584,0.29423868312757206,5.88477366255144,5.0,0.0
2012-01-05 23:00:00,0.5007858046967126,0.0,0.0,0.38484751798526395,0.0,0.0,0.0,0.0,0.0,0.0,0.5793479471958574,0.5007858046967126,0.3911835853067826,5.0,0.0,0.0,0.09060883485769192,0.3005747504490907,0.3911835853067826,0.29423868312757206,5.88477366255144,5.0,0.0
2012-01-06 00:00:00,0.3678355890686435,0.0,0.0,0.34667632977172264,0.0,0.0,0.0,0.0,0.0,0.0,0.5793479471958574,0.3678355890686435,0.2323888760761328,5.0,0.0,0.0,0.05382763000812922,0.17856124606800358,0.2323888760761328,0.2928486997635934,5.856973995271868,5.0,0.0
2012-01-06 01:00:00,0.2738914284388922,0.0,0.0,0.3500006553669761,0.0,0.0,0.0,0.0,0.0,0.0,0.5793479471958574,0.2738914284388922,0.24915920733935884,5.0,0.0,0.0,0.05771209815304576,0.19144710918631308,0.24915920733935884,0.2922885572139303,5.845771144278607,5.0,0.0
2012-01-06 02:00:00,0.24861989984843277,0.0,0.0,0.3538851235118926,0.0,0.0,0.0,0.0,0.0,0.0,0.5793479471958574,0.24861989984843277,0.26592953860258495,5.0,0.0,0.0,0.061596566297962306,0.20433297230462266,0.26592953860258495,0.2922885572139303,5.845771144278607,5.0,0.0
2012-01-06 03:00:00,0.23403632998990676,0.0,0.0,0.38163132454701076,0.0,0.0,0.0,0.0,0.0,0.0,0.5793479471958574,0.23403632998990676,0.38571761905419977,5.0,0.0,0.0,0.08934276733308046,0.2963748517211193,0.38571761905419977,0.2922885572139303,5.845771144278607,5.0,0.0
2012-01-06 04:00:00,0.24362552660921152,0.0,0.0,0.45377144723831797,0.0,0.0,0.0,0.0,0.0,0.0,0.5793479471958574,0.24362552660921152,0.6971666282283984,5.0,0.0,0.0,0.16148289002438768,0.5356837382040107,0.6971666282283984,0.2922885572139303,5.845771144278607,5.0,0.0
2012-01-06 05:00:00,0.29596655815624995,0.0,0.0,0.6613130309810018,0.0,0.0,0.0,0.0,0.0,0.0,0.5793479471958574,0.29596655815624995,1.5931814700064773,5.0,0.0,0.0,0.3690244737670714,1.2241569962394059,1.5931814700064773,0.2922885572139303,5.845771144278607,5.0,0.0
2012-01-06 06:00:00,0.4889491401197583,0.0,0.0,0.7528329449974125,0.0,0.0,0.0,0.0,0.0,0.0,0.5793479471958574,0.4889491401197583,1.9836906122787414,5.0,0.0,0.0,0.4594770891415566,1.524213523137185,1.9836906122787414,0.2933558558558559,5.867117117117118,5.0,0.0
2012-01-06 07:00:00,0.6478201528593857,0.0,0.0,0.7116749918899548,0.0,0.0,0.0,0.0,0.0,0.0,0.5793479471958574,0.6478201528593857,1.8040084916013195,5.0,0.0,0.0,0.4178577875888794,1.3861507040124401,1.8040084916013195,0.2938172043010753,5.876344086021505,5.0,0.0
2012-01-06 08:00:00,0.7074030256032948,0.0,0.0,0.6306560848674096,0.0,0.0,0.0,0.0,0.0,0.0,0.5793479471958574,0.7074030256032948,1.454227296682604,5.0,0.0,0.0,0.3368388805663344,1.1173884161162697,1.454227296682604,0.2938172043010753,5.876344086021505,5.0,0.0
2012-01-06 09:00:00,0.0,0.0,0.0,0.08055991797050044,1.265751051326595,1.265751051326595,0.5462116987519926,0.5462116987519926,0.0,0.0,0.5793479471958574,0.7195393525746024,1.4374569654193778,5.0,0.0,0.0,0.3329544124214178,1.10450255299796,1.4374569654193778,0.2938172043010753,5.876344086021505,5.0,1.265751051326595
2012-01-06 10:00:00,0.0,0.0,1.0037276890127855,0.0,1.2721115394942388,1.2721115394942388,0.5766950096650749,0.5766950096650749,0.0,0.0,0.5793479471958574,0.6954165298291639,1.219442658997439,5.0,0.0,0.0,0.2824563265375028,0.9369863324599362,1.219442658997439,0.29423868312757206,5.88477366255144,5.0,2.2758392285070244
2012-01-06 11:00:00,0.0,0.0,0.5805325614750201,0.0,1.271099849566708,1.271099849566708,0.5620986245268624,0.5620986245268624,0.0,0.0,0.5793479471958574,0.7090012250398456,1.154757095553567,5.0,0.0,0.0,0.26747337797853904,0.8872837175750281,1.154757095553567,0.29462524654832345,5.892504930966469,5.0,1.8516324110417282
2012-01-06 12:00:00,0.0,0.0,0.6349226804170849,0.0,1.3281635920450543,1.3281635920450543,0.5399016636987679,0.5399016636987679,0.0,0.0,0.5793479471958574,0.7882619283462864,1.0589266311922751,5.0,0.0,0.0,0.2452764171504445,0.8136502140418307,1.0589266311922751,0.29462524654832345,5.892504930966469,5.0,1.9630862724621392
2012-01-06 13:00:00,0.0,0.0,1.183437286596479,0.0,1.2773218227008858,1.2773218227008858,0.5147309728041963,0.5147309728041963,0.0,0.0,0.5793479471958574,0.7625908498966893,0.9487215971767896,5.0,0.0,0.0,0.2197499121981358,0.7289716849786538,0.9487215971767896,0.29498106060606055,5.899621212121211,5.0,2.460759109297365
2012-01-06 14:00:00,0.0,0.0,1.762655936272885,0.0,1.1626245714531835,1.1626245714531835,0.5045160097210022,0.5045160097210022,0.0,0.0,0.5793479471958574,0.6581085617321814,0.9032021266051757,5.0,0.0,0.0,0.20920635580479086,0.6939957708003849,0.9032021266051757,0.2953096539162113,5.906193078324225,5.0,2.9252805077260686
2012-01-06 15:00:00,0.23282703670131355,0.0,0.0,0.49364386001750654,0.36045456038577617,0.36045456038577617,0.0,0.0,0.0,0.0,0.5793479471958574,0.5932815970870897,0.8576826560335622,5.0,0.0,0.0,0.198662799411446,0.6590198566221163,0.8576826560335622,0.29498106060606055,5.899621212121211,5.0,0.36045456038577617
2012-01-06 16:00:00,0.5733041041302048,0.0,0.0,0.5167243381764541,0.0,0.0,0.0,0.0,0.0,0.0,0.5793479471958574,0.5733041041302048,0.9559088820038864,5.0,0.0,0.0,0.22141468426024286,0.7344941977436436,0.9559088820038864,0.2953096539162113,5.906193078324225,5.0,0.0
2012-01-06 17:00:00,0.6117607780722083,0.0,0.0,0.5322622107561203,0.0,0.0,0.0,0.0,0.0,0.0,0.5793479471958574,0.6117607780722083,1.022990207056791,5.0,0.0,0.0,0.2369525568399091,0.7860376502168819,1.022990207056791,0.2953096539162113,5.906193078324225,5.0,0.0
2012-01-06 18:00:00,0.710050043420082,0.0,0.0,0.5491362620877429,0.0,0.0,0.0,0.0,0.0,0.0,0.5793479471958574,0.710050043420082,1.0972588169367918,5.0,0.0,0.0,0.2541552014816823,0.8431036154551096,1.0972588169367918,0.29498106060606055,5.899621212121211,5.0,0.0
2012-01-06 19:00:00,0.8249206279221704,0.0,0.0,0.5804111172100405,0.0,0.0,0.0,0.0,0.0,0.0,0.5793479471958574,0.8249206279221704,1.233817228651633,5.0,0.0,0.0,0.285785870661717,0.9480313579899159,1.233817228651633,0.29462524654832345,5.892504930966469,5.0,0.0
2012-01-06 20:00:00,0.8319626941894723,0.0,0.0,0.5831857373135523,0.0,0.0,0.0,0.0,0.0,0.0,0.5793479471958574,0.8319626941894723,1.2457960366967942,5.0,0.0,0.0,0.28856049076522877,0.9572355459315655,1.2457960366967942,0.29462524654832345,5.892504930966469,5.0,0.0
2012-01-06 21:00:00,0.7868635038393046,0.0,0.0,0.5395151002780165,0.0,0.0,0.0,0.0,0.0,0.0,0.5793479471958574,0.7868635038393046,1.0589266311922751,5.0,0.0,0.0,0.2452764171504445,0.8136502140418307,1.0589266311922751,0.29423868312757206,5.88477366255144,5.0,0.0
2012-01-06 22:00:00,0.7217368767998599,0.0,0.0,0.4641788786567007,0.0,0.0,0.0,0.0,0.0,0.0,0.5793479471958574,0.7217368767998599,0.735498813972915,5.0,0.0,0.0,0.17036167435562546,0.5651371396172896,0.735498813972915,0.2938172043010753,5.876344086021505,5.0,0.0
2012-01-06 23:00:00,0.5597693526519153,0.0,0.0,0.3754846109198056,0.0,0.0,0.0,0.0,0.0,0.0,0.5793479471958574,0.5597693526519153,0.3545727181367799,5.0,0.0,0.0,0.08212875506394973,0.27244396307283014,0.3545727181367799,0.2933558558558559,5.867117117117118,5.0,0.0
2012-01-07 00:00:00,0.41453297885536194,0.0,0.0,0.31365605319245154,0.0,0.0,0.0,0.0,0.0,0.0,0.5793479471958574,0.41453297885536194,0.07789241898390764,5.0,0.0,0.0,0.018042018104732226,0.05985040087917542,0.07789241898390764,0.29561403508771933,5.912280701754387,5.0,0.0
2012-01-07 01:00:00,0.3212880304791016,0.0,0.0,0.31622199308306,0.0,0.0,0.0,0.0,0.0,0.0,0.5793479471958574,0.3212880304791016,0.09028439473134749,5.0,0.0,0.0,0.020912339166848714,0.06937205556449877,0.09028439473134749,0.2953096539162113,5.906193078324225,5.0,0.0
2012-01-07 02:00:00,0.26125566414366247,0.0,0.0,0.3129416261549269,0.0,0.0,0.0,0.0,0.0,0.0,0.5793479471958574,0.26125566414366247,0.07612213673427337,5.0,0.0,0.0,0.01763197223871558,0.05849016449555779,0.07612213673427337,0.2953096539162113,5.906193078324225,5.0,0.0
2012-01-07 03:00:00,0.24991843689063029,0.0,0.0,0.3281133231975426,0.0,0.0,0.0,0.0,0.0,0.0,0.5793479471958574,0.24991843689063029,0.14162257997074115,5.0,0.0,0.0,0.03280366928133131,0.10881891068940984,0.14162257997074115,0.2953096539162113,5.906193078324225,5.0,0.0
2012-01-07 04:00:00,0.25211596111588763,0.0,0.0,0.37329982101523906,0.0,0.0,0.0,0.0,0.0,0.0,0.5793479471958574,0.25211596111588763,0.3381239096801445,5.0,0.0,0.0,0.07831876040917851,0.259805149270966,0.3381239096801445,0.29498106060606055,5.899621212121211,5.0,0.0
2012-01-07 05:00:00,0.25785949034099204,0.0,0.0,0.5422387178140953,0.0,0.0,0.0,0.0,0.0,0.0,0.5793479471958574,0.25785949034099204,1.0674801965294614,5.0,0.0,0.0,0.24725765720803478,0.8202225393214266,1.0674801965294614,0.29498106060606055,5.899621212121211,5.0,0.0
2012-01-07 06:00:00,0.3181915190707844,0.0,0.0,0.68452463332187,0.0,0.0,0.0,0.0,0.0,0.0,0.5793479471958574,0.3181915190707844,1.6817681371525512,5.0,0.0,0.0,0.38954357271580936,1.2922245644367418,1.6817681371525512,0.29498106060606055,5.899621212121211,5.0,0.0
2012-01-07 07:00:00,0.46502609230388864,0.0,0.0,0.6242478910174236,0.0,0.0,0.0,0.0,0.0,0.0,0.5793479471958574,0.46502609230388864,1.4215366464563142,5.0,0.0,0.0,0.32926683041136307,1.092269816044951,1.4215366464563142,0.29498106060606055,5.899621212121211,5.0,0.0
2012-01-07 08:00:00,0.6411276927188292,0.0,0.0,0.5463391764742618,0.0,0.0,0.0,0.0,0.0,0.0,0.5793479471958574,0.6411276927188292,1.085183019025804,5.0,0.0,0.0,0.25135811586820117,0.8338249031576029,1.085183019025804,0.29498106060606055,5.899621212121211,5.0,0.0
2012-01-07 09:00:00,0.0,0.0,2.247609345205567,0.0,1.3133644987161608,1.3133644987161608,0.5354908667074546,0.5354908667074546,0.0,0.0,0.5793479471958574,0.7778736320087063,1.0356151160360447,5.0,0.0,0.0,0.23987683161973525,0.7957382844163094,1.0356151160360447,0.29561403508771933,5.912280701754387,5.0,3.5609738439217278
2012-01-07 10:00:00,0.0,0.0,1.6906355669967748,0.0,1.3356266743277363,1.3356266743277363,0.5122543021097243,0.5122543021097243,0.0,0.0,0.5793479471958574,0.8233723722180118,0.9329387455572573,5.0,0.0,0.0,0.21609417139077003,0.7168445741664873,0.9329387455572573,0.29616013071895425,5.923202614379085,5.0,3.026262241324511
2012-01-07 11:00:00,0.0,0.0,0.5049232809553337,0.0,1.3745680925665562,1.3745680925665562,0.5198810001386273,0.5198810001386273,0.0,0.0,0.5793479471958574,0.8546870924279288,0.9648038260506742,5.0,0.0,0.0,0.22347499697906958,0.7413288290716046,0.9648038260506742,0.2964060031595577,5.928120063191153,5.0,1.8794913735218899
2012-01-07 12:00:00,0.6692309808891649,0.0,0.0,0.5106141186456576,0.2403442734378053,0.2403442734378053,0.0,0.0,0.0,0.0,0.5793479471958574,0.9095752543269702,0.9258576165587202,5.0,0.0,0.0,0.21445398792670345,0.7114036286320168,0.9258576165587202,0.29616013071895425,5.923202614379085,5.0,0.2403442734378053
2012-01-07 13:00:00,0.8321161427904171,0.0,0.0,0.46670882591116736,0.04679365984773461,0.04679365984773461,0.0,0.0,0.0,0.0,0.5793479471958574,0.8789098026381518,0.7399779803471225,5.0,0.0,0.0,0.1713991719949561,0.5685788083521663,0.7399779803471225,0.2953096539162113,5.906193078324225,5.0,0.04679365984773461
2012-01-07 14:00:00,0.3371854653407452,0.0,0.0,0.4590771212662619,0.44783012040004744,0.44783012040004744,0.0,0.0,0.0,0.0,0.5793479471958574,0.7850155857407927,0.7116534643529743,5.0,0.0,0.0,0.16483843813868984,0.5468150262142845,0.7116534643529743,0.29423868312757206,5.88477366255144,5.0,0.44783012040004744
2012-01-07 15:00:00,0.7141354644829524,0.0,0.0,0.44144514902754634,0.02682974928790909,0.02682974928790909,0.0,0.0,0.0,0.0,0.5793479471958574,0.7409652137708614,0.6355313276187009,5.0,0.0,0.0,0.14720646589997427,0.48832486171872663,0.6355313276187009,0.29423868312757206,5.88477366255144,5.0,0.02682974928790909
2012-01-07 16:00:00,0.7234849074335872,0.0,0.0,0.4668679927205781,0.0,0.0,0.0,0.0,0.0,0.0,0.5793479471958574,0.7234849074335872,0.7452888270960253,5.0,0.0,0.0,0.17262930959300604,0.5726595175030192,0.7452888270960253,0.29423868312757206,5.88477366255144,5.0,0.0
2012-01-07 17:00:00,0.7439618377143942,0.0,0.0,0.4992616161358928,0.0,0.0,0.0,0.0,0.0,0.0,0.5793479471958574,0.7439618377143942,0.8851411248171323,5.0,0.0,0.0,0.20502293300832072,0.6801181918088115,0.8851411248171323,0.29423868312757206,5.88477366255144,5.0,0.0
2012-01-07 18:00:00,0.8314632568655501,0.0,0.0,0.49311092814564317,0.0,0.0,0.0,0.0,0.0,0.0,0.5793479471958574,0.8314632568655501,0.8585868910726183,5.0,0.0,0.0,0.1988722450180711,0.6597146460545472,0.8585868910726183,0.29423868312757206,5.88477366255144,5.0,0.0
2012-01-07 19:00:00,0.9009349886231175,0.0,0.0,0.5033620747960592,0.0,0.0,0.0,0.0,0.0,0.0,0.5793479471958574,0.9009349886231175,0.9028439473134747,5.0,0.0,0.0,0.20912339166848712,0.6937205556449877,0.9028439473134747,0.29423868312757206,5.88477366255144,5.0,0.0
2012-01-07 20:00:00,0.863427245596566,0.0,0.0,0.5099113756918453,0.0,0.0,0.0,0.0,0.0,0.0,0.5793479471958574,0.863427245596566,0.9329387455572573,5.0,0.0,0.0,0.21609417139077003,0.7168445741664873,0.9329387455572573,0.2938172043010753,5.876344086021505,5.0,0.0
2012-01-07 21:00:00,0.7682344916570094,0.0,0.0,0.4786965872953778,0.0,0.0,0.0,0.0,0.0,0.0,0.5793479471958574,0.7682344916570094,0.8001675768346874,5.0,0.0,0.0,0.1853407314395219,0.6148268453951655,0.8001675768346874,0.2933558558558559,5.867117117117118,5.0,0.0
2012-01-07 22:00:00,0.7421139196158824,0.0,0.0,0.4003778268861993,0.0,0.0,0.0,0.0,0.0,0.0,0.5793479471958574,0.7421139196158824,0.46204366715454304,5.0,0.0,0.0,0.10702197103034342,0.35502169612419965,0.46204366715454304,0.2933558558558559,5.867117117117118,5.0,0.0
2012-01-07 23:00:00,0.6225985680013183,0.0,0.0,0.3371336532933907,0.0,0.0,0.0,0.0,0.0,0.0,0.5793479471958574,0.6225985680013183,0.19119048296050056,5.0,0.0,0.0,0.04428495352979728,0.14690552943070329,0.19119048296050056,0.2928486997635934,5.856973995271868,5.0,0.0
2012-01-08 00:00:00,0.3678355890686435,0.0,0.0,0.3406177581031032,0.0,0.0,0.0,0.0,0.0,0.0,0.5793479471958574,0.3678355890686435,0.2040428000043685,5.0,0.0,0.0,0.0472619022472473,0.1567808977571212,0.2040428000043685,0.2933558558558559,5.867117117117118,5.0,0.0
2012-01-08 01:00:00,0.2738914284388922,0.0,0.0,0.3440284108425953,0.0,0.0,0.0,0.0,0.0,0.0,0.5793479471958574,0.2738914284388922,0.21876753814901362,5.0,0.0,0.0,0.050672554986739365,0.16809498316227425,0.21876753814901362,0.2933558558558559,5.867117117117118,5.0,0.0
2012-01-08 02:00:00,0.24861989984843277,0.0,0.0,0.3474390635820873,0.0,0.0,0.0,0.0,0.0,0.0,0.5793479471958574,0.24861989984843277,0.23349227629365876,5.0,0.0,0.0,0.054083207726231444,0.17940906856742733,0.23349227629365876,0.2933558558558559,5.867117117117118,5.0,0.0
2012-01-08 03:00:00,0.23403632998990676,0.0,0.0,0.3718008688641736,0.0,0.0,0.0,0.0,0.0,0.0,0.5793479471958574,0.23403632998990676,0.33866897732683837,5.0,0.0,0.0,0.07844501300831767,0.2602239643185207,0.33866897732683837,0.2933558558558559,5.867117117117118,5.0,0.0
2012-01-08 04:00:00,0.24362552660921152,0.0,0.0,0.4351415625975978,0.0,0.0,0.0,0.0,0.0,0.0,0.5793479471958574,0.24362552660921152,0.6121284000131054,5.0,0.0,0.0,0.1417857067417419,0.4703426932713636,0.6121284000131054,0.2933558558558559,5.867117117117118,5.0,0.0
2012-01-08 05:00:00,0.29596655815624995,0.0,0.0,0.6173678661076029,0.0,0.0,0.0,0.0,0.0,0.0,0.5793479471958574,0.29596655815624995,1.3988501237412891,5.0,0.0,0.0,0.324012010251747,1.0748381134895422,1.3988501237412891,0.2933558558558559,5.867117117117118,5.0,0.0
2012-01-08 06:00:00,0.4889491401197583,0.0,0.0,0.6967873513272039,0.0,0.0,0.0,0.0,0.0,0.0,0.5793479471958574,0.4889491401197583,1.7417261691094545,5.0,0.0,0.0,0.40343149547134805,1.3382946736381065,1.7417261691094545,0.2933558558558559,5.867117117117118,5.0,0.0
2012-01-08 07:00:00,0.6478201528593857,0.0,0.0,0.6602446434040746,0.0,0.0,0.0,0.0,0.0,0.0,0.5793479471958574,0.6478201528593857,1.5839611175596853,5.0,0.0,0.0,0.36688878754821874,1.2170723300114665,1.5839611175596853,0.2933558558558559,5.867117117117118,5.0,0.0
2012-01-08 08:00:00,0.7074030256032948,0.0,0.0,0.5891081719803828,0.0,0.0,0.0,0.0,0.0,0.0,0.5793479471958574,0.7074030256032948,1.2768451505428005,5.0,0.0,0.0,0.29575231612452685,0.9810928344182737,1.2768451505428005,0.2933558558558559,5.867117117117118,5.0,0.0
2012-01-08 09:00:00,0.0,0.0,1.995383540328648,0.0,1.3056982202607124,1.3056982202607124,0.58615886768611,0.58615886768611,0.0,0.0,0.5793479471958574,0.7195393525746024,1.2621204123981555,5.0,0.0,0.0,0.2923416633850348,0.9697787490131208,1.2621204123981555,0.2938172043010753,5.876344086021505,5.0,3.3010817605893603
2012-01-08 10:00:00,0.0,0.0,2.159027573856621,0.0,1.2372369119018771,1.2372369119018771,0.5418203820727132,0.5418203820727132,0.0,0.0,0.5793479471958574,0.6954165298291639,1.0706988165177687,5.0,0.0,0.0,0.24800317777163788,0.8226956387461308,1.0706988165177687,0.2938172043010753,5.876344086021505,5.0,3.3962644857584983
2012-01-08 11:00:00,0.0,0.0,2.123500836837346,0.0,1.238087711086729,1.238087711086729,0.5290864860468834,0.5290864860468834,0.0,0.0,0.5793479471958574,0.7090012250398456,1.0139033979598515,5.0,0.0,0.0,0.2348478029193113,0.7790555950405402,1.0139033979598515,0.29423868312757206,5.88477366255144,5.0,3.3615885479240752
2012-01-08 12:00:00,0.0,0.0,1.9948730639504908,0.0,1.2978589701675007,1.2978589701675007,0.5095970418212145,0.5095970418212145,0.0,0.0,0.5793479471958574,0.7882619283462864,0.9297620371333081,5.0,0.0,0.0,0.21535835869364237,0.7144036784396658,0.9297620371333081,0.29423868312757206,5.88477366255144,5.0,3.2927320341179915
2012-01-08 13:00:00,0.0,0.0,1.762354292545373,0.0,1.2497750308583844,1.2497750308583844,0.4871841809616951,0.4871841809616951,0.0,0.0,0.5793479471958574,0.7625908498966893,0.8329994721827828,5.0,0.0,0.0,0.19294549783412301,0.6400539743486598,0.8329994721827828,0.29423868312757206,5.88477366255144,5.0,3.0121293234037574
2012-01-08 14:00:00,0.0,0.0,1.9103467692332043,0.0,1.1360352566866836,1.1360352566866836,0.47792669495450224,0.47792669495450224,0.0,0.0,0.5793479471958574,0.6581085617321814,0.7930323257901744,5.0,0.0,0.0,0.1836880118269302,0.6093443139632442,0.7930323257901744,0.29423868312757206,5.88477366255144,5.0,3.046382025919888
2012-01-08 15:00:00,0.0,0.0,0.5483936923297792,0.0,1.0623373694551506,1.0623373694551506,0.4690557723680609,0.4690557723680609,0.0,0.0,0.5793479471958574,0.5932815970870897,0.7530651793975661,5.0,0.0,0.0,0.17443052581973745,0.5786346535778287,0.7530651793975661,0.29462524654832345,5.892504930966469,5.0,1.6107310617849298
2012-01-08 16:00:00,0.5733041041302048,0.0,0.0,0.4890324526993716,0.0,0.0,0.0,0.0,0.0,0.0,0.5793479471958574,0.5733041041302048,0.8393100742447734,5.0,0.0,0.0,0.19440720615104817,0.6449028680937253,0.8393100742447734,0.29462524654832345,5.892504930966469,5.0,0.0
2012-01-08 17:00:00,0.6117607780722083,0.0,0.0,0.5022885002365886,0.0,0.0,0.0,0.0,0.0,0.0,0.5793479471958574,0.6117607780722083,0.8982090268233541,5.0,0.0,0.0,0.2080498171090165,0.6901592097143376,0.8982090268233541,0.29423868312757206,5.88477366255144,5.0,0.0
2012-01-08 18:00:00,0.710050043420082,0.0,0.0,0.5169713406849852,0.0,0.0,0.0,0.0,0.0,0.0,0.5793479471958574,0.710050043420082,0.9634185814639254,5.0,0.0,0.0,0.22315413638390993,0.7402644450800155,0.9634185814639254,0.2938172043010753,5.876344086021505,5.0,0.0
2012-01-08 19:00:00,0.8249206279221704,0.0,0.0,0.5447437987065635,0.0,0.0,0.0,0.0,0.0,0.0,0.5793479471958574,0.8249206279221704,1.0833200206417501,5.0,0.0,0.0,0.2509265944054882,0.832393426236262,1.0833200206417501,0.2938172043010753,5.876344086021505,5.0,0.0
2012-01-08 20:00:00,0.8319626941894723,0.0,0.0,0.5467186307895526,0.0,0.0,0.0,0.0,0.0,0.0,0.5793479471958574,0.8319626941894723,1.093837690745068,5.0,0.0,0.0,0.2533627749336968,0.8404749158113712,1.093837690745068,0.2933558558558559,5.867117117117118,5.0,0.0
2012-01-08 21:00:00,0.7868635038393046,0.0,0.0,0.5082070584572358,0.0,0.0,0.0,0.0,0.0,0.0,0.5793479471958574,0.7868635038393046,0.9297620371333081,5.0,0.0,0.0,0.21535835869364237,0.7144036784396658,0.9297620371333081,0.2928486997635934,5.856973995271868,5.0,0.0
2012-01-08 22:00:00,0.7217368767998599,0.0,0.0,0.4424301841956029,0.0,0.0,0.0,0.0,0.0,0.0,0.5793479471958574,0.7217368767998599,0.645784944343723,5.0,0.0,0.0,0.14958148443200953,0.49620345991171355,0.645784944343723,0.2928486997635934,5.856973995271868,5.0,0.0
2012-01-08 23:00:00,0.5597693526519153,0.0,0.0,0.3649596433985687,0.0,0.0,0.0,0.0,0.0,0.0,0.5793479471958574,0.5597693526519153,0.31132303505821174,5.0,0.0,0.0,0.07211094363497526,0.2392120914232365,0.31132303505821174,0.2928486997635934,5.856973995271868,5.0,0.0
2012-01-09 00:00:00,0.3678355890686435,0.0,0.0,0.33745650434150304,0.0,0.0,0.0,0.0,0.0,0.0,0.5793479471958574,0.3678355890686435,0.18840301695639528,5.0,0.0,0.0,0.04363930004042775,0.14476371691596754,0.18840301695639528,0.2938172043010753,5.876344086021505,5.0,0.0
2012-01-09 01:00:00,0.2738914284388922,0.0,0.0,0.34060573217947204,0.0,0.0,0.0,0.0,0.0,0.0,0.5793479471958574,0.2738914284388922,0.20199911096355783,5.0,0.0,0.0,0.04678852787839676,0.15521058308516106,0.20199911096355783,0.2938172043010753,5.876344086021505,5.0,0.0
2012-01-09 02:00:00,0.24861989984843277,0.0,0.0,0.34375496001744105,0.0,0.0,0.0,0.0,0.0,0.0,0.5793479471958574,0.24861989984843277,0.21559520497072038,5.0,0.0,0.0,0.04993775571636578,0.1656574492543546,0.21559520497072038,0.2938172043010753,5.876344086021505,5.0,0.0
2012-01-09 03:00:00,0.23403632998990676,0.0,0.0,0.3666709234008594,0.0,0.0,0.0,0.0,0.0,0.0,0.5793479471958574,0.23403632998990676,0.3127101621647385,5.0,0.0,0.0,0.07243224027328729,0.24027792189145122,0.3127101621647385,0.29423868312757206,5.88477366255144,5.0,0.0
2012-01-09 04:00:00,0.24362552660921152,0.0,0.0,0.4251565832488553,0.0,0.0,0.0,0.0,0.0,0.0,0.5793479471958574,0.24362552660921152,0.5652090508691858,5.0,0.0,0.0,0.13091790012128324,0.4342911507479026,0.5652090508691858,0.29423868312757206,5.88477366255144,5.0,0.0
2012-01-09 05:00:00,0.29596655815624995,0.0,0.0,0.5934153277346284,0.0,0.0,0.0,0.0,0.0,0.0,0.5793479471958574,0.29596655815624995,1.291628930680442,5.0,0.0,0.0,0.2991766446070563,0.9924522860733858,1.291628930680442,0.29423868312757206,5.88477366255144,5.0,0.0
2012-01-09 06:00:00,0.4889491401197583,0.0,0.0,0.6667473473901924,0.0,0.0,0.0,0.0,0.0,0.0,0.5793479471958574,0.4889491401197583,1.608223691132941,5.0,0.0,0.0,0.37250866426262036,1.2357150268703208,1.608223691132941,0.29423868312757206,5.88477366255144,5.0,0.0
2012-01-09 07:00:00,0.6478201528593857,0.0,0.0,0.6333921839755615,0.0,0.0,0.0,0.0,0.0,0.0,0.5793479471958574,0.6478201528593857,1.4625512553419138,5.0,0.0,0.0,0.33876693742723807,1.1237843179146758,1.4625512553419138,0.29462524654832345,5.892504930966469,5.0,0.0
2012-01-09 08:00:00,0.7074030256032948,0.0,0.0,0.5680641031270879,0.0,0.0,0.0,0.0,0.0,0.0,0.5793479471958574,0.7074030256032948,1.1789755803353807,5.0,0.0,0.0,0.2730830425210273,0.9058925378143535,1.1789755803353807,0.29498106060606055,5.899621212121211,5.0,0.0
2012-01-09 09:00:00,0.0,0.0,1.2348559927809526,0.0,1.2850872023453799,1.2850872023453799,0.5655478497707775,0.5655478497707775,0.0,0.0,0.5793479471958574,0.7195393525746024,1.165379486328218,5.0,0.0,0.0,0.2699338146830582,0.8954456716451599,1.165379486328218,0.29561403508771933,5.912280701754387,5.0,2.5199431951263325
2012-01-09 10:00:00,0.0,0.0,1.7582941339673404,0.0,1.2205705133375793,1.2205705133375793,0.5251539835084154,0.5251539835084154,0.0,0.0,0.5793479471958574,0.6954165298291639,0.988630264235105,5.0,0.0,0.0,0.22899385278946105,0.759636411445644,0.988630264235105,0.29616013071895425,5.923202614379085,5.0,2.9788646473049196
2012-01-09 11:00:00,0.0,0.0,0.4980661830113464,0.0,1.2222540593281268,1.2222540593281268,0.5132528342882812,0.5132528342882812,0.0,0.0,0.5793479471958574,0.7090012250398456,0.9361881873503353,5.0,0.0,0.0,0.21684683112872344,0.7193413562216119,0.9361881873503353,0.2964060031595577,5.928120063191153,5.0,1.7203202423394732
2012-01-09 12:00:00,0.0,0.0,0.0,0.2195756166976135,1.0636976858508134,1.0636976858508134,0.275435757504527,0.275435757504527,0.0,0.0,0.5793479471958574,0.7882619283462864,0.8584962215951207,5.0,0.0,0.0,0.19885124348318625,0.6596449781119346,0.8584962215951207,0.29616013071895425,5.923202614379085,5.0,1.0636976858508134
2012-01-09 13:00:00,0.0,0.0,0.0,0.3405029122459557,0.8961410404515352,0.8961410404515352,0.13355019055484585,0.13355019055484585,0.0,0.0,0.5793479471958574,0.7625908498966893,0.7691504609766241,5.0,0.0,0.0,0.17815631769081847,0.5909941432858057,0.7691504609766241,0.2958967851099831,5.917935702199662,5.0,0.8961410404515352
2012-01-09 14:00:00,0.022669956293028037,0.0,0.0,0.46550519866917134,0.6354386054391533,0.6354386054391533,0.0,0.0,0.0,0.0,0.5793479471958574,0.6581085617321814,0.7322467772428971,5.0,0.0,0.0,0.16960841355918826,0.5626383636837089,0.7322467772428971,0.2958967851099831,5.917935702199662,5.0,0.6354386054391533
2012-01-09 15:00:00,0.0,0.0,0.0,0.00485552128754746,1.0453833703370834,1.0453833703370834,0.4521017732499937,0.4521017732499937,0.0,0.0,0.5793479471958574,0.5932815970870897,0.6953430935091701,5.0,0.0,0.0,0.16106050942755806,0.5342825840816121,0.6953430935091701,0.2958967851099831,5.917935702199662,5.0,1.0453833703370834
2012-01-09 16:00:00,0.5733041041302048,0.0,0.0,0.4754027718742168,0.0,0.0,0.0,0.0,0.0,0.0,0.5793479471958574,0.5733041041302048,0.7749773584082651,5.0,0.0,0.0,0.17950598676423374,0.5954713716440314,0.7749773584082651,0.2958967851099831,5.917935702199662,5.0,0.0
2012-01-09 17:00:00,0.6117607780722083,0.0,0.0,0.4879996832260929,0.0,0.0,0.0,0.0,0.0,0.0,0.5793479471958574,0.6117607780722083,0.8293617344369153,5.0,0.0,0.0,0.19210289811610978,0.6372588363208055,0.8293617344369153,0.2958967851099831,5.917935702199662,5.0,0.0
2012-01-09 18:00:00,0.710050043420082,0.0,0.0,0.5016635136291204,0.0,0.0,0.0,0.0,0.0,0.0,0.5793479471958574,0.710050043420082,0.8895730078972066,5.0,0.0,0.0,0.20604947854140113,0.6835235293558055,0.8895730078972066,0.29561403508771933,5.912280701754387,5.0,0.0
2012-01-09 19:00:00,0.8249206279221704,0.0,0.0,0.5270028448525029,0.0,0.0,0.0,0.0,0.0,0.0,0.5793479471958574,0.8249206279221704,1.0002840590983872,5.0,0.0,0.0,0.23169319093629165,0.7685908681620957,1.0002840590983872,0.2953096539162113,5.906193078324225,5.0,0.0
2012-01-09 20:00:00,0.8319626941894723,0.0,0.0,0.5292522933081951,0.0,0.0,0.0,0.0,0.0,0.0,0.5793479471958574,0.8319626941894723,1.009995554817789,5.0,0.0,0.0,0.2339426393919838,0.7760529154258052,1.009995554817789,0.2953096539162113,5.906193078324225,5.0,0.0
2012-01-09 21:00:00,0.7868635038393046,0.0,0.0,0.4941608973993975,0.0,0.0,0.0,0.0,0.0,0.0,0.5793479471958574,0.7868635038393046,0.8584962215951207,5.0,0.0,0.0,0.19885124348318625,0.6596449781119346,0.8584962215951207,0.2953096539162113,5.906193078324225,5.0,0.0
2012-01-09 22:00:00,0.7217368767998599,0.0,0.0,0.4330971957855587,0.0,0.0,0.0,0.0,0.0,0.0,0.5793479471958574,0.7217368767998599,0.5962858371712717,5.0,0.0,0.0,0.13811613517949814,0.4581697019917736,0.5962858371712717,0.29498106060606055,5.899621212121211,5.0,0.0
2012-01-09 23:00:00,0.5597693526519153,0.0,0.0,0.36120892083681116,0.0,0.0,0.0,0.0,0.0,0.0,0.5793479471958574,0.5597693526519153,0.2874602732942938,5.0,0.0,0.0,0.0665836742884877,0.2208765990058061,0.2874602732942938,0.29462524654832345,5.892504930966469,5.0,0.0
2012-01-10 00:00:00,0.33252537026734935,0.0,0.0,0.44628979716356776,0.0,0.0,0.0,0.0,0.0,0.0,0.5793479471958574,0.33252537026734935,0.6739188026754882,5.0,0.0,0.0,0.15609805675058838,0.5178207459248999,0.6739188026754882,0.2901917404129794,5.803834808259587,5.0,0.0
2012-01-10 01:00:00,0.24557333217250782,0.0,0.0,0.4593889347929878,0.0,0.0,0.0,0.0,0.0,0.0,0.5793479471958574,0.24557333217250782,0.7304714294734314,5.0,0.0,0.0,0.16919719438000838,0.561274235093423,0.7304714294734314,0.2901917404129794,5.803834808259587,5.0,0.0
2012-01-10 02:00:00,0.2212007907651082,0.0,0.0,0.4713964776199561,0.0,0.0,0.0,0.0,0.0,0.0,0.5793479471958574,0.2212007907651082,0.7823113373715458,5.0,0.0,0.0,0.18120473720697672,0.6011066001645691,0.7823113373715458,0.2901917404129794,5.803834808259587,5.0,0.0
2012-01-10 03:00:00,0.21530743034282715,0.0,0.0,0.5074191061008612,0.0,0.0,0.0,0.0,0.0,0.0,0.5793479471958574,0.21530743034282715,0.9378310610658892,5.0,0.0,0.0,0.21722736568788173,0.7206036953780075,0.9378310610658892,0.2901917404129794,5.803834808259587,5.0,0.0
2012-01-10 04:00:00,0.22010202865247955,0.0,0.0,0.6165785863460278,0.0,0.0,0.0,0.0,0.0,0.0,0.5793479471958574,0.22010202865247955,1.4091029510487483,5.0,0.0,0.0,0.32638684593304845,1.0827161051157,1.4091029510487483,0.2901917404129794,5.803834808259587,5.0,0.0
2012-01-10 05:00:00,0.26290380731260543,0.0,0.0,0.8837081999534774,0.0,0.0,0.0,0.0,0.0,0.0,0.5793479471958574,0.26290380731260543,2.559006362606924,5.0,0.0,0.0,0.5927359777312552,1.966270384875669,2.559006362606924,0.2909722222222222,5.819444444444444,5.0,0.0
2012-01-10 06:00:00,0.4640272176560443,0.0,0.0,1.0401173696972745,0.0,0.0,0.0,0.0,0.0,0.0,0.5793479471958574,0.4640272176560443,3.2376378841822406,5.0,0.0,0.0,0.7499256292842952,2.4877122548979456,3.2376378841822406,0.2901917404129794,5.803834808259587,5.0,0.0
2012-01-10 07:00:00,0.6478700965917779,0.0,0.0,1.0281098268703062,0.0,0.0,0.0,0.0,0.0,0.0,0.5793479471958574,0.6478700965917779,3.185797976284126,5.0,0.0,0.0,0.7379180864573268,2.4478798898267993,3.185797976284126,0.2901917404129794,5.803834808259587,5.0,0.0
2012-01-10 08:00:00,0.6865764891957423,0.0,0.0,0.920822423236834,0.0,0.0,0.0,0.0,0.0,0.0,0.5793479471958574,0.6865764891957423,2.719238805201096,5.0,0.0,0.0,0.6298502010146119,2.089388604186484,2.719238805201096,0.2909722222222222,5.819444444444444,5.0,0.0
2012-01-10 09:00:00,0.0,0.0,0.0,0.6293594955560727,0.9155709665370813,0.9155709665370813,0.2364860372001708,0.2364860372001708,0.0,0.0,0.5793479471958574,0.6790849293369104,2.478890141309838,5.0,0.0,0.0,0.5741788660895768,1.904711275220261,2.478890141309838,0.2916666666666667,5.833333333333334,5.0,0.9155709665370813
2012-01-10 10:00:00,0.0,0.0,0.22667537617666578,0.0,1.471344725687695,1.471344725687695,0.811887683180924,0.811887683180924,0.0,0.0,0.5793479471958574,0.659457042506771,2.243254196318409,5.0,0.0,0.0,0.5195991259669936,1.7236550703514153,2.243254196318409,0.2922885572139303,5.845771144278607,5.0,1.6980201018643608
2012-01-10 11:00:00,0.0,0.0,0.09790772905200185,0.0,1.433342504153474,1.433342504153474,0.7676924388300685,0.7676924388300685,0.0,0.0,0.5793479471958574,0.6656500653234054,2.050032721425436,5.0,0.0,0.0,0.4748437390664751,1.575188982358961,2.050032721425436,0.2928486997635934,5.856973995271868,5.0,1.5312502332054758
2012-01-10 12:00:00,0.0,0.0,0.0,0.10130808027398586,1.3912005002772743,1.3912005002772743,0.6439923199573863,0.6439923199573863,0.0,0.0,0.5793479471958574,0.747208180319888,1.9557783434288647,5.0,0.0,0.0,0.45301184301744185,1.5027665004114228,1.9557783434288647,0.2922885572139303,5.845771144278607,5.0,1.3912005002772743
2012-01-10 13:00:00,0.0,0.0,0.4300296034536517,0.0,1.4585900738244644,1.4585900738244644,0.7311096677995004,0.7311096677995004,0.0,0.0,0.5793479471958574,0.7274804060249641,1.8945129977310926,5.0,0.0,0.0,0.4388211105855701,1.4556918871455227,1.8945129977310926,0.2922885572139303,5.845771144278607,5.0,1.888619677278116
2012-01-10 14:00:00,0.0,0.0,0.2303447705829138,0.0,1.3610215226606126,1.3610215226606126,0.7278348833921454,0.7278348833921454,0.0,0.0,0.5793479471958574,0.6331866392684673,1.8803748410316068,5.0,0.0,0.0,0.4355463261782151,1.4448285148533917,1.8803748410316068,0.2922885572139303,5.845771144278607,5.0,1.5913662932435264
2012-01-10 15:00:00,0.0,0.0,0.0,0.6964628696845323,0.6147773402568324,0.6147773402568324,0.04821563999957623,0.04821563999957623,0.0,0.0,0.5793479471958574,0.5665617002572562,1.9557783434288647,5.0,0.0,0.0,0.45301184301744185,1.5027665004114228,1.9557783434288647,0.2916666666666667,5.833333333333334,5.0,0.6147773402568324
2012-01-10 16:00:00,0.5301027756109412,0.0,0.0,0.7747734598975671,0.0,0.0,0.0,0.0,0.0,0.0,0.5793479471958574,0.5301027756109412,2.0830217537242364,5.0,0.0,0.0,0.4824849026836368,1.6005368510405997,2.0830217537242364,0.2922885572139303,5.845771144278607,5.0,0.0
2012-01-10 17:00:00,0.5809954389186055,0.0,0.0,0.8145405770410152,0.0,0.0,0.0,0.0,0.0,0.0,0.5793479471958574,0.5809954389186055,2.2573923530178943,5.0,0.0,0.0,0.5228739103743485,1.7345184426435458,2.2573923530178943,0.2916666666666667,5.833333333333334,5.0,0.0
2012-01-10 18:00:00,0.723434963701195,0.0,0.0,0.8560211795341786,0.0,0.0,0.0,0.0,0.0,0.0,0.5793479471958574,0.723434963701195,2.4364756712113804,5.0,0.0,0.0,0.5643545128675118,1.8721211583438686,2.4364756712113804,0.2916666666666667,5.833333333333334,5.0,0.0
2012-01-10 19:00:00,0.858482816089737,0.0,0.0,0.894624147977994,0.0,0.0,0.0,0.0,0.0,0.0,0.5793479471958574,0.858482816089737,2.6061335516052098,5.0,0.0,0.0,0.6036519257557719,2.002481625849438,2.6061335516052098,0.2909722222222222,5.819444444444444,5.0,0.0
2012-01-10 20:00:00,0.8393044228511274,0.0,0.0,0.8749754415338641,0.0,0.0,0.0,0.0,0.0,0.0,0.5793479471958574,0.8393044228511274,2.5213046114082953,5.0,0.0,0.0,0.5840032193116419,1.9373013920966535,2.5213046114082953,0.2909722222222222,5.819444444444444,5.0,0.0
2012-01-10 21:00:00,0.7788725066565506,0.0,0.0,0.8072965637818608,0.0,0.0,0.0,0.0,0.0,0.0,0.5793479471958574,0.7788725066565506,2.229116039618923,5.0,0.0,0.0,0.5163243415596386,1.7127916980592846,2.229116039618923,0.2909722222222222,5.819444444444444,5.0,0.0
2012-01-10 22:00:00,0.6776365610975362,0.0,0.0,0.6307693187778995,0.0,0.0,0.0,0.0,0.0,0.0,0.5793479471958574,0.6776365610975362,1.4703682967465197,5.0,0.0,0.0,0.3405775783649201,1.1297907183815996,1.4703682967465197,0.2901917404129794,5.803834808259587,5.0,0.0
2012-01-10 23:00:00,0.5007858046967126,0.0,0.0,0.48340402044692443,0.0,0.0,0.0,0.0,0.0,0.0,0.5793479471958574,0.5007858046967126,0.8341512452696602,5.0,0.0,0.0,0.19321228003394506,0.6409389652357153,0.8341512452696602,0.2901917404129794,5.803834808259587,5.0,0.0
2012-01-11 00:00:00,0.42097572033395736,0.0,0.0,0.6879355009854462,0.0,0.0,0.0,0.0,0.0,0.0,0.5793479471958574,0.42097572033395736,2.9700092287684843,0.0,0.0,0.0,0.6879355009854462,2.2820737277830383,2.9700092287684843,0.0,0.0,0.0,0.0
2012-01-11 01:00:00,0.3106500154795604,0.0,0.0,0.7058816444894144,0.0,0.0,0.0,0.0,0.0,0.0,0.5793479471958574,0.3106500154795604,3.0474877303885317,0.0,0.0,0.0,0.7058816444894144,2.3416060858991172,3.0474877303885317,0.0,0.0,0.0,0.0
2012-01-11 02:00:00,0.24422485139791808,0.0,0.0,0.7238277879933824,0.0,0.0,0.0,0.0,0.0,0.0,0.5793479471958574,0.24422485139791808,3.1249662320085787,0.0,0.0,0.0,0.7238277879933824,2.401138444015196,3.1249662320085787,0.0,0.0,0.0,0.0
2012-01-11 03:00:00,0.2212007907651082,0.0,0.0,0.780657242422615,0.0,0.0,0.0,0.0,0.0,0.0,0.5793479471958574,0.2212007907651082,3.3703148204720623,0.0,0.0,0.0,0.780657242422615,2.5896575780494473,3.3703148204720623,0.0,0.0,0.0,0.0
2012-01-11 04:00:00,0.215507205272396,0.0,0.0,0.9361904861236723,0.0,0.0,0.0,0.0,0.0,0.0,0.5793479471958574,0.215507205272396,4.041795167845806,0.0,0.0,0.0,0.9361904861236723,3.105604681722134,4.041795167845806,0.0,0.0,0.0,0.0
2012-01-11 05:00:00,0.21605658632871036,0.18230235675305279,0.0,1.3100684757896757,0.0,0.0,0.0,0.0,0.0,0.0,0.5793479471958574,0.21605658632871036,5.810887621503555,0.0,0.18230235675305279,0.15495700324009487,1.3100684757896757,4.345862142473785,5.6559306182634606,0.0,0.0,0.0,0.0
2012-01-11 06:00:00,0.2284925756943712,2.0964771026601055,0.0,1.3100684757896757,0.0,0.0,0.0,0.0,0.0,0.0,0.5793479471958574,0.2284925756943712,7.43793615552455,0.0,2.0964771026601055,1.7820055372610897,1.3100684757896757,4.345862142473785,5.6559306182634606,0.0,0.0,0.0,0.0
2012-01-11 07:00:00,0.3274311095633437,1.5191863062754403,0.0,1.3100684757896757,0.0,0.0,0.0,0.0,0.0,0.0,0.5793479471958574,0.3274311095633437,6.947238978597585,0.0,1.5191863062754403,1.2913083603341242,1.3100684757896757,4.345862142473785,5.6559306182634606,0.0,0.0,0.0,0.0
2012-01-11 08:00:00,0.5554741916661851,1.1090060035810712,0.0,1.3100684757896757,0.0,0.0,0.0,0.0,0.0,0.0,0.5793479471958574,0.5554741916661851,6.598585721307371,0.0,1.1090060035810712,0.9426551030439105,1.3100684757896757,4.345862142473785,5.6559306182634606,0.0,0.0,0.0,0.0
2012-01-11 09:00:00,0.0,0.7595931531377201,0.5306927287466205,0.0,2.1068707823750303,2.1068707823750303,1.3100684757896757,1.3100684757896757,0.0,0.0,0.5793479471958574,0.7968023065853548,6.301584798430523,0.0,0.7595931531377201,0.6456541801670621,1.3100684757896757,4.345862142473785,5.6559306182634606,0.0,0.0,0.0,2.637563511121651
2012-01-11 10:00:00,0.0,0.41018030269436906,0.7829003575123039,0.0,2.2344770186371328,2.2344770186371328,1.3100684757896757,1.3100684757896757,0.0,0.0,0.5793479471958574,0.9244085428474572,6.004583875553674,0.0,0.41018030269436906,0.3486532572902137,1.3100684757896757,4.345862142473785,5.6559306182634606,0.0,0.0,0.0,3.0173773761494367
2012-01-11 11:00:00,0.0,0.15191863062754382,0.8756997435706024,0.0,2.3348639207454793,2.3348639207454793,1.3100684757896757,1.3100684757896757,0.0,0.0,0.5793479471958574,1.0247954449558039,5.785061454296873,0.0,0.15191863062754382,0.12913083603341224,1.3100684757896757,4.345862142473785,5.6559306182634606,0.0,0.0,0.0,3.2105636643160818
2012-01-11 12:00:00,0.0,0.015191863062755532,0.0,0.0,2.347899234899847,2.347899234899847,1.3100684757896757,1.3100684757896757,0.0,0.0,0.5793479471958574,1.0378307591101712,5.668843701866803,0.0,0.015191863062755532,0.012913083603342201,1.3100684757896757,4.345862142473785,5.6559306182634606,0.0,0.0,0.0,2.347899234899847
2012-01-11 13:00:00,0.0,0.0,0.0,0.9855194178827208,1.166850104701615,1.166850104701615,0.3245490579069549,0.3245490579069549,0.0,0.0,0.5793479471958574,0.8423010467946602,5.6559306182634606,0.0,0.0,0.0,1.3100684757896757,4.345862142473785,5.6559306182634606,0.0,0.0,0.0,1.166850104701615
2012-01-11 14:00:00,0.0,0.1215349045020359,0.0,0.7124699358367083,1.2779820063320753,1.2779820063320753,0.5975985399529674,0.5975985399529674,0.0,0.0,0.5793479471958574,0.6803834663791078,5.759235287090191,0.0,0.1215349045020359,0.1033046688267305,1.3100684757896757,4.345862142473785,5.6559306182634606,0.0,0.0,0.0,1.2779820063320753
2012-01-11 15:00:00,0.0,0.3190291243178432,0.0,1.2590615754147767,0.6553760060530598,0.6553760060530598,0.05100690037489897,0.05100690037489897,0.0,0.0,0.5793479471958574,0.6043691056781608,5.927105373933627,0.0,0.3190291243178432,0.2711747556701667,1.3100684757896757,4.345862142473785,5.6559306182634606,0.0,0.0,0.0,0.6553760060530598
2012-01-11 16:00:00,0.5358962485684379,0.6684419747611933,0.0,1.3100684757896757,0.0,0.0,0.0,0.0,0.0,0.0,0.5793479471958574,0.5358962485684379,6.224106296810475,0.0,0.6684419747611933,0.5681756785470142,1.3100684757896757,4.345862142473785,5.6559306182634606,0.0,0.0,0.0,0.0
2012-01-11 17:00:00,0.5581212094829723,0.9570873729535274,0.0,1.3100684757896757,0.0,0.0,0.0,0.0,0.0,0.0,0.5793479471958574,0.5581212094829723,6.469454885273959,0.0,0.9570873729535274,0.8135242670104983,1.3100684757896757,4.345862142473785,5.6559306182634606,0.0,0.0,0.0,0.0
2012-01-11 18:00:00,0.68697603905488,1.0330466882673,0.0,1.3100684757896757,0.0,0.0,0.0,0.0,0.0,0.0,0.5793479471958574,0.68697603905488,6.534020303290665,0.0,1.0330466882673,0.8780896850272049,1.3100684757896757,4.345862142473785,5.6559306182634606,0.0,0.0,0.0,0.0
2012-01-11 19:00:00,0.80369454165548,1.0178548252045454,0.0,1.3100684757896757,0.0,0.0,0.0,0.0,0.0,0.0,0.5793479471958574,0.80369454165548,6.521107219687324,0.0,1.0178548252045454,0.8651766014238635,1.3100684757896757,4.345862142473785,5.6559306182634606,0.0,0.0,0.0,0.0
2012-01-11 20:00:00,0.7727294275723084,0.6988257008867023,0.0,1.3100684757896757,0.0,0.0,0.0,0.0,0.0,0.0,0.5793479471958574,0.7727294275723084,6.249932464017157,0.0,0.6988257008867022,0.5940018457536969,1.3100684757896757,4.345862142473785,5.6559306182634606,0.0,0.0,0.0,0.0
2012-01-11 21:00:00,0.7187901965887192,0.0,0.0,1.2831492605337236,0.0,0.0,0.0,0.0,0.0,0.0,0.5793479471958574,0.7187901965887192,5.53971286583339,0.0,0.0,0.0,1.2831492605337236,4.256563605299666,5.53971286583339,0.0,0.0,0.0,0.0
2012-01-11 22:00:00,0.6375317439865897,0.0,0.0,0.9182443426197043,0.0,0.0,0.0,0.0,0.0,0.0,0.5793479471958574,0.6375317439865897,3.9643166662257596,0.0,0.0,0.0,0.9182443426197043,3.0460723236060554,3.9643166662257596,0.0,0.0,0.0,0.0
2012-01-11 23:00:00,0.4693711970220111,0.0,0.0,0.7328008597453666,0.0,0.0,0.0,0.0,0.0,0.0,0.5793479471958574,0.4693711970220111,3.1637054828186026,0.0,0.0,0.0,0.7328008597453666,2.430904623073236,3.1637054828186026,0.0,0.0,0.0,0.0
2012-01-12 00:00:00,0.2912219035789898,0.0,0.0,0.45337876305026814,0.0,0.0,0.0,0.0,0.0,0.0,0.5793479471958574,0.2912219035789898,1.9573624394409952,0.0,0.0,0.0,0.45337876305026814,1.503983676390727,1.9573624394409952,0.0,0.0,0.0,0.0
2012-01-12 01:00:00,0.215507205272396,0.0,0.0,0.48127899462259227,0.0,0.0,0.0,0.0,0.0,0.0,0.5793479471958574,0.215507205272396,2.077815512637364,0.0,0.0,0.0,0.48127899462259227,1.5965365180147717,2.077815512637364,0.0,0.0,0.0,0.0
2012-01-12 02:00:00,0.19752746161119958,0.0,0.0,0.5022041683018353,0.0,0.0,0.0,0.0,0.0,0.0,0.5793479471958574,0.19752746161119958,2.1681553175346404,0.0,0.0,0.0,0.5022041683018353,1.6659511492328052,2.1681553175346404,0.0,0.0,0.0,0.0
2012-01-12 03:00:00,0.1923333134424095,0.0,0.0,0.5766047858280332,0.0,0.0,0.0,0.0,0.0,0.0,0.5793479471958574,0.1923333134424095,2.4893635127249576,0.0,0.0,0.0,0.5766047858280332,1.9127587268969244,2.4893635127249576,0.0,0.0,0.0,0.0
2012-01-12 04:00:00,0.19542982485072669,0.0,0.0,0.7626063296435279,0.0,0.0,0.0,0.0,0.0,0.0,0.5793479471958574,0.19542982485072669,3.2923840007007508,0.0,0.0,0.0,0.7626063296435279,2.529777671057223,3.2923840007007508,0.0,0.0,0.0,0.0
2012-01-12 05:00:00,0.23393644252512233,0.0,0.0,1.127634359381436,0.0,0.0,0.0,0.0,0.0,0.0,0.5793479471958574,0.23393644252512233,4.868311708353244,0.0,0.0,0.0,1.127634359381436,3.740677348971808,4.868311708353244,0.0,0.0,0.0,0.0
2012-01-12 06:00:00,0.4499430851214405,0.6676213688810987,0.0,1.3100684757896757,0.0,0.0,0.0,0.0,0.0,0.0,0.5793479471958574,0.4499430851214405,6.223408781812394,0.0,0.6676213688810987,0.5674781635489339,1.3100684757896757,4.345862142473785,5.6559306182634606,0.0,0.0,0.0,0.0
2012-01-12 07:00:00,0.6464217283524036,0.17163812630781425,0.0,1.3100684757896757,0.0,0.0,0.0,0.0,0.0,0.0,0.5793479471958574,0.6464217283524036,5.801823025625103,0.0,0.17163812630781425,0.1458924073616421,1.3100684757896757,4.345862142473785,5.6559306182634606,0.0,0.0,0.0,0.0
2012-01-12 08:00:00,0.666748827436034,0.0,0.0,1.2252851698845706,0.0,0.0,0.0,0.0,0.0,0.0,0.5793479471958574,0.666748827436034,5.289897464540535,0.0,0.0,0.0,1.2252851698845706,4.064612294655964,5.289897464540535,0.0,0.0,0.0,0.0
2012-01-12 09:00:00,0.5928971931079239,0.0,0.0,1.1299593786791295,0.022509477428915903,0.022509477428915903,0.0,0.0,0.0,0.0,0.5793479471958574,0.6154066705368397,4.878349464452941,0.0,0.0,0.0,1.1299593786791295,3.7483900857738117,4.878349464452941,0.0,0.0,0.0,0.022509477428915903
2012-01-12 10:00:00,0.5458020789993766,0.0,0.0,1.0485837032598508,0.03459403513052235,0.03459403513052235,0.0,0.0,0.0,0.0,0.5793479471958574,0.580396114129899,4.527028000963532,0.0,0.0,0.0,1.0485837032598508,3.4784442977036814,4.527028000963532,0.0,0.0,0.0,0.03459403513052235
2012-01-12 11:00:00,0.39264156012849893,0.0,0.0,0.9997582980082833,0.19829268153615684,0.19829268153615684,0.0,0.0,0.0,0.0,0.5793479471958574,0.5909342416646558,4.316235122869886,0.0,0.0,0.0,0.9997582980082833,3.3164768248616023,4.316235122869886,0.0,0.0,0.0,0.19829268153615684
2012-01-12 12:00:00,0.1319696293956899,0.0,0.0,0.9858081822221213,0.5208448967029169,0.5208448967029169,0.0,0.0,0.0,0.0,0.5793479471958574,0.6528145260986068,4.256008586271702,0.0,0.0,0.0,0.9858081822221213,3.2702004040495805,4.256008586271702,0.0,0.0,0.0,0.5208448967029169
2012-01-12 13:00:00,0.2066347067030906,0.0,0.0,0.9811581436267339,0.44013662777605855,0.44013662777605855,0.0,0.0,0.0,0.0,0.5793479471958574,0.6467713344791491,4.235933074072307,0.0,0.0,0.0,0.9811581436267339,3.254774930445573,4.235933074072307,0.0,0.0,0.0,0.44013662777605855
2012-01-12 14:00:00,0.5199647990915768,0.0,0.0,1.009058375199058,0.056136154052592015,0.056136154052592015,0.0,0.0,0.0,0.0,0.5793479471958574,0.5761009531441688,4.356386147268676,0.0,0.0,0.0,1.009058375199058,3.347327772069618,4.356386147268676,0.0,0.0,0.0,0.056136154052592015
2012-01-12 15:00:00,0.5235102029351693,0.0,0.0,1.053233741855238,0.0,0.0,0.0,0.0,0.0,0.0,0.5793479471958574,0.5235102029351693,4.547103513162926,0.0,0.0,0.0,1.053233741855238,3.4938697713076885,4.547103513162926,0.0,0.0,0.0,0.0
2012-01-12 16:00:00,0.5254580084984655,0.0,0.0,1.1136842435952738,0.0,0.0,0.0,0.0,0.0,0.0,0.5793479471958574,0.5254580084984655,4.808085171755059,0.0,0.0,0.0,1.1136842435952738,3.6944009281597854,4.808085171755059,0.0,0.0,0.0,0.0
2012-01-12 17:00:00,0.6426260046905955,0.0,0.0,1.185759841823778,0.0,0.0,0.0,0.0,0.0,0.0,0.5793479471958574,0.6426260046905955,5.119255610845679,0.0,0.0,0.0,1.185759841823778,3.933495769021901,5.119255610845679,0.0,0.0,0.0,0.0
2012-01-12 18:00:00,0.830014888626176,0.0,0.0,1.2159850926937958,0.0,0.0,0.0,0.0,0.0,0.0,0.5793479471958574,0.830014888626176,5.249746440141745,0.0,0.0,0.0,1.2159850926937958,4.03376134744795,5.249746440141745,0.0,0.0,0.0,0.0
2012-01-12 19:00:00,0.9343473455935075,0.0,0.0,1.2252851698845706,0.0,0.0,0.0,0.0,0.0,0.0,0.5793479471958574,0.9343473455935075,5.289897464540535,0.0,0.0,0.0,1.2252851698845706,4.064612294655964,5.289897464540535,0.0,0.0,0.0,0.0
2012-01-12 20:00:00,0.8402533537665795,0.0,0.0,1.1694847067399223,0.0,0.0,0.0,0.0,0.0,0.0,0.5793479471958574,0.8402533537665795,5.048991318147798,0.0,0.0,0.0,1.1694847067399223,3.8795066114078756,5.048991318147798,0.0,0.0,0.0,0.0
2012-01-12 21:00:00,0.7040567955330165,0.0,0.0,1.0183584523898328,0.0,0.0,0.0,0.0,0.0,0.0,0.5793479471958574,0.7040567955330165,4.3965371716674655,0.0,0.0,0.0,1.0183584523898328,3.3781787192776327,4.3965371716674655,0.0,0.0,0.0,0.0
2012-01-12 22:00:00,0.5826935258199407,0.0,0.0,0.6951807700104111,0.0,0.0,0.0,0.0,0.0,0.0,0.5793479471958574,0.5826935258199407,3.001289073809526,0.0,0.0,0.0,0.6951807700104111,2.306108303799115,3.001289073809526,0.0,0.0,0.0,0.0
2012-01-12 23:00:00,0.4314639041363219,0.0,0.0,0.5068542068972228,0.0,0.0,0.0,0.0,0.0,0.0,0.5793479471958574,0.4314639041363219,2.1882308297340356,0.0,0.0,0.0,0.5068542068972228,1.6813766228368128,2.1882308297340356,0.0,0.0,0.0,0.0
