product name,value to be included in the spreadsheet
Advent Solar AS160 [ 2006],Advent_Solar_AS160___2006_
Advent Solar Ventura 210 [ 2008],Advent_Solar_Ventura_210___2008_
Advent Solar Ventura 215 [ 2009],Advent_Solar_Ventura_215___2009_
Aleo S03 160 [2007 (E)],Aleo_S03_160__2007__E__
Aleo S03 165 [2007 (E)],Aleo_S03_165__2007__E__
Aleo S16 165 [2007 (E)],Aleo_S16_165__2007__E__
Aleo S16 170 [2007 (E)],Aleo_S16_170__2007__E__
Aleo S16 175 [2007 (E)],Aleo_S16_175__2007__E__
Aleo S16 180 [2007 (E)],Aleo_S16_180__2007__E__
Aleo S16 185 [2007 (E)],Aleo_S16_185__2007__E__
AstroPower AP-100 [ 2001],AstroPower_AP_100___2001_
AstroPower AP-100 [2000 (E)],AstroPower_AP_100__2000__E__
AstroPower AP-110 [ 2001],AstroPower_AP_110___2001_
AstroPower AP-110 [1999 (E)],AstroPower_AP_110__1999__E__
AstroPower AP-120 [ 2001],AstroPower_AP_120___2001_
AstroPower AP-120 [1999 (E)],AstroPower_AP_120__1999__E__
AstroPower AP-1206 [ 1998],AstroPower_AP_1206___1998_
AstroPower AP-130 [ 2001],AstroPower_AP_130___2001_
AstroPower AP-130 [2002 (E)],AstroPower_AP_130__2002__E__
AstroPower AP-50 [ 2001],AstroPower_AP_50___2001_
AstroPower AP-50 [2000 (E)],AstroPower_AP_50__2000__E__
AstroPower AP-65 [1999 (E)],AstroPower_AP_65__1999__E__
AstroPower AP-75 [ 2001],AstroPower_AP_75___2001_
AstroPower AP-75 [ 2003],AstroPower_AP_75___2003_
AstroPower AP-75 [2003 (E)],AstroPower_AP_75__2003__E__
AstroPower AP-8225 [ 1997],AstroPower_AP_8225___1997_
AstroPower APX-110-SL [ 2002],AstroPower_APX_110_SL___2002_
AstroPower APX-110-SL [2002 (E)],AstroPower_APX_110_SL__2002__E__
AstroPower APX-120 [ 2001],AstroPower_APX_120___2001_
AstroPower APX-120 [2002 (E)],AstroPower_APX_120__2002__E__
AstroPower APX-130 [ 2001],AstroPower_APX_130___2001_
AstroPower APX-130 [2002 (E)],AstroPower_APX_130__2002__E__
AstroPower APX-140 [2002 (E)],AstroPower_APX_140__2002__E__
AstroPower APX-40 [2002 (E)],AstroPower_APX_40__2002__E__
AstroPower APX-45 [ 2001],AstroPower_APX_45___2001_
AstroPower APX-45 [1999 (E)],AstroPower_APX_45__1999__E__
AstroPower APX-45 [2002 (E)],AstroPower_APX_45__2002__E__
AstroPower APX-50 [2002 (E)],AstroPower_APX_50__2002__E__
AstroPower APX-65 [ 2001],AstroPower_APX_65___2001_
AstroPower APX-65 [2002 (E)],AstroPower_APX_65__2002__E__
AstroPower APX-75 [2002 (E)],AstroPower_APX_75__2002__E__
AstroPower APX-75-SC [2002 (E)],AstroPower_APX_75_SC__2002__E__
AstroPower APX-90 [1999 (E)],AstroPower_APX_90__1999__E__
BP Solar BP2140S [2000 (E)],BP_Solar_BP2140S__2000__E__
BP Solar BP2150S [2000 (E)],BP_Solar_BP2150S__2000__E__
BP Solar BP270 [2000 (E)],BP_Solar_BP270__2000__E__
BP Solar BP275 [2000 (E)],BP_Solar_BP275__2000__E__
BP Solar BP3110 [2006 (E)],BP_Solar_BP3110__2006__E__
BP Solar BP3115 [2006 (E)],BP_Solar_BP3115__2006__E__
BP Solar BP3120 [2006 (E)],BP_Solar_BP3120__2006__E__
BP Solar BP3125 [2003 (E)],BP_Solar_BP3125__2003__E__
BP Solar BP3125 [2006 (E)],BP_Solar_BP3125__2006__E__
BP Solar BP3135 [2006 (E)],BP_Solar_BP3135__2006__E__
BP Solar BP3150 [2003 (E)],BP_Solar_BP3150__2003__E__
BP Solar BP3160 [2003 (E)],BP_Solar_BP3160__2003__E__
BP Solar BP3180N [ 2010],BP_Solar_BP3180N___2010_
BP Solar BP3220N Module [ 2010],BP_Solar_BP3220N_Module___2010_
BP Solar BP3232G [ 2010],BP_Solar_BP3232G___2010_
BP Solar BP340 [2004 (E)],BP_Solar_BP340__2004__E__
BP Solar BP350 [2004 (E)],BP_Solar_BP350__2004__E__
BP Solar BP365 [2004 (E)],BP_Solar_BP365__2004__E__
BP Solar BP365TS [2007 (E)],BP_Solar_BP365TS__2007__E__
BP Solar BP380 [ 2004],BP_Solar_BP380___2004_
BP Solar BP380 [2003 (E)],BP_Solar_BP380__2003__E__
BP Solar BP380 [2006 (E)],BP_Solar_BP380__2006__E__
BP Solar BP380J Module [ 2009],BP_Solar_BP380J_Module___2009_
BP Solar BP380J Module [2009 (E)],BP_Solar_BP380J_Module__2009__E__
BP Solar BP4150 [2003 (E)],BP_Solar_BP4150__2003__E__
BP Solar BP4160 [2003 (E)],BP_Solar_BP4160__2003__E__
BP Solar BP4170 [2003 (E)],BP_Solar_BP4170__2003__E__
BP Solar BP4175 [2004 (E)],BP_Solar_BP4175__2004__E__
BP Solar BP485 [2004 (E)],BP_Solar_BP485__2004__E__
BP Solar BP5130 [2000 (E)],BP_Solar_BP5130__2000__E__
BP Solar BP580 [2000 (E)],BP_Solar_BP580__2000__E__
BP Solar BP580 [2002 (E)],BP_Solar_BP580__2002__E__
BP Solar BP585 [ 2001],BP_Solar_BP585___2001_
BP Solar BP585 [2000 (E)],BP_Solar_BP585__2000__E__
BP Solar BP585 [2002 (E)],BP_Solar_BP585__2002__E__
BP Solar BP980 [2001 (E)],BP_Solar_BP980__2001__E__
BP Solar BP990 [2001 (E)],BP_Solar_BP990__2001__E__
BP Solar MSX110 [2003 (E)],BP_Solar_MSX110__2003__E__
BP Solar MSX120 [2003 (E)],BP_Solar_MSX120__2003__E__
BP Solar MSX60 [2003 (E)],BP_Solar_MSX60__2003__E__
BP Solar MSX64 [2003 (E)],BP_Solar_MSX64__2003__E__
BP Solar SX110 [2003 (E)],BP_Solar_SX110__2003__E__
BP Solar SX110S [2003 (E)],BP_Solar_SX110S__2003__E__
BP Solar SX120 [2003 (E)],BP_Solar_SX120__2003__E__
BP Solar SX120S [2003 (E)],BP_Solar_SX120S__2003__E__
BP Solar SX140 [2003 (E)],BP_Solar_SX140__2003__E__
BP Solar SX150 [2003 (E)],BP_Solar_SX150__2003__E__
BP Solar SX160 [2003 (E)],BP_Solar_SX160__2003__E__
BP Solar SX160B [2005 (E)],BP_Solar_SX160B__2005__E__
BP Solar SX170B [2005 (E)],BP_Solar_SX170B__2005__E__
BP Solar SX305 [2007 (E)],BP_Solar_SX305__2007__E__
BP Solar SX310 [2007 (E)],BP_Solar_SX310__2007__E__
BP Solar SX3130 [2007 (E)],BP_Solar_SX3130__2007__E__
BP Solar SX3140 [2007 (E)],BP_Solar_SX3140__2007__E__
BP Solar SX3150 [2003 (E)],BP_Solar_SX3150__2003__E__
BP Solar SX3160 [2003 (E)],BP_Solar_SX3160__2003__E__
BP Solar SX3190 [2007 (E)],BP_Solar_SX3190__2007__E__
BP Solar SX3195 [2007 (E)],BP_Solar_SX3195__2007__E__
BP Solar SX320 [2007 (E)],BP_Solar_SX320__2007__E__
BP Solar SX3200 [2007 (E)],BP_Solar_SX3200__2007__E__
BP Solar SX330 [2007 (E)],BP_Solar_SX330__2007__E__
BP Solar SX340 [2007 (E)],BP_Solar_SX340__2007__E__
BP Solar SX350 [2007 (E)],BP_Solar_SX350__2007__E__
BP Solar SX365 [2007 (E)],BP_Solar_SX365__2007__E__
BP Solar SX375 [2003 (E)],BP_Solar_SX375__2003__E__
BP Solar SX380 [2003 (E)],BP_Solar_SX380__2003__E__
BP Solar SX55 [2003 (E)],BP_Solar_SX55__2003__E__
BP Solar SX60 [2003 (E)],BP_Solar_SX60__2003__E__
BP Solar SX70 [2003 (E)],BP_Solar_SX70__2003__E__
BP Solar SX75 [2003 (E)],BP_Solar_SX75__2003__E__
Canadian Solar CS5P-220M [ 2009],Canadian_Solar_CS5P_220M___2009_
Entech 22X Concentrator [ 1994],Entech_22X_Concentrator___1994_
EPV-40 [ 1998],EPV_40___1998_
Evergreen ES-180 [2008 (E)],Evergreen_ES_180__2008__E__
Evergreen ES-180-RL-T Module [ 2008],Evergreen_ES_180_RL_T_Module___2008_
Evergreen ES-180-RL-T Module [2008 (E)],Evergreen_ES_180_RL_T_Module__2008__E__
Evergreen ES-190 [2008 (E)],Evergreen_ES_190__2008__E__
Evergreen ES-195 [2008 (E)],Evergreen_ES_195__2008__E__
First Solar FS-265 [2007 (E)],First_Solar_FS_265__2007__E__
First Solar FS-267 [2007 (E)],First_Solar_FS_267__2007__E__
First Solar FS-270 [2007 (E)],First_Solar_FS_270__2007__E__
First Solar FS-272 [ 2009],First_Solar_FS_272___2009_
First Solar FS-272 [2007 (E)],First_Solar_FS_272__2007__E__
First Solar FS-275 [2007 (E)],First_Solar_FS_275__2007__E__
First Solar FS-45 [ 2003],First_Solar_FS_45___2003_
First Solar FS-45 [2003 (E)],First_Solar_FS_45__2003__E__
First Solar FS-50 [ 2000],First_Solar_FS_50___2000_
First Solar FS-50 [2001 (E)],First_Solar_FS_50__2001__E__
First Solar FS-50 [2004 (E)],First_Solar_FS_50__2004__E__
First Solar FS-55 [2003 (E)],First_Solar_FS_55__2003__E__
First Solar FS-55 [2004 (E)],First_Solar_FS_55__2004__E__
Kyocera Solar KC120-1 [ 1998],Kyocera_Solar_KC120_1___1998_
Kyocera Solar KC120-1 [1999 (E)],Kyocera_Solar_KC120_1__1999__E__
Kyocera Solar KC125G [2003 (E)],Kyocera_Solar_KC125G__2003__E__
Kyocera Solar KC130TM [2008 (E)],Kyocera_Solar_KC130TM__2008__E__
Kyocera Solar KC150 [ 2002],Kyocera_Solar_KC150___2002_
Kyocera Solar KC150 [2002 (E)],Kyocera_Solar_KC150__2002__E__
Kyocera Solar KC158G [2003 (E)],Kyocera_Solar_KC158G__2003__E__
Kyocera Solar KC167G [2003 (E)],Kyocera_Solar_KC167G__2003__E__
Kyocera Solar KC35 [2003 (E)],Kyocera_Solar_KC35__2003__E__
Kyocera Solar KC40 [2003 (E)],Kyocera_Solar_KC40__2003__E__
Kyocera Solar KC40T [2008 (E)],Kyocera_Solar_KC40T__2008__E__
Kyocera Solar KC45 [2003 (E)],Kyocera_Solar_KC45__2003__E__
Kyocera Solar KC50 [2003 (E)],Kyocera_Solar_KC50__2003__E__
Kyocera Solar KC50T [2008 (E)],Kyocera_Solar_KC50T__2008__E__
Kyocera Solar KC60 [1999 (E)],Kyocera_Solar_KC60__1999__E__
Kyocera Solar KC60 [2003 (E)],Kyocera_Solar_KC60__2003__E__
Kyocera Solar KC65T [2008 (E)],Kyocera_Solar_KC65T__2008__E__
Kyocera Solar KC70 [2003 (E)],Kyocera_Solar_KC70__2003__E__
Kyocera Solar KC80 [ 1998],Kyocera_Solar_KC80___1998_
Kyocera Solar KC80 [1999 (E)],Kyocera_Solar_KC80__1999__E__
Kyocera Solar KC80 [2003 (E)],Kyocera_Solar_KC80__2003__E__
Kyocera Solar KC85T [2008 (E)],Kyocera_Solar_KC85T__2008__E__
Kyocera Solar KD135GX-LP [2008 (E)],Kyocera_Solar_KD135GX_LP__2008__E__
Kyocera Solar KD180GX-LP [2008 (E)],Kyocera_Solar_KD180GX_LP__2008__E__
Kyocera Solar KD205GX-LP [2008 (E)],Kyocera_Solar_KD205GX_LP__2008__E__
Kyocera Solar KS10 [2003 (E)],Kyocera_Solar_KS10__2003__E__
Kyocera Solar KS10 [2008 (E)],Kyocera_Solar_KS10__2008__E__
Kyocera Solar KS12 [2003 (E)],Kyocera_Solar_KS12__2003__E__
Kyocera Solar KS16 [2003 (E)],Kyocera_Solar_KS16__2003__E__
Kyocera Solar KS20 [2003 (E)],Kyocera_Solar_KS20__2003__E__
Kyocera Solar KS20 [2008 (E)],Kyocera_Solar_KS20__2008__E__
Kyocera Solar KS5 [2003 (E)],Kyocera_Solar_KS5__2003__E__
Kyocera Solar KS5 [2008 (E)],Kyocera_Solar_KS5__2008__E__
Kyocera Solar PV110 [2003 (E)],Kyocera_Solar_PV110__2003__E__
Kyocera Solar PV120 [2003 (E)],Kyocera_Solar_PV120__2003__E__
Kyocera Solar PV65 [2003 (E)],Kyocera_Solar_PV65__2003__E__
Kyocera Solar PV75 [2003 (E)],Kyocera_Solar_PV75__2003__E__
Ligitek LM220 BB00 [ 2009],Ligitek_LM220_BB00___2009_
Misubishi PV-MF115UE4N [2008 (E)],Misubishi_PV_MF115UE4N__2008__E__
Misubishi PV-MF120UE4N [2008 (E)],Misubishi_PV_MF120UE4N__2008__E__
Misubishi PV-MF125UE4N [2008 (E)],Misubishi_PV_MF125UE4N__2008__E__
Misubishi PV-MF130UE4N [2008 (E)],Misubishi_PV_MF130UE4N__2008__E__
Misubishi PV-UE115MF5N [2008 (E)],Misubishi_PV_UE115MF5N__2008__E__
Misubishi PV-UE120MF5N [2008 (E)],Misubishi_PV_UE120MF5N__2008__E__
Misubishi PV-UE125MF5N [2008 (E)],Misubishi_PV_UE125MF5N__2008__E__
Misubishi PV-UE130MF5N [2008 (E)],Misubishi_PV_UE130MF5N__2008__E__
Mitsubishi PV-MF165EB3 [ 2003],Mitsubishi_PV_MF165EB3___2003_
Mitsubishi PV-MF165EB3 [2003 (E)],Mitsubishi_PV_MF165EB3__2003__E__
Mitsubishi PV-MF170EB4 [2006 (E)],Mitsubishi_PV_MF170EB4__2006__E__
Mitsubishi PV-MF170UD4 [2006 (E)],Mitsubishi_PV_MF170UD4__2006__E__
Mitsubishi PV-MF175UD4 [2006 (E)],Mitsubishi_PV_MF175UD4__2006__E__
Mitsubishi PV-MF180UD4 [2006 (E)],Mitsubishi_PV_MF180UD4__2006__E__
Mitsubishi PV-MF185UD4 [2006 (E)],Mitsubishi_PV_MF185UD4__2006__E__
Mitsubishi PV-UD175MF5 [2008 (E)],Mitsubishi_PV_UD175MF5__2008__E__
Mitsubishi PV-UD180MF5 [2008 (E)],Mitsubishi_PV_UD180MF5__2008__E__
Mitsubishi PV-UD185MF5 [2008 (E)],Mitsubishi_PV_UD185MF5__2008__E__
Mitsubishi PV-UD190MF5 [2008 (E)],Mitsubishi_PV_UD190MF5__2008__E__
Moser Baer MBPV 220 Module [ 2010],Moser_Baer_MBPV_220_Module___2010_
Moser Baer MBPV 220 Module [2010 (E)],Moser_Baer_MBPV_220_Module__2010__E__
Photowatt PW100 [2003 (E)],Photowatt_PW100__2003__E__
Photowatt PW1000 (100W-12V) [2001 (E)],Photowatt_PW1000__100W_12V___2001__E__
Photowatt PW1000 (100W-24V) [2001 (E)],Photowatt_PW1000__100W_24V___2001__E__
Photowatt PW1000 (105W-12V) [2001 (E)],Photowatt_PW1000__105W_12V___2001__E__
Photowatt PW1000 (105W-24V) [2001 (E)],Photowatt_PW1000__105W_24V___2001__E__
Photowatt PW1000 (24V) [ 2000],Photowatt_PW1000__24V____2000_
Photowatt PW1000 (90W-12V) [2001 (E)],Photowatt_PW1000__90W_12V___2001__E__
Photowatt PW1000 (90W-24V) [2001 (E)],Photowatt_PW1000__90W_24V___2001__E__
Photowatt PW1000 (95W-12V) [2001 (E)],Photowatt_PW1000__95W_12V___2001__E__
Photowatt PW1000 (95W-24V) [2001 (E)],Photowatt_PW1000__95W_24V___2001__E__
Photowatt PW1000-12V [2003 (E)],Photowatt_PW1000_12V__2003__E__
Photowatt PW1000-24V [2003 (E)],Photowatt_PW1000_24V__2003__E__
Photowatt PW1250 [2003 (E)],Photowatt_PW1250__2003__E__
Photowatt PW1650-12 [2003 (E)],Photowatt_PW1650_12__2003__E__
Photowatt PW1650-24 [2003 (E)],Photowatt_PW1650_24__2003__E__
Photowatt PW200-12V [2003 (E)],Photowatt_PW200_12V__2003__E__
Photowatt PW500-12V [2003 (E)],Photowatt_PW500_12V__2003__E__
Photowatt PW6-110 [2003 (E)],Photowatt_PW6_110__2003__E__
Photowatt PW6-123 [2003 (E)],Photowatt_PW6_123__2003__E__
Photowatt PW6-230-12V [2003 (E)],Photowatt_PW6_230_12V__2003__E__
Photowatt PW6-230-24 [2003 (E)],Photowatt_PW6_230_24__2003__E__
Photowatt PW750 [2003 (E)],Photowatt_PW750__2003__E__
Photowatt PW850-12V [2003 (E)],Photowatt_PW850_12V__2003__E__
Photowatt PWX100 [2000 (E)],Photowatt_PWX100__2000__E__
Photowatt PWX200 [2000 (E)],Photowatt_PWX200__2000__E__
Photowatt PWX500 [ 1998],Photowatt_PWX500___1998_
Photowatt PWX500 (42W) [2000 (E)],Photowatt_PWX500__42W___2000__E__
Photowatt PWX500 (47W) [2000 (E)],Photowatt_PWX500__47W___2000__E__
Photowatt PWX500 (52W) [2000 (E)],Photowatt_PWX500__52W___2000__E__
Photowatt PWX750 (70W) [2000 (E)],Photowatt_PWX750__70W___2000__E__
Photowatt PWX750 (75W) [2000 (E)],Photowatt_PWX750__75W___2000__E__
Photowatt PWX750 (80W) [2000 (E)],Photowatt_PWX750__80W___2000__E__
PowerLight PL-210-QM-I [2008 (E)],PowerLight_PL_210_QM_I__2008__E__
PowerLight PL-225-QM-I [2008 (E)],PowerLight_PL_225_QM_I__2008__E__
Sanyo H168 [ 2005],Sanyo_H168___2005_
Sanyo HIP-180BA3 [2006 (E)],Sanyo_HIP_180BA3__2006__E__
Sanyo HIP-180DA3 Bifacial [2007 (E)],Sanyo_HIP_180DA3_Bifacial__2007__E__
Sanyo HIP-186BA3 [2006 (E)],Sanyo_HIP_186BA3__2006__E__
Sanyo HIP-186DA1 Bifacial [2006 (E)],Sanyo_HIP_186DA1_Bifacial__2006__E__
Sanyo HIP-186DA3 Bifacial [2007 (E)],Sanyo_HIP_186DA3_Bifacial__2007__E__
Sanyo HIP-190BA2 [ 2003],Sanyo_HIP_190BA2___2003_
Sanyo HIP-190BA2 [2004 (E)],Sanyo_HIP_190BA2__2004__E__
Sanyo HIP-190BA3 [2006 (E)],Sanyo_HIP_190BA3__2006__E__
Sanyo HIP-190BE11 [2006 (E)],Sanyo_HIP_190BE11__2006__E__
Sanyo HIP-190DA1 Bifacial [2006 (E)],Sanyo_HIP_190DA1_Bifacial__2006__E__
Sanyo HIP-190DA3 Bifacial [2007 (E)],Sanyo_HIP_190DA3_Bifacial__2007__E__
Sanyo HIP-195BA3 [2006 (E)],Sanyo_HIP_195BA3__2006__E__
Sanyo HIP-195BE11 [2006 (E)],Sanyo_HIP_195BE11__2006__E__
Sanyo HIP-195DA3 Bifacial [2007 (E)],Sanyo_HIP_195DA3_Bifacial__2007__E__
Sanyo HIP-200BA19 [ 2009],Sanyo_HIP_200BA19___2009_
Sanyo HIP-200BA3 [2006 (E)],Sanyo_HIP_200BA3__2006__E__
Sanyo HIP-200BE11 [2006 (E)],Sanyo_HIP_200BE11__2006__E__
Sanyo HIP-200DA3 Bifacial [2007 (E)],Sanyo_HIP_200DA3_Bifacial__2007__E__
Sanyo HIP-205BA3 [2006 (E)],Sanyo_HIP_205BA3__2006__E__
Sanyo HIP-205NKHE1 [2008 (E)],Sanyo_HIP_205NKHE1__2008__E__
Sanyo HIP-210NKHE1 [2008 (E)],Sanyo_HIP_210NKHE1__2008__E__
Sanyo HIP-215HDE1 [2008 (E)],Sanyo_HIP_215HDE1__2008__E__
Sanyo HIP-215NKHE1 [2008 (E)],Sanyo_HIP_215NKHE1__2008__E__
Sanyo HIP-220HDE1 [2008 (E)],Sanyo_HIP_220HDE1__2008__E__
Sanyo HIP-225HDE1 [2008 (E)],Sanyo_HIP_225HDE1__2008__E__
Sanyo HIP-2717 [2004 (E)],Sanyo_HIP_2717__2004__E__
Sanyo HIP-55172 [2003 (E)],Sanyo_HIP_55172__2003__E__
Sanyo HIP-6219 [2003 (E)],Sanyo_HIP_6219__2003__E__
Sanyo HIP-63S1 [2004 (E)],Sanyo_HIP_63S1__2004__E__
Sanyo HIP-6751B [ 2001],Sanyo_HIP_6751B___2001_
Sanyo HIP-6751B [2002 (E)],Sanyo_HIP_6751B__2002__E__
Sanyo HIP-Bifacial Prototype [ 2005],Sanyo_HIP_Bifacial_Prototype___2005_
Sanyo HIP-H552BA2 [ 2004],Sanyo_HIP_H552BA2___2004_
Sanyo HIP-HO97 [ 2002],Sanyo_HIP_HO97___2002_
Sanyo HIP-HO97 [2002 (E)],Sanyo_HIP_HO97__2002__E__
Sanyo HIP-J54BA2 [2004 (E)],Sanyo_HIP_J54BA2__2004__E__
Schott Solar ASE-100-ATF-17 (100) [1999 (E)],Schott_Solar_ASE_100_ATF_17__100___1999__E__
Schott Solar ASE-100-ATF-17 (85) [1999 (E)],Schott_Solar_ASE_100_ATF_17__85___1999__E__
Schott Solar ASE-100-ATF-17 (92) [1999 (E)],Schott_Solar_ASE_100_ATF_17__92___1999__E__
Schott Solar ASE-100-ATF-34 (100) [1999 (E)],Schott_Solar_ASE_100_ATF_34__100___1999__E__
Schott Solar ASE-100-ATF-34 (85) [1999 (E)],Schott_Solar_ASE_100_ATF_34__85___1999__E__
Schott Solar ASE-100-ATF-34 (92) [1999 (E)],Schott_Solar_ASE_100_ATF_34__92___1999__E__
Schott Solar ASE-250-DGF-50 (250) [2007 (E)],Schott_Solar_ASE_250_DGF_50__250___2007__E__
Schott Solar ASE-270-DGF-50 (260) [2007 (E)],Schott_Solar_ASE_270_DGF_50__260___2007__E__
Schott Solar ASE-270-DGF-50 (270) [2007 (E)],Schott_Solar_ASE_270_DGF_50__270___2007__E__
Schott Solar ASE-300-DGF-17 (265) [1999 (E)],Schott_Solar_ASE_300_DGF_17__265___1999__E__
Schott Solar ASE-300-DGF-17 (285) [1999 (E)],Schott_Solar_ASE_300_DGF_17__285___1999__E__
Schott Solar ASE-300-DGF-17 (300) [1999 (E)],Schott_Solar_ASE_300_DGF_17__300___1999__E__
Schott Solar ASE-300-DGF-50 [ 1995],Schott_Solar_ASE_300_DGF_50___1995_
Schott Solar ASE-300-DGF-50 (265) [1999 (E)],Schott_Solar_ASE_300_DGF_50__265___1999__E__
Schott Solar ASE-300-DGF-50 (280) [2007 (E)],Schott_Solar_ASE_300_DGF_50__280___2007__E__
Schott Solar ASE-300-DGF-50 (285) [1999 (E)],Schott_Solar_ASE_300_DGF_50__285___1999__E__
Schott Solar ASE-300-DGF-50 (290) [2007 (E)],Schott_Solar_ASE_300_DGF_50__290___2007__E__
Schott Solar ASE-300-DGF-50 (300) [1999 (E)],Schott_Solar_ASE_300_DGF_50__300___1999__E__
Schott Solar ASE-300-DGF-50 (300) [2007 (E)],Schott_Solar_ASE_300_DGF_50__300___2007__E__
Schott Solar ASE-300-DGF-50 (310) [2007 (E)],Schott_Solar_ASE_300_DGF_50__310___2007__E__
Schott Solar ASE-300-DGF-50 (320) [2007 (E)],Schott_Solar_ASE_300_DGF_50__320___2007__E__
Schott Solar ASE-50-ALF-17 [ 1997],Schott_Solar_ASE_50_ALF_17___1997_
Schott Solar ASE-50-ATF-17 (45) [1999 (E)],Schott_Solar_ASE_50_ATF_17__45___1999__E__
Schott Solar ASE-50-ATF-17 (50) [1999 (E)],Schott_Solar_ASE_50_ATF_17__50___1999__E__
Schott Solar SAPC 165 [ 2001],Schott_Solar_SAPC_165___2001_
Schott Solar SAPC 165 [2002 (E)],Schott_Solar_SAPC_165__2002__E__
Schott Solar SAPC 170 [2007 (E)],Schott_Solar_SAPC_170__2007__E__
Schott Solar SAPC 175 [2007 (E)],Schott_Solar_SAPC_175__2007__E__
Sharp ND-070ERU-LU [2003 (E)],Sharp_ND_070ERU_LU__2003__E__
Sharp ND-123U1 [2003 (E)],Sharp_ND_123U1__2003__E__
Sharp ND-160E1 [2004 (E)],Sharp_ND_160E1__2004__E__
Sharp ND-167U1 [2003 (E)],Sharp_ND_167U1__2003__E__
Sharp ND-167U1F [ 2006],Sharp_ND_167U1F___2006_
Sharp ND-167U1F [2006 (E)],Sharp_ND_167U1F__2006__E__
Sharp ND-187U1F [2007 (E)],Sharp_ND_187U1F__2007__E__
Sharp ND-208U1 [2005 (E)],Sharp_ND_208U1__2005__E__
Sharp ND-208U1F [2006 (E)],Sharp_ND_208U1F__2006__E__
Sharp ND-216U1F [2008 (E)],Sharp_ND_216U1F__2008__E__
Sharp ND-216U2 [2007 (E)],Sharp_ND_216U2__2007__E__
Sharp ND-L3E1U [2002 (E)],Sharp_ND_L3E1U__2002__E__
Sharp ND-L3E6E [2004 (E)],Sharp_ND_L3E6E__2004__E__
Sharp ND-NOECU [2003 (E)],Sharp_ND_NOECU__2003__E__
Sharp ND-Q0E2U [2002 (E)],Sharp_ND_Q0E2U__2002__E__
Sharp NE-165U1 [2004 (E)],Sharp_NE_165U1__2004__E__
Sharp NE-170U1 [2007 (E)],Sharp_NE_170U1__2007__E__
Sharp NE-80E1U [2002 (E)],Sharp_NE_80E1U__2002__E__
Sharp NE-H120E1 [ 2001],Sharp_NE_H120E1___2001_
Sharp NE-H120E1 [2002 (E)],Sharp_NE_H120E1__2002__E__
Sharp NE-K125U2 [2002 (E)],Sharp_NE_K125U2__2002__E__
Sharp NE-Q5E2U [2002 (E)],Sharp_NE_Q5E2U__2002__E__
Sharp NT-175U1 [2007 (E)],Sharp_NT_175U1__2007__E__
Sharp NT-185U1 [2003 (E)],Sharp_NT_185U1__2003__E__
Sharp NT-5AE3D [ 2004],Sharp_NT_5AE3D___2004_
Sharp NT-R5E1U [2002 (E)],Sharp_NT_R5E1U__2002__E__
Sharp NT-S5E1U [2003 (E)],Sharp_NT_S5E1U__2003__E__
Shell Solar S10 [2003 (E)],Shell_Solar_S10__2003__E__
Shell Solar S105 [2002 (E)],Shell_Solar_S105__2002__E__
Shell Solar S115 [2002 (E)],Shell_Solar_S115__2002__E__
Shell Solar S165 [ 2002],Shell_Solar_S165___2002_
Shell Solar S25 [2002 (E)],Shell_Solar_S25__2002__E__
Shell Solar S36 [2003 (E)],Shell_Solar_S36__2003__E__
Shell Solar S65 [2003 (E)],Shell_Solar_S65__2003__E__
Shell Solar S70-C [2003 (E)],Shell_Solar_S70_C__2003__E__
Shell Solar S75-C [2003 (E)],Shell_Solar_S75_C__2003__E__
Shell Solar S80 [ 2002],Shell_Solar_S80___2002_
Shell Solar SM10 [1999 (E)],Shell_Solar_SM10__1999__E__
Shell Solar SM100-12 [2003 (E)],Shell_Solar_SM100_12__2003__E__
Shell Solar SM100-24 [2003 (E)],Shell_Solar_SM100_24__2003__E__
Shell Solar SM110-12 [2003 (E)],Shell_Solar_SM110_12__2003__E__
Shell Solar SM110-24 [2003 (E)],Shell_Solar_SM110_24__2003__E__
Shell Solar SM20 [1999 (E)],Shell_Solar_SM20__1999__E__
Shell Solar SM46 [2002 (E)],Shell_Solar_SM46__2002__E__
Shell Solar SM50 [1999 (E)],Shell_Solar_SM50__1999__E__
Shell Solar SM50-H [2002 (E)],Shell_Solar_SM50_H__2002__E__
Shell Solar SM55 [ 1997],Shell_Solar_SM55___1997_
Shell Solar SM55 [2002 (E)],Shell_Solar_SM55__2002__E__
Shell Solar SM6 [ 1997],Shell_Solar_SM6___1997_
Shell Solar SM6 [1999 (E)],Shell_Solar_SM6__1999__E__
Shell Solar SP130 [ 2001],Shell_Solar_SP130___2001_
Shell Solar SP130 [2001 (E)],Shell_Solar_SP130__2001__E__
Shell Solar SP140 [2001 (E)],Shell_Solar_SP140__2001__E__
Shell Solar SP140 [2002 (E)],Shell_Solar_SP140__2002__E__
Shell Solar SP150 [2001 (E)],Shell_Solar_SP150__2001__E__
Shell Solar SP150 [2002 (E)],Shell_Solar_SP150__2002__E__
Shell Solar SP18 (12V) [1999 (E)],Shell_Solar_SP18__12V___1999__E__
Shell Solar SP18 (6V) [1999 (E)],Shell_Solar_SP18__6V___1999__E__
Shell Solar SP36 (12V) [1999 (E)],Shell_Solar_SP36__12V___1999__E__
Shell Solar SP36 (6V) [1999 (E)],Shell_Solar_SP36__6V___1999__E__
Shell Solar SP65 (12V) [2001 (E)],Shell_Solar_SP65__12V___2001__E__
Shell Solar SP70 (12V) [1999 (E)],Shell_Solar_SP70__12V___1999__E__
Shell Solar SP70 (6V) [1999 (E)],Shell_Solar_SP70__6V___1999__E__
Shell Solar SP75 [ 1997],Shell_Solar_SP75___1997_
Shell Solar SP75 (12V) [2002 (E)],Shell_Solar_SP75__12V___2002__E__
Shell Solar SP75 (6V) [2003 (E)],Shell_Solar_SP75__6V___2003__E__
Shell Solar SQ140-PC [2003 (E)],Shell_Solar_SQ140_PC__2003__E__
Shell Solar SQ150-PC [2003 (E)],Shell_Solar_SQ150_PC__2003__E__
Shell Solar SQ160-PC [2004 (E)],Shell_Solar_SQ160_PC__2004__E__
Shell Solar SQ70 <12V> [2003 (E)],Shell_Solar_SQ70_<12V>__2003__E__
Shell Solar SQ70 <6V> [2003 (E)],Shell_Solar_SQ70_<6V>__2003__E__
Shell Solar SQ75 <12V> [2004 (E)],Shell_Solar_SQ75_<12V>__2004__E__
Shell Solar SQ75 <6V> [2004 (E)],Shell_Solar_SQ75_<6V>__2004__E__
Shell Solar SQ80 <12V> [2003 (E)],Shell_Solar_SQ80_<12V>__2003__E__
Shell Solar SQ80 <6V> [2003 (E)],Shell_Solar_SQ80_<6V>__2003__E__
Shell Solar SR100 (12V) [1999 (E)],Shell_Solar_SR100__12V___1999__E__
Shell Solar SR100 (6V) [1999 (E)],Shell_Solar_SR100__6V___1999__E__
Shell Solar SR50 (12V) [1999 (E)],Shell_Solar_SR50__12V___1999__E__
Shell Solar SR50 (6V) [1999 (E)],Shell_Solar_SR50__6V___1999__E__
Shell Solar SR90 (12V) [ 1998],Shell_Solar_SR90__12V____1998_
Shell Solar SR90 (12V) [1999 (E)],Shell_Solar_SR90__12V___1999__E__
Shell Solar SR90 (6V) [1999 (E)],Shell_Solar_SR90__6V___1999__E__
Shell Solar ST10 [ 1998],Shell_Solar_ST10___1998_
Shell Solar ST10 [1999 (E)],Shell_Solar_ST10__1999__E__
Shell Solar ST20 [1999 (E)],Shell_Solar_ST20__1999__E__
Shell Solar ST36 [2003 (E)],Shell_Solar_ST36__2003__E__
Shell Solar ST40 [1999 (E)],Shell_Solar_ST40__1999__E__
Shell Solar ST5 [ 1999],Shell_Solar_ST5___1999_
Shell Solar ST5 [1999 (E)],Shell_Solar_ST5__1999__E__
Siemens Solar SM10 [1999 (E)],Siemens_Solar_SM10__1999__E__
Siemens Solar SM20 [1999 (E)],Siemens_Solar_SM20__1999__E__
Siemens Solar SM46 [2002 (E)],Siemens_Solar_SM46__2002__E__
Siemens Solar SM50 [1999 (E)],Siemens_Solar_SM50__1999__E__
Siemens Solar SM50-H [2002 (E)],Siemens_Solar_SM50_H__2002__E__
Siemens Solar SM55 [ 1997],Siemens_Solar_SM55___1997_
Siemens Solar SM55 [2002 (E)],Siemens_Solar_SM55__2002__E__
Siemens Solar SM6 [ 1997],Siemens_Solar_SM6___1997_
Siemens Solar SM6 [1999 (E)],Siemens_Solar_SM6__1999__E__
Siemens Solar SP130 [ 2001],Siemens_Solar_SP130___2001_
Siemens Solar SP130 [2001 (E)],Siemens_Solar_SP130__2001__E__
Siemens Solar SP140 [2001 (E)],Siemens_Solar_SP140__2001__E__
Siemens Solar SP140 [2002 (E)],Siemens_Solar_SP140__2002__E__
Siemens Solar SP150 [2001 (E)],Siemens_Solar_SP150__2001__E__
Siemens Solar SP150 [2002 (E)],Siemens_Solar_SP150__2002__E__
Siemens Solar SP18 (12V) [1999 (E)],Siemens_Solar_SP18__12V___1999__E__
Siemens Solar SP18 (6V) [1999 (E)],Siemens_Solar_SP18__6V___1999__E__
Siemens Solar SP36 (12V) [1999 (E)],Siemens_Solar_SP36__12V___1999__E__
Siemens Solar SP36 (6V) [1999 (E)],Siemens_Solar_SP36__6V___1999__E__
Siemens Solar SP65 (12V) [2001 (E)],Siemens_Solar_SP65__12V___2001__E__
Siemens Solar SP70 (12V) [1999 (E)],Siemens_Solar_SP70__12V___1999__E__
Siemens Solar SP70 (6V) [1999 (E)],Siemens_Solar_SP70__6V___1999__E__
Siemens Solar SP75 [ 1997],Siemens_Solar_SP75___1997_
Siemens Solar SP75 (12V) [2002 (E)],Siemens_Solar_SP75__12V___2002__E__
Siemens Solar SP75 (6V) [2003 (E)],Siemens_Solar_SP75__6V___2003__E__
Siemens Solar SR100 (12V) [1999 (E)],Siemens_Solar_SR100__12V___1999__E__
Siemens Solar SR100 (6V) [1999 (E)],Siemens_Solar_SR100__6V___1999__E__
Siemens Solar SR50 (12V) [1999 (E)],Siemens_Solar_SR50__12V___1999__E__
Siemens Solar SR50 (6V) [1999 (E)],Siemens_Solar_SR50__6V___1999__E__
Siemens Solar SR90 (12V) [ 1998],Siemens_Solar_SR90__12V____1998_
Siemens Solar SR90 (12V) [1999 (E)],Siemens_Solar_SR90__12V___1999__E__
Siemens Solar SR90 (6V) [1999 (E)],Siemens_Solar_SR90__6V___1999__E__
Siemens Solar ST10 [ 1998],Siemens_Solar_ST10___1998_
Siemens Solar ST10 [1999 (E)],Siemens_Solar_ST10__1999__E__
Siemens Solar ST20 [1999 (E)],Siemens_Solar_ST20__1999__E__
Siemens Solar ST40 [1999 (E)],Siemens_Solar_ST40__1999__E__
Siemens Solar ST5 [ 1999],Siemens_Solar_ST5___1999_
Siemens Solar ST5 [1999 (E)],Siemens_Solar_ST5__1999__E__
Solar Fabrik SF-100 [ 1998],Solar_Fabrik_SF_100___1998_
Solar Fabrik SF-115 [ 1998],Solar_Fabrik_SF_115___1998_
Solar Semiconductor Inc. SSI-M6-220 Module [ 2008],Solar_Semiconductor_Inc__SSI_M6_220_Module___2008_
Solar Semiconductor Inc. SSI-M6-220 Module [2008 (E)],Solar_Semiconductor_Inc__SSI_M6_220_Module__2008__E__
Solar World SW175 Mono Sun Module [ 2009],Solar_World_SW175_Mono_Sun_Module___2009_
Solar World SW175 Mono Sun Module [2009 (E)],Solar_World_SW175_Mono_Sun_Module__2009__E__
Solarex MST-43LV [ 1998],Solarex_MST_43LV___1998_
Solarex MST-43LV [1999 (E)],Solarex_MST_43LV__1999__E__
Solarex MST-43MV [ 1998],Solarex_MST_43MV___1998_
Solarex MST-43MV [1999 (E)],Solarex_MST_43MV__1999__E__
Solarex MSX-110 [2000 (E)],Solarex_MSX_110__2000__E__
Solarex MSX-120 [1999 (E)],Solarex_MSX_120__1999__E__
Solarex MSX-120 [2000 (E)],Solarex_MSX_120__2000__E__
Solarex MSX-240 [2000 (E)],Solarex_MSX_240__2000__E__
Solarex MSX-60 [1999 (E)],Solarex_MSX_60__1999__E__
Solarex MSX-64 [ 1997],Solarex_MSX_64___1997_
Solarex MSX-64 [1999 (E)],Solarex_MSX_64__1999__E__
Solarex MSX-64 (SiNx Proto) [ 1999],Solarex_MSX_64__SiNx_Proto____1999_
Solarex MSX-77 [1999 (E)],Solarex_MSX_77__1999__E__
Solarex MSX-83 [1999 (E)],Solarex_MSX_83__1999__E__
SolarFun SF220-30-P220 [ 2010],SolarFun_SF220_30_P220___2010_
SolFocus SF-1100S-CPV-28 (315) [ 2010],SolFocus_SF_1100S_CPV_28__315____2010_
SolFocus SF-1100S-CPV-28 (330) [ 2010],SolFocus_SF_1100S_CPV_28__330____2010_
Suniva Titan 230 [2009 (E)],Suniva_Titan_230__2009__E__
Suniva Titan 240 [2009 (E)],Suniva_Titan_240__2009__E__
SunPower 128-Cell Module [ 2009],SunPower_128_Cell_Module___2009_
SunPower 128-Cell Module [2009 (E)],SunPower_128_Cell_Module__2009__E__
SunPower 72 Cell prototype [ 2003],SunPower_72_Cell_prototype___2003_
SunPower SP305 GEN C Module [ 2008],SunPower_SP305_GEN_C_Module___2008_
SunPower SP305 GEN C Module [2008 (E)],SunPower_SP305_GEN_C_Module__2008__E__
SunPower SPR-200-BLK [2004 (E)],SunPower_SPR_200_BLK__2004__E__
SunPower SPR-200-BLK-U Module [ 2008],SunPower_SPR_200_BLK_U_Module___2008_
SunPower SPR-200-BLK-U Module [2008 (E)],SunPower_SPR_200_BLK_U_Module__2008__E__
SunPower SPR-205-BLK [2007 (E)],SunPower_SPR_205_BLK__2007__E__
SunPower SPR-210-BLK [2007 (E)],SunPower_SPR_210_BLK__2007__E__
SunPower SPR-210-WHT [ 2006],SunPower_SPR_210_WHT___2006_
SunPower SPR-210-WHT [2004 (E)],SunPower_SPR_210_WHT__2004__E__
SunPower SPR-210-WHT [2007 (E)],SunPower_SPR_210_WHT__2007__E__
SunPower SPR-210-WHT-U Module [ 2008],SunPower_SPR_210_WHT_U_Module___2008_
SunPower SPR-210-WHT-U Module [2008 (E)],SunPower_SPR_210_WHT_U_Module__2008__E__
SunPower SPR-215-WHT [2007 (E)],SunPower_SPR_215_WHT__2007__E__
SunPower SPR-220 (CS) [ 2006],SunPower_SPR_220__CS____2006_
SunPower SPR-220 (PVL) [ 2006],SunPower_SPR_220__PVL____2006_
SunPower SPR-220-BLK-U Module [ 2008],SunPower_SPR_220_BLK_U_Module___2008_
SunPower SPR-220-BLK-U Module [2008 (E)],SunPower_SPR_220_BLK_U_Module__2008__E__
SunPower SPR-225-BLK [2007 (E)],SunPower_SPR_225_BLK__2007__E__
SunPower SPR-225-WHT [2007 (E)],SunPower_SPR_225_WHT__2007__E__
SunPower SPR-230-WHT [2007 (E)],SunPower_SPR_230_WHT__2007__E__
SunPower SPR-300-WHT [2007 (E)],SunPower_SPR_300_WHT__2007__E__
SunPower SPR-305-WHT [ 2009],SunPower_SPR_305_WHT___2009_
SunPower SPR-305-WHT [2007 (E)],SunPower_SPR_305_WHT__2007__E__
SunPower SPR-315E-WHT [2007 (E)],SunPower_SPR_315E_WHT__2007__E__
SunPower SPR-90 [2004 (E)],SunPower_SPR_90__2004__E__
SunPower SunTile [2007 (E)],SunPower_SunTile__2007__E__
Suntech STP170S-24-Ac [2007 (E)],Suntech_STP170S_24_Ac__2007__E__
Suntech STP175S-24-Ac [2007 (E)],Suntech_STP175S_24_Ac__2007__E__
Suntech STP180S-24-Ac [2007 (E)],Suntech_STP180S_24_Ac__2007__E__
Suntech STP200S-18-ub-1 Module [ 2009],Suntech_STP200S_18_ub_1_Module___2009_
Suntech STP200S-18-ub-1 Module [2009 (E)],Suntech_STP200S_18_ub_1_Module__2009__E__
Suntech STP260S-24-Vb [2007 (E)],Suntech_STP260S_24_Vb__2007__E__
Suntech STP270S-24-Vb [2007 (E)],Suntech_STP270S_24_Vb__2007__E__
Suntech STP270S-24-Vb Module [ 2008],Suntech_STP270S_24_Vb_Module___2008_
Suntech STP270S-24-Vb Module [2008 (E)],Suntech_STP270S_24_Vb_Module__2008__E__
Suntech STP280S-24-Vb [2007 (E)],Suntech_STP280S_24_Vb__2007__E__
Uni-Solar PVL-116 [2003 (E)],Uni_Solar_PVL_116__2003__E__
Uni-Solar PVL-124 [2006 (E)],Uni_Solar_PVL_124__2006__E__
Uni-Solar PVL-128 [2003 (E)],Uni_Solar_PVL_128__2003__E__
Uni-Solar PVL-136 [2005 (E)],Uni_Solar_PVL_136__2005__E__
Uni-Solar PVL-29 [2003 (E)],Uni_Solar_PVL_29__2003__E__
Uni-Solar PVL-58 [2003 (E)],Uni_Solar_PVL_58__2003__E__
Uni-Solar PVL-64 [2003 (E)],Uni_Solar_PVL_64__2003__E__
Uni-Solar PVL-68 [2005 (E)],Uni_Solar_PVL_68__2005__E__
Uni-Solar PVL-87 [2003 (E)],Uni_Solar_PVL_87__2003__E__
Uni-Solar SHR-17 [2004 (E)],Uni_Solar_SHR_17__2004__E__
Uni-Solar US-11 [2005 (E)],Uni_Solar_US_11__2005__E__
Uni-Solar US-116 [2003 (E)],Uni_Solar_US_116__2003__E__
Uni-Solar US-21 [2003 (E)],Uni_Solar_US_21__2003__E__
Uni-Solar US-3 [2003 (E)],Uni_Solar_US_3__2003__E__
Uni-Solar US-32 [ 1997],Uni_Solar_US_32___1997_
Uni-Solar US-32 [1997 (E)],Uni_Solar_US_32__1997__E__
Uni-Solar US-32 [2005 (E)],Uni_Solar_US_32__2005__E__
Uni-Solar US-42 [2003 (E)],Uni_Solar_US_42__2003__E__
Uni-Solar US-5 [2005 (E)],Uni_Solar_US_5__2005__E__
Uni-Solar US-64 [ 1997],Uni_Solar_US_64___1997_
Uni-Solar US-64 [1997 (E)],Uni_Solar_US_64__1997__E__
Uni-Solar US-64 [2005 (E)],Uni_Solar_US_64__2005__E__
Uni-Solar USF-11 [2003 (E)],Uni_Solar_USF_11__2003__E__
Uni-Solar USF-32 [2003 (E)],Uni_Solar_USF_32__2003__E__
Uni-Solar USF-5 [2003 (E)],Uni_Solar_USF_5__2003__E__
Yingli Solar YL220 Module [ 2008],Yingli_Solar_YL220_Module___2008_
Yingli Solar YL220 Module [2008 (E)],Yingli_Solar_YL220_Module__2008__E__
Yingli Solar YL230-29b Module [ 2009],Yingli_Solar_YL230_29b_Module___2009_
Yingli Solar YL230-29b Module [2009 (E)],Yingli_Solar_YL230_29b_Module__2009__E__
Yingli YL210 [2008 (E)],Yingli_YL210__2008__E__
Panasonic VBHN235SA06B [2013],Panasonic_VBHN235SA06B__2013_
Trina TSM-240PA05 [2013],Trina_TSM_240PA05__2013_
Hanwha HSL60P6-PA-4-250T [2013],Hanwha_HSL60P6_PA_4_250T__2013_
Suniva OPT300-72-4-100 [2013],Suniva_OPT300_72_4_100__2013_
Canadian Solar CS6X-300M [2013],Canadian_Solar_CS6X_300M__2013_
LG LG290N1C-G3 [2013],LG_LG290N1C_G3__2013_
Sharp NDQ235F4 [2013],Sharp_NDQ235F4__2013_
Solar Frontier SF-160S [2013],Solar_Frontier_SF_160S__2013_
SolarWorld Sunmodule 250 Poly [2013],SolarWorld_Sunmodule_250_Poly__2013_
Silevo Triex U300 Black [2014],Silevo_Triex_U300_Black__2014_
