date,ID_electricity_bus_shortage_output1,ID_gas_bus_shortage_output1,ID_cooling_bus_shortage_output1,ID_hp_electricity_bus_shortage_output1,ID_electricity_sink_input1,ID_heat_sink_input1,ID_cooling_sink_input1,ID_thermal_storage_input1,ID_thermal_storage_output1,ID_thermal_storage_capacity,ID_gasheating_transformer_input1,ID_gasheating_transformer_output1,ID_GCHP_transformer_input1,ID_GCHP_transformer_input2,ID_GCHP_transformer_output1
2012-01-01 00:00:00,0.2912219035789898,0.0,20.0,0.35982819539211364,0.2912219035789898,1.5534785740157577,20.0,0.0,0.0,0.13004499723157903,0.0,0.0,1.193650378623644,0.35982819539211364,1.5534785740157577
2012-01-01 01:00:00,0.215507205272396,0.0,20.0,0.3819714689547053,0.215507205272396,1.6490772554936506,20.0,0.0,0.0,0.13004499723157903,0.0,0.0,1.2671057865389455,0.3819714689547053,1.6490772554936506
2012-01-01 02:00:00,0.19752746161119958,0.0,20.0,0.39857892412664897,0.19752746161119958,1.72077626660207,20.0,0.0,0.0,0.13004499723157903,0.0,0.0,1.3221973424754212,0.39857892412664897,1.72077626660207
2012-01-01 03:00:00,0.1923333134424095,0.0,20.0,0.4576276536268932,0.1923333134424095,1.9757060838764509,20.0,0.0,0.0,0.13004499723157903,0.0,0.0,1.5180784302495576,0.4576276536268932,1.9757060838764509
2012-01-01 04:00:00,0.19542982485072669,0.0,20.0,0.6052494773775039,0.19542982485072669,2.6130306270624026,20.0,0.0,0.0,0.13004499723157903,0.0,0.0,2.0077811496848987,0.6052494773775039,2.6130306270624026
2012-01-01 05:00:00,0.23393644252512233,0.0,20.0,0.8949573064880776,0.23393644252512233,3.8637800430648337,20.0,0.0,0.0,0.13004499723157903,0.0,0.0,2.9688227365767563,0.8949573064880776,3.8637800430648337
2012-01-01 06:00:00,0.4499430851214405,0.0,20.0,1.144069134067233,0.4499430851214405,4.939265209691127,20.0,0.0,0.0,0.13004499723157903,0.0,0.0,3.7951960756238945,1.144069134067233,4.939265209691127
2012-01-01 07:00:00,0.6464217283524036,0.0,20.0,1.0665676765981627,0.6464217283524036,4.604669824518503,20.0,0.0,0.0,0.13004499723157903,0.0,0.0,3.5381021479203403,1.0665676765981627,4.604669824518503
2012-01-01 08:00:00,0.666748827436034,0.0,20.0,0.9724587639571483,0.666748827436034,4.198375428237458,20.0,0.0,0.0,0.13004499723157903,0.0,0.0,3.22591666428031,0.9724587639571483,4.198375428237458
2012-01-01 09:00:00,0.6154066705368397,0.0,20.0,0.8968025792849601,0.6154066705368397,3.8717465998546574,20.0,0.0,0.0,0.13004499723157903,0.0,0.0,2.9749440205696973,0.8968025792849601,3.8717465998546574
2012-01-01 10:00:00,0.580396114129899,0.0,20.0,0.832218031394068,0.580396114129899,3.592917112210804,20.0,0.0,0.0,0.13004499723157903,0.0,0.0,2.760699080816736,0.832218031394068,3.592917112210804
2012-01-01 11:00:00,0.5909342416646558,0.0,20.0,0.7934673026595326,0.5909342416646558,3.425619419624491,20.0,0.0,0.0,0.13004499723157903,0.0,0.0,2.6321521169649587,0.7934673026595326,3.425619419624491
2012-01-01 12:00:00,0.6528145260986068,0.0,20.0,0.7823956658782368,0.6528145260986068,3.377820078885545,20.0,0.0,0.0,0.13004499723157903,0.0,0.0,2.5954244130073083,0.7823956658782368,3.377820078885545
2012-01-01 13:00:00,0.6467713344791491,0.0,20.0,0.7787051202844716,0.6467713344791491,3.3618869653058963,20.0,0.0,0.0,0.13004499723157903,0.0,0.0,2.5831818450214246,0.7787051202844716,3.3618869653058963
2012-01-01 14:00:00,0.5761009531441688,0.0,20.0,0.8008483938470632,0.5761009531441688,3.457485646783789,20.0,0.0,0.0,0.13004499723157903,0.0,0.0,2.6566372529367257,0.8008483938470632,3.457485646783789
2012-01-01 15:00:00,0.5235102029351693,0.0,20.0,0.8359085769878332,0.5235102029351693,3.6088502257904524,20.0,0.0,0.0,0.13004499723157903,0.0,0.0,2.7729416488026195,0.8359085769878332,3.6088502257904524
2012-01-01 16:00:00,0.5254580084984655,0.0,20.0,0.8838856697067817,0.5254580084984655,3.815980702325887,20.0,0.0,0.0,0.13004499723157903,0.0,0.0,2.9320950326191055,0.8838856697067817,3.815980702325887
2012-01-01 17:00:00,0.6426260046905955,0.0,20.0,0.9410891264101432,0.6426260046905955,4.062943962810443,20.0,0.0,0.0,0.13004499723157903,0.0,0.0,3.1218548364002996,0.9410891264101432,4.062943962810443
2012-01-01 18:00:00,0.830014888626176,0.0,20.0,0.9650776727696176,0.830014888626176,4.166509201078161,20.0,0.0,0.0,0.13004499723157903,0.0,0.0,3.201431528308543,0.9650776727696176,4.166509201078161
2012-01-01 19:00:00,0.9343473455935075,0.0,20.0,0.9724587639571483,0.9343473455935075,4.198375428237458,20.0,0.0,0.0,0.13004499723157903,0.0,0.0,3.22591666428031,0.9724587639571483,4.198375428237458
2012-01-01 20:00:00,0.8402533537665795,0.0,20.0,0.9281722168319648,0.8402533537665795,4.007178065281672,20.0,0.0,0.0,0.13004499723157903,0.0,0.0,3.0790058484497074,0.9281722168319648,4.007178065281672
2012-01-01 21:00:00,0.7040567955330165,0.0,20.0,0.8082294850345938,0.7040567955330165,3.489351873943087,20.0,0.0,0.0,0.13004499723157903,0.0,0.0,2.681122388908493,0.8082294850345938,3.489351873943087
2012-01-01 22:00:00,0.5826935258199407,0.0,20.0,0.5517365662679076,0.5826935258199407,2.382000480157495,20.0,0.0,0.0,0.13004499723157903,0.0,0.0,1.8302639138895878,0.5517365662679076,2.382000480157495
2012-01-01 23:00:00,0.4314639041363219,0.0,20.0,0.4022694697204142,0.4314639041363219,1.7367093801817188,20.0,0.0,0.0,0.13004499723157903,0.0,0.0,1.3344399104613047,0.4022694697204142,1.7367093801817188
2012-01-02 00:00:00,0.2912219035789898,0.0,20.0,0.38830324612587375,0.2912219035789898,1.6764133016868443,20.0,0.0,0.0,0.13004499723157903,0.0,0.0,1.2881100555609706,0.38830324612587375,1.6764133016868443
2012-01-02 01:00:00,0.215507205272396,0.0,20.0,0.4121988305028506,0.215507205272396,1.7795771971752654,20.0,0.0,0.0,0.13004499723157903,0.0,0.0,1.3673783666724149,0.4121988305028506,1.7795771971752654
2012-01-02 02:00:00,0.19752746161119958,0.0,20.0,0.4301205187855832,0.19752746161119958,1.8569501187915813,20.0,0.0,0.0,0.13004499723157903,0.0,0.0,1.4268296000059981,0.4301205187855832,1.8569501187915813
2012-01-02 03:00:00,0.1923333134424095,0.0,20.0,0.49384207712418804,0.1923333134424095,2.1320538400940374,20.0,0.0,0.0,0.13004499723157903,0.0,0.0,1.6382117629698494,0.49384207712418804,2.1320538400940374
2012-01-02 04:00:00,0.19542982485072669,0.0,20.0,0.6531459729707005,0.19542982485072669,2.819813143350179,20.0,0.0,0.0,0.13004499723157903,0.0,0.0,2.166667170379479,0.6531459729707005,2.819813143350179
2012-01-02 05:00:00,0.23393644252512233,0.0,20.0,0.9657798685694808,0.23393644252512233,4.169540775990356,20.0,0.0,0.0,0.13004499723157903,0.0,0.0,3.2037609074208753,0.9657798685694808,4.169540775990356
2012-01-02 06:00:00,0.4499430851214405,0.0,20.0,1.2346051928104702,0.4499430851214405,5.330134600235094,20.0,0.0,0.0,0.13004499723157903,0.0,0.0,4.095529407424624,1.2346051928104702,5.330134600235094
2012-01-02 07:00:00,0.6464217283524036,0.0,0.0,1.1509706474910513,0.6464217283524036,4.96906096602562,0.0,0.0,0.0,0.13004499723157903,0.0,0.0,3.818090318534569,1.1509706474910513,4.96906096602562
2012-01-02 08:00:00,0.666748827436034,0.0,0.0,1.0494144138888999,0.666748827436034,4.5306144101998305,0.0,0.0,0.0,0.13004499723157903,0.0,0.0,3.481199996310931,1.0494144138888999,4.5306144101998305
2012-01-02 09:00:00,0.6154066705368397,0.0,0.0,0.9677711672675622,0.6154066705368397,4.178137767281058,0.0,0.0,0.0,0.13004499723157903,0.0,0.0,3.210366600013496,0.9677711672675622,4.178137767281058
2012-01-02 10:00:00,0.580396114129899,0.0,0.0,0.8980757128347131,0.580396114129899,3.877243072106496,0.0,0.0,0.0,0.13004499723157903,0.0,0.0,2.979167359271783,0.8980757128347131,3.877243072106496
2012-01-02 11:00:00,0.5909342416646558,0.0,0.0,0.8562584401750035,0.5909342416646558,3.6967062550017586,0.0,0.0,0.0,0.13004499723157903,0.0,0.0,2.840447814826755,0.8562584401750035,3.6967062550017586
2012-01-02 12:00:00,0.6528145260986068,0.0,0.0,0.8443106479865152,0.6528145260986068,3.6451243072575483,0.0,0.0,0.0,0.13004499723157903,0.0,0.0,2.800813659271033,0.8443106479865152,3.6451243072575483
2012-01-02 13:00:00,0.6467713344791491,0.0,0.0,0.8403280505903523,0.6467713344791491,3.6279303246761447,0.0,0.0,0.0,0.13004499723157903,0.0,0.0,2.7876022740857924,0.8403280505903523,3.6279303246761447
2012-01-02 14:00:00,0.5761009531441688,0.0,0.0,0.8642236349673291,0.5761009531441688,3.731094220164566,0.0,0.0,0.0,0.13004499723157903,0.0,0.0,2.866870585197237,0.8642236349673291,3.731094220164566
2012-01-02 15:00:00,0.5235102029351693,0.0,0.0,0.902058310230876,0.5235102029351693,3.8944370546879,0.0,0.0,0.0,0.13004499723157903,0.0,0.0,2.992378744457024,0.902058310230876,3.8944370546879
2012-01-02 16:00:00,0.5254580084984655,0.0,0.0,0.9538320763809923,0.5254580084984655,4.117958828246145,0.0,0.0,0.0,0.13004499723157903,0.0,0.0,3.164126751865153,0.9538320763809923,4.117958828246145
2012-01-02 17:00:00,0.6426260046905955,0.0,0.0,1.0155623360215158,0.6426260046905955,4.3844655582579,0.0,0.0,0.0,0.13004499723157903,0.0,0.0,3.3689032222363844,1.0155623360215158,4.3844655582579
2012-01-02 18:00:00,0.830014888626176,0.0,0.0,1.0414492190965743,0.830014888626176,4.496226445037023,0.0,0.0,0.0,0.13004499723157903,0.0,0.0,3.454777225940449,1.0414492190965743,4.496226445037023
2012-01-02 19:00:00,0.9343473455935075,0.0,0.0,1.0494144138888999,0.9343473455935075,4.5306144101998305,0.0,0.0,0.0,0.13004499723157903,0.0,0.0,3.481199996310931,1.0494144138888999,4.5306144101998305
2012-01-02 20:00:00,0.8402533537665795,0.0,0.0,1.001623245134946,0.8402533537665795,4.324286619222987,0.0,0.0,0.0,0.13004499723157903,0.0,0.0,3.3226633740880414,1.001623245134946,4.324286619222987
2012-01-02 21:00:00,0.7040567955330165,0.0,0.0,0.8721888297596548,0.7040567955330165,3.765482185327373,0.0,0.0,0.0,0.13004499723157903,0.0,0.0,2.8932933555677183,0.8721888297596548,3.765482185327373
2012-01-02 22:00:00,0.5826935258199407,0.0,0.0,0.5953983107263396,0.5826935258199407,2.5705003959198276,0.0,0.0,0.0,0.13004499723157903,0.0,0.0,1.975102085193488,0.5953983107263396,2.5705003959198276
2012-01-02 23:00:00,0.4314639041363219,0.0,0.0,0.4341031161817461,0.4314639041363219,1.874144101372985,0.0,0.0,0.0,0.13004499723157903,0.0,0.0,1.440040985191239,0.4341031161817461,1.874144101372985
2012-01-03 00:00:00,0.2912219035789898,0.0,0.0,0.5213683477543452,0.2912219035789898,2.029815924417245,0.0,0.22107649529368434,0.0,0.35112149252526337,0.0,0.0,1.7295240719565843,0.5213683477543452,2.2508924197109295
2012-01-03 01:00:00,0.215507205272396,0.0,0.0,0.4990939581181784,0.215507205272396,2.1547276736121526,0.0,0.0,0.0,0.35112149252526337,0.0,0.0,1.6556337154939742,0.4990939581181784,2.1547276736121526
2012-01-03 02:00:00,0.19752746161119958,0.0,0.0,0.5207936954276644,0.19752746161119958,2.248411485508333,0.0,0.0,0.0,0.35112149252526337,0.0,0.0,1.7276177900806686,0.5207936954276644,2.248411485508333
2012-01-03 03:00:00,0.1923333134424095,0.0,0.0,0.5979483169725036,0.1923333134424095,2.5815094833614194,0.0,0.0,0.0,0.35112149252526337,0.0,0.0,1.9835611663889159,0.5979483169725036,2.5815094833614194
2012-01-03 04:00:00,0.19542982485072669,0.0,0.0,0.7908348708346016,0.19542982485072669,3.4142544779941355,0.0,0.0,0.0,0.35112149252526337,0.0,0.0,2.623419607159534,0.7908348708346016,3.4142544779941355
2012-01-03 05:00:00,0.23393644252512233,0.0,0.0,1.1704197812117338,0.23393644252512233,5.048516529960841,0.0,0.004511765210075236,0.0,0.3556332577353386,0.0,0.0,3.8826085139591826,1.1704197812117338,5.0530282951709165
2012-01-03 06:00:00,0.4499430851214405,0.37455213421415434,0.0,1.4211277375410791,0.4499430851214405,6.453773708403548,0.0,0.0,0.0,0.3556332577353386,0.37455213421415434,0.3183693140820312,4.714276656780438,1.4211277375410791,6.135404394321517
2012-01-03 07:00:00,0.6464217283524036,0.0,0.0,1.3936053516536575,0.6464217283524036,6.016582586221372,0.0,0.0,0.0,0.3556332577353386,0.0,0.0,4.622977234567715,1.3936053516536575,6.016582586221372
2012-01-03 08:00:00,0.666748827436034,0.0,0.0,1.27064017356657,0.666748827436034,5.485707652143016,0.0,0.0,0.0,0.3556332577353386,0.0,0.0,4.2150674785764455,1.27064017356657,5.485707652143016
2012-01-03 09:00:00,0.6154066705368397,0.0,0.0,1.1717858147122449,0.6154066705368397,5.058925842393749,0.0,0.0,0.0,0.3556332577353386,0.0,0.0,3.8871400276815042,1.1717858147122449,5.058925842393749
2012-01-03 10:00:00,0.580396114129899,0.0,0.0,1.087397947397577,0.580396114129899,4.694599907241936,0.0,0.0,0.0,0.3556332577353386,0.0,0.0,3.607201959844359,1.087397947397577,4.694599907241936
2012-01-03 11:00:00,0.5909342416646558,0.0,0.0,1.0367652270087764,0.5909342416646558,4.476004346150848,0.0,0.0,0.0,0.3556332577353386,0.0,0.0,3.439239119142072,1.0367652270087764,4.476004346150848
2012-01-03 12:00:00,0.6528145260986068,0.0,0.0,1.0222987354691189,0.6528145260986068,4.413548471553394,0.0,0.0,0.0,0.3556332577353386,0.0,0.0,3.3912497360842755,1.0222987354691189,4.413548471553394
2012-01-03 13:00:00,0.6467713344791491,0.0,0.0,1.0174765716225667,0.6467713344791491,4.392729846687577,0.0,0.0,0.0,0.3556332577353386,0.0,0.0,3.3752532750650106,1.0174765716225667,4.392729846687577
2012-01-03 14:00:00,0.5761009531441688,0.0,0.0,1.0464095547018812,0.5761009531441688,4.517641595882484,0.0,0.0,0.0,0.3556332577353386,0.0,0.0,3.471232041180603,1.0464095547018812,4.517641595882484
2012-01-03 15:00:00,0.5235102029351693,0.0,0.0,1.0922201112441294,0.5235102029351693,4.715418532107754,0.0,0.0,0.0,0.3556332577353386,0.0,0.0,3.6231984208636248,1.0922201112441294,4.715418532107754
2012-01-03 16:00:00,0.5254580084984655,0.0,0.0,1.1549082412493115,0.5254580084984655,4.986060655363387,0.0,0.0,0.0,0.3556332577353386,0.0,0.0,3.8311524141140754,1.1549082412493115,4.986060655363387
2012-01-03 17:00:00,0.6426260046905955,0.0,0.0,1.2296517808708742,0.6426260046905955,5.308749340783564,0.0,0.0,0.0,0.3556332577353386,0.0,0.0,4.0790975599126895,1.2296517808708742,5.308749340783564
2012-01-03 18:00:00,0.830014888626176,0.0,0.0,1.2609958458734654,0.830014888626176,5.444070402411381,0.0,0.0,0.0,0.3556332577353386,0.0,0.0,4.183074556537916,1.2609958458734654,5.444070402411381
2012-01-03 19:00:00,0.9343473455935075,0.0,0.0,1.27064017356657,0.9343473455935075,5.485707652143016,0.0,0.0,0.0,0.3556332577353386,0.0,0.0,4.2150674785764455,1.27064017356657,5.485707652143016
2012-01-03 20:00:00,0.8402533537665795,0.0,0.0,1.2127742074079406,0.8402533537665795,5.235884153753201,0.0,0.0,0.0,0.3556332577353386,0.0,0.0,4.023109946345261,1.2127742074079406,5.235884153753201
2012-01-03 21:00:00,0.7040567955330165,0.0,0.0,1.0560538823949863,0.7040567955330165,4.55927884561412,0.0,0.0,0.0,0.3556332577353386,0.0,0.0,3.503224963219134,1.0560538823949863,4.55927884561412
2012-01-03 22:00:00,0.5826935258199407,0.0,0.0,0.720913495059591,0.5826935258199407,3.1123844174397757,0.0,0.0,0.0,0.3556332577353386,0.0,0.0,2.3914709223801847,0.720913495059591,3.1123844174397757
2012-01-03 23:00:00,0.4314639041363219,0.0,0.0,0.5256158592742168,0.4314639041363219,2.269230110374151,0.0,0.0,0.0,0.3556332577353386,0.0,0.0,1.7436142510999342,0.5256158592742168,2.269230110374151
2012-01-04 00:00:00,0.2912219035789898,0.0,0.0,0.5359900423185231,0.2912219035789898,2.31401834900755,0.0,0.0,0.0,0.3556332577353386,0.0,0.0,1.7780283066890268,0.5359900423185231,2.31401834900755
2012-01-04 01:00:00,0.215507205272396,0.0,0.0,0.5689740449227398,0.215507205272396,2.4564194781772453,0.0,0.0,0.0,0.3556332577353386,0.0,0.0,1.8874454332545054,0.5689740449227398,2.4564194781772453
2012-01-04 02:00:00,0.19752746161119958,0.0,0.0,0.5937120468759025,0.19752746161119958,2.563220325054517,0.0,0.0,0.0,0.3556332577353386,0.0,0.0,1.9695082781786144,0.5937120468759025,2.563220325054517
2012-01-04 03:00:00,0.1923333134424095,0.0,0.0,0.681669387153814,0.1923333134424095,2.942956669507038,0.0,0.0,0.0,0.3556332577353386,0.0,0.0,2.261287282353224,0.681669387153814,2.942956669507038
2012-01-04 04:00:00,0.19542982485072669,0.0,0.0,0.9015627378485928,0.19542982485072669,3.8922975306383405,0.0,0.0,0.0,0.3556332577353386,0.0,0.0,2.990734792789748,0.9015627378485928,3.8922975306383405
2012-01-04 05:00:00,0.23393644252512233,0.0,0.0,1.333103438587096,0.23393644252512233,5.755378970608522,0.0,0.0,0.0,0.3556332577353386,0.0,0.0,4.422275532021426,1.333103438587096,5.755378970608522
2012-01-04 06:00:00,0.4499430851214405,1.4376320934659734,0.0,1.4211277375410791,0.4499430851214405,7.357391673767594,0.0,0.0,0.0,0.3556332577353386,1.4376320934659734,1.2219872794460773,4.714276656780438,1.4211277375410791,6.135404394321517
2012-01-04 07:00:00,0.6464217283524036,0.8512745027672274,0.0,1.4211277375410791,0.6464217283524036,6.85898772167366,0.0,0.0,0.0,0.3556332577353386,0.8512745027672274,0.7235833273521433,4.714276656780438,1.4211277375410791,6.135404394321517
2012-01-04 08:00:00,0.666748827436034,0.13926885691875057,0.0,1.4211277375410791,0.666748827436034,6.253782922702455,0.0,0.0,0.0,0.3556332577353386,0.13926885691875057,0.11837852838093799,4.714276656780438,1.4211277375410791,6.135404394321517
2012-01-04 09:00:00,0.6154066705368397,0.0,0.0,1.3358521054707806,0.6154066705368397,5.767245731372663,0.0,0.0,0.0,0.3556332577353386,0.0,0.0,4.431393625901882,1.3358521054707806,5.767245731372663
2012-01-04 10:00:00,0.580396114129899,0.0,0.0,1.239648764541815,0.580396114129899,5.351909104627718,0.0,0.0,0.0,0.3556332577353386,0.0,0.0,4.1122603400859035,1.239648764541815,5.351909104627718
2012-01-04 11:00:00,0.5909342416646558,0.0,0.0,1.1819267599844354,0.5909342416646558,5.102707128580751,0.0,0.0,0.0,0.3556332577353386,0.0,0.0,3.920780368596316,1.1819267599844354,5.102707128580751
2012-01-04 12:00:00,0.6528145260986068,0.0,0.0,1.1654347586823273,0.6528145260986068,5.031506563995904,0.0,0.0,0.0,0.3556332577353386,0.0,0.0,3.8660718053135765,1.1654347586823273,5.031506563995904
2012-01-04 13:00:00,0.6467713344791491,0.0,0.0,1.1599374249149577,0.6467713344791491,5.007773042467621,0.0,0.0,0.0,0.3556332577353386,0.0,0.0,3.847835617552663,1.1599374249149577,5.007773042467621
2012-01-04 14:00:00,0.5761009531441688,0.0,0.0,1.1929214275191746,0.5761009531441688,5.150174171637317,0.0,0.0,0.0,0.3556332577353386,0.0,0.0,3.957252744118142,1.1929214275191746,5.150174171637317
2012-01-04 15:00:00,0.5235102029351693,0.0,0.0,1.2451460983091844,0.5235102029351693,5.375642626156001,0.0,0.0,0.0,0.3556332577353386,0.0,0.0,4.130496527846817,1.2451460983091844,5.375642626156001
2012-01-04 16:00:00,0.5254580084984655,0.0,0.0,1.3166114372849873,0.5254580084984655,5.6841784060236735,0.0,0.0,0.0,0.3556332577353386,0.0,0.0,4.367566968738687,1.3166114372849873,5.6841784060236735
2012-01-04 17:00:00,0.6426260046905955,0.0,0.0,1.4018201106792143,0.6426260046905955,6.052047989712054,0.0,0.0,0.0,0.3556332577353386,0.0,0.0,4.6502278790328395,1.4018201106792143,6.052047989712054
2012-01-04 18:00:00,0.830014888626176,0.08342527685220388,0.0,1.4211277375410791,0.830014888626176,6.20631587964589,0.0,0.0,0.0,0.3556332577353386,0.08342527685220388,0.0709114853243733,4.714276656780438,1.4211277375410791,6.135404394321517
2012-01-04 19:00:00,0.9343473455935075,0.13926885691875057,0.0,1.4211277375410791,0.9343473455935075,6.253782922702455,0.0,0.0,0.0,0.3556332577353386,0.13926885691875057,0.11837852838093799,4.714276656780438,1.4211277375410791,6.135404394321517
2012-01-04 20:00:00,0.8402533537665795,0.0,0.0,1.382579442493421,0.8402533537665795,5.968980664363064,0.0,0.0,0.0,0.3556332577353386,0.0,0.0,4.586401221869643,1.382579442493421,5.968980664363064
2012-01-04 21:00:00,0.7040567955330165,0.0,0.0,1.2039160950539134,0.7040567955330165,5.197641214693881,0.0,0.0,0.0,0.3556332577353386,0.0,0.0,3.993725119639968,1.2039160950539134,5.197641214693881
2012-01-04 22:00:00,0.5826935258199407,0.0,0.0,0.8218513982217354,0.5826935258199407,3.548161468478243,0.0,0.0,0.0,0.3556332577353386,0.0,0.0,2.726310070256508,0.8218513982217354,3.548161468478243
2012-01-04 23:00:00,0.4314639041363219,0.0,0.0,0.599209380643272,0.4314639041363219,2.5869538465827997,0.0,0.0,0.0,0.3556332577353386,0.0,0.0,1.9877444659395278,0.599209380643272,2.5869538465827997
2012-01-05 00:00:00,0.2912219035789898,0.0,0.0,0.5433723702362949,0.2912219035789898,2.3458899154758743,0.0,0.0,0.0,0.3556332577353386,0.0,0.0,1.8025175452395794,0.5433723702362949,2.3458899154758743
2012-01-05 01:00:00,0.215507205272396,0.0,0.0,0.5768106699431438,0.215507205272396,2.4902523718128506,0.0,0.0,0.0,0.3556332577353386,0.0,0.0,1.913441701869707,0.5768106699431438,2.4902523718128506
2012-01-05 02:00:00,0.19752746161119958,0.0,0.0,0.6018893947232805,0.19752746161119958,2.5985242140655838,0.0,0.0,0.0,0.3556332577353386,0.0,0.0,1.9966348193423034,0.6018893947232805,2.5985242140655838
2012-01-05 03:00:00,0.1923333134424095,0.0,0.0,0.6910581939415443,0.1923333134424095,2.983490764297522,0.0,0.0,0.0,0.3556332577353386,0.0,0.0,2.292432570355978,0.6910581939415443,2.983490764297522
2012-01-05 04:00:00,0.19542982485072669,0.0,0.0,0.9139801919872038,0.19542982485072669,3.945907139877368,0.0,0.0,0.0,0.3556332577353386,0.0,0.0,3.031926947890164,0.9139801919872038,3.945907139877368
2012-01-05 05:00:00,0.23393644252512233,0.0,0.0,1.3514646131518104,0.23393644252512233,5.834649276952815,0.0,0.0,0.0,0.3556332577353386,0.0,0.0,4.483184663801005,1.3514646131518104,5.834649276952815
2012-01-05 06:00:00,0.4499430851214405,1.556850019320338,0.0,1.4211277375410791,0.4499430851214405,7.458726910743804,0.0,0.0,0.0,0.3556332577353386,1.556850019320338,1.3233225164222873,4.714276656780438,1.4211277375410791,6.135404394321517
2012-01-05 07:00:00,0.6464217283524036,0.9624163755798463,0.0,1.4211277375410791,0.6464217283524036,6.953458313564386,0.0,0.0,0.0,0.3556332577353386,0.9624163755798463,0.8180539192428693,4.714276656780438,1.4211277375410791,6.135404394321517
2012-01-05 08:00:00,0.666748827436034,0.24060409389496104,0.0,1.4211277375410791,0.666748827436034,6.339917874132234,0.0,0.0,0.0,0.3556332577353386,0.24060409389496104,0.20451347981071688,4.714276656780438,1.4211277375410791,6.135404394321517
2012-01-05 09:00:00,0.6154066705368397,0.0,0.0,1.354251138127381,0.6154066705368397,5.846679481647563,0.0,0.0,0.0,0.3556332577353386,0.0,0.0,4.4924283435201815,1.354251138127381,5.846679481647563
2012-01-05 10:00:00,0.580396114129899,0.0,0.0,1.2567227639824052,0.580396114129899,5.425622317331381,0.0,0.0,0.0,0.3556332577353386,0.0,0.0,4.168899553348976,1.2567227639824052,5.425622317331381
2012-01-05 11:00:00,0.5909342416646558,0.0,0.0,1.1982057394954198,0.5909342416646558,5.1729880187416715,0.0,0.0,0.0,0.3556332577353386,0.0,0.0,3.974782279246252,1.1982057394954198,5.1729880187416715
2012-01-05 12:00:00,0.6528145260986068,0.0,0.0,1.181486589641995,0.6528145260986068,5.100806790573182,0.0,0.0,0.0,0.3556332577353386,0.0,0.0,3.9193202009311876,1.181486589641995,5.100806790573182
2012-01-05 13:00:00,0.6467713344791491,0.0,0.0,1.1759135396908535,0.6467713344791491,5.076746381183686,0.0,0.0,0.0,0.3556332577353386,0.0,0.0,3.900832841492833,1.1759135396908535,5.076746381183686
2012-01-05 14:00:00,0.5761009531441688,0.0,0.0,1.2093518393977025,0.5761009531441688,5.221108837520664,0.0,0.0,0.0,0.3556332577353386,0.0,0.0,4.011756998122961,1.2093518393977025,5.221108837520664
2012-01-05 15:00:00,0.5235102029351693,0.0,0.0,1.2622958139335465,0.5235102029351693,5.4496827267208765,0.0,0.0,0.0,0.3556332577353386,0.0,0.0,4.18738691278733,1.2622958139335465,5.4496827267208765
2012-01-05 16:00:00,0.5254580084984655,0.0,0.0,1.334745463298386,0.5254580084984655,5.762468048784327,0.0,0.0,0.0,0.3556332577353386,0.0,0.0,4.427722585485941,1.334745463298386,5.762468048784327
2012-01-05 17:00:00,0.6426260046905955,0.0,0.0,1.4211277375410791,0.6426260046905955,6.135404394321517,0.0,0.0,0.0,0.3556332577353386,0.0,0.0,4.714276656780438,1.4211277375410791,6.135404394321517
2012-01-05 18:00:00,0.830014888626176,0.18399136591967621,0.0,1.4211277375410791,0.830014888626176,6.291797055353242,0.0,0.0,0.0,0.3556332577353386,0.18399136591967621,0.15639266103172478,4.714276656780438,1.4211277375410791,6.135404394321517
2012-01-05 19:00:00,0.9343473455935075,0.24060409389496104,0.0,1.4211277375410791,0.9343473455935075,6.339917874132234,0.0,0.0,0.0,0.3556332577353386,0.24060409389496104,0.20451347981071688,4.714276656780438,1.4211277375410791,6.135404394321517
2012-01-05 20:00:00,0.8402533537665795,0.0,0.0,1.4016220627120837,0.8402533537665795,6.05119296145828,0.0,0.0,0.0,0.3556332577353386,0.0,0.0,4.649570898746196,1.4016220627120837,6.05119296145828
2012-01-05 21:00:00,0.7040567955330165,0.0,0.0,1.2204979392999855,0.7040567955330165,5.269229656299656,0.0,0.0,0.0,0.3556332577353386,0.0,0.0,4.04873171699967,1.2204979392999855,5.269229656299656
2012-01-05 22:00:00,0.5826935258199407,0.0,0.0,0.8331709676956522,0.5826935258199407,3.597031203729674,0.0,0.0,0.0,0.3556332577353386,0.0,0.0,2.763860236034022,0.8331709676956522,3.597031203729674
2012-01-05 23:00:00,0.4314639041363219,0.0,0.0,0.607462444674422,0.4314639041363219,2.62258462345508,0.0,0.0,0.0,0.3556332577353386,0.0,0.0,2.0151221787806577,0.607462444674422,2.62258462345508
2012-01-06 00:00:00,0.3348227819573912,0.0,0.0,0.6830207952501585,0.3348227819573912,2.948791074785187,0.0,0.0,0.0,0.3556332577353386,0.0,0.0,2.2657702795350283,0.6830207952501585,2.948791074785187
2012-01-06 01:00:00,0.26405251315762635,0.0,0.0,0.700838729039293,0.26405251315762635,3.0257160593448003,0.0,0.0,0.0,0.3556332577353386,0.0,0.0,2.3248773303055073,0.700838729039293,3.0257160593448003
2012-01-06 02:00:00,0.21026311337121373,0.0,0.0,0.7186566628284277,0.21026311337121373,3.102641043904414,0.0,0.0,0.0,0.3556332577353386,0.0,0.0,2.3839843810759866,0.7186566628284277,3.102641043904414
2012-01-06 03:00:00,0.1982766175970828,0.0,0.0,0.7750801198273538,0.1982766175970828,3.3462368283431907,0.0,0.0,0.0,0.3556332577353386,0.0,0.0,2.571156708515837,0.7750801198273538,3.3462368283431907
2012-01-06 04:00:00,0.19208359478044845,0.0,0.0,0.9295022126665201,0.19208359478044845,4.012920027859842,0.0,0.0,0.0,0.3556332577353386,0.0,0.0,3.0834178151933216,0.9295022126665201,4.012920027859842
2012-01-06 05:00:00,0.20017447942798683,0.0,0.0,1.3363450341850927,0.20017447942798683,5.769373841971018,0.0,0.0,0.0,0.3556332577353386,0.0,0.0,4.4330288077859255,1.3363450341850927,5.769373841971018
2012-01-06 06:00:00,0.26520121900264726,1.4698754392957478,0.0,1.4211277375410791,0.26520121900264726,7.384798517722903,0.0,0.0,0.0,0.3556332577353386,1.4698754392957478,1.2493941234013857,4.714276656780438,1.4211277375410791,6.135404394321517
2012-01-06 07:00:00,0.4092888869541797,0.896708887675098,0.0,1.4211277375410791,0.4092888869541797,6.89760694884535,0.0,0.0,0.0,0.3556332577353386,0.896708887675098,0.7622025545238333,4.714276656780438,1.4211277375410791,6.135404394321517
2012-01-06 08:00:00,0.5978764204671733,0.48945896941831973,0.0,1.4211277375410791,0.5978764204671733,6.551444518327089,0.0,0.0,0.0,0.3556332577353386,0.48945896941831973,0.4160401240055718,4.714276656780438,1.4211277375410791,6.135404394321517
2012-01-06 09:00:00,0.7078525191948247,0.14254237238476972,0.0,1.4211277375410791,0.7078525191948247,6.256565410848571,0.0,0.0,0.0,0.3556332577353386,0.1425423723847697,0.12116101652705424,4.714276656780438,1.4211277375410791,6.135404394321517
2012-01-06 10:00:00,0.738517970883643,0.0,0.0,1.3808898686579292,0.738517970883643,5.961686303370052,0.0,0.0,0.0,0.3556332577353386,0.0,0.0,4.580796434712123,1.3808898686579292,5.961686303370052
2012-01-06 11:00:00,0.7740779083468982,0.0,0.0,1.3304057229220478,0.7740779083468982,5.743732180451147,0.0,0.0,0.0,0.3556332577353386,0.0,0.0,4.4133264575291,1.3304057229220478,5.743732180451147
2012-01-06 12:00:00,0.8320625816542567,0.0,0.0,1.303678822238346,0.8320625816542567,5.6283447036117265,0.0,0.0,0.0,0.3556332577353386,0.0,0.0,4.324665881373381,1.303678822238346,5.6283447036117265
2012-01-06 13:00:00,0.8280670830628797,0.0,0.0,1.3007091666068236,0.8280670830628797,5.61552387285179,0.0,0.0,0.0,0.3556332577353386,0.0,0.0,4.3148147062449675,1.3007091666068236,5.61552387285179
2012-01-06 14:00:00,0.7663865735584976,0.0,0.0,1.324466411659003,0.7663865735584976,5.718090518931276,0.0,0.0,0.0,0.3556332577353386,0.0,0.0,4.393624107272273,1.324466411659003,5.718090518931276
2012-01-06 15:00:00,0.7181908718000126,0.0,0.0,1.3630719348687945,0.7181908718000126,5.884761318810439,0.0,0.0,0.0,0.3556332577353386,0.0,0.0,4.521689383941644,1.3630719348687945,5.884761318810439
2012-01-06 16:00:00,0.7227856951800962,0.05204239054992938,0.0,1.4211277375410791,0.7227856951800962,6.179640426288957,0.0,0.0,0.0,0.3556332577353386,0.05204239054992938,0.04423603196743997,4.714276656780438,1.4211277375410791,6.135404394321517
2012-01-06 17:00:00,0.9014344259470396,0.33862566636025426,0.0,1.4211277375410791,0.9014344259470396,6.423236210727733,0.0,0.0,0.0,0.3556332577353386,0.33862566636025426,0.28783181640621613,4.714276656780438,1.4211277375410791,6.135404394321517
2012-01-06 18:00:00,1.0458717000253175,0.41404231788928647,0.0,1.4211277375410791,1.0458717000253175,6.487340364527411,0.0,0.0,0.0,0.3556332577353386,0.41404231788928647,0.3519359702058935,4.714276656780438,1.4211277375410791,6.135404394321517
2012-01-06 19:00:00,1.0494177050251645,0.39895898758348153,0.0,1.4211277375410791,1.0494177050251645,6.474519533767476,0.0,0.0,0.0,0.3556332577353386,0.39895898758348153,0.3391151394459593,4.714276656780438,1.4211277375410791,6.135404394321517
2012-01-06 20:00:00,0.8588324222164825,0.08220905116154247,0.0,1.4211277375410791,0.8588324222164825,6.205282087808828,0.0,0.0,0.0,0.3556332577353386,0.08220905116154247,0.0698776934873111,4.714276656780438,1.4211277375410791,6.135404394321517
2012-01-06 21:00:00,0.6696955076471746,0.0,0.0,1.2739822659231217,0.6696955076471746,5.500136396012371,0.0,0.0,0.0,0.3556332577353386,0.0,0.0,4.226154130089249,1.2739822659231217,5.500136396012371
2012-01-06 22:00:00,0.6118107218046005,0.0,0.0,0.9116842788773856,0.6118107218046005,3.9359950433002284,0.0,0.0,0.0,0.3556332577353386,0.0,0.0,3.024310764422843,0.9116842788773856,3.9359950433002284
2012-01-06 23:00:00,0.5189653232874778,0.0,0.0,0.727565629722995,0.5189653232874778,3.1411035361842212,0.0,0.0,0.0,0.3556332577353386,0.0,0.0,2.4135379064612263,0.727565629722995,3.1411035361842212
2012-01-07 00:00:00,0.3903602123775312,0.0,0.0,0.5594779148806803,0.3903602123775312,2.415422038995662,0.0,0.0,0.0,0.3556332577353386,0.0,0.0,1.855944124114982,0.5594779148806803,2.415422038995662
2012-01-07 01:00:00,0.28118321336815516,0.0,0.0,0.5939073250271836,0.28118321336815516,2.564063395241549,0.0,0.0,0.0,0.3556332577353386,0.0,0.0,1.9701560702143652,0.5939073250271836,2.564063395241549
2012-01-07 02:00:00,0.2250964018917008,0.0,0.0,0.6197293826370612,0.2250964018917008,2.6755444124259644,0.0,0.0,0.0,0.3556332577353386,0.0,0.0,2.0558150297889033,0.6197293826370612,2.6755444124259644
2012-01-07 03:00:00,0.20536862759677693,0.0,0.0,0.711541143027737,0.20536862759677693,3.071921362414996,0.0,0.0,0.0,0.3556332577353386,0.0,0.0,2.360380219387259,0.711541143027737,3.071921362414996
2012-01-07 04:00:00,0.1934320755550382,0.0,0.0,0.9410705440044262,0.1934320755550382,4.062863737387575,0.0,0.0,0.0,0.3556332577353386,0.0,0.0,3.121793193383149,0.9410705440044262,4.062863737387575
2012-01-07 05:00:00,0.19288269449872383,0.0,0.0,1.391521993421179,0.19288269449872383,6.007588148271262,0.0,0.0,0.0,0.3556332577353386,0.0,0.0,4.616066154850083,1.391521993421179,6.007588148271262
2012-01-07 06:00:00,0.20456952787850152,1.556850019320338,0.0,1.4211277375410791,0.20456952787850152,7.679803406037489,0.0,0.0,0.22107649529368434,0.13004499723157903,1.556850019320338,1.3233225164222873,4.714276656780438,1.4211277375410791,6.135404394321517
2012-01-07 07:00:00,0.2496687182286692,1.2048873704180803,0.0,1.4211277375410791,0.2496687182286692,7.159558659176885,0.0,0.0,0.0,0.13004499723157903,1.20488737041808,1.024154264855368,4.714276656780438,1.4211277375410791,6.135404394321517
2012-01-07 08:00:00,0.44215186286825536,0.46168058918864535,0.0,1.4211277375410791,0.44215186286825536,6.527832895131866,0.0,0.0,0.0,0.13004499723157903,0.46168058918864535,0.3924285008103485,4.714276656780438,1.4211277375410791,6.135404394321517
2012-01-07 09:00:00,0.6917206936321402,0.0,0.0,1.3943911109333875,0.6917206936321402,6.019974927958419,0.0,0.0,0.0,0.13004499723157903,0.0,0.0,4.625583817025031,1.3943911109333875,6.019974927958419
2012-01-07 10:00:00,0.8698699870751614,0.0,0.0,1.2939719980060862,0.8698699870751614,5.586437638907916,0.0,0.0,0.0,0.13004499723157903,0.0,0.0,4.29246564090183,1.2939719980060862,5.586437638907916
2012-01-07 11:00:00,1.0127590054492808,0.0,0.0,1.233720530249705,1.0127590054492808,5.326315265477613,0.0,0.0,0.0,0.13004499723157903,0.0,0.0,4.092594735227909,1.233720530249705,5.326315265477613
2012-01-07 12:00:00,1.032336948547028,0.0,0.0,1.2165058251764536,1.032336948547028,5.2519945873546705,0.0,0.0,0.0,0.13004499723157903,0.0,0.0,4.035488762178217,1.2165058251764536,5.2519945873546705
2012-01-07 13:00:00,0.8641264578500569,0.0,0.0,1.2107675901520363,0.8641264578500569,5.227221027980356,0.0,0.0,0.0,0.13004499723157903,0.0,0.0,4.01645343782832,1.2107675901520363,5.227221027980356
2012-01-07 14:00:00,0.6798340853227937,0.0,0.0,1.2451970002985395,0.6798340853227937,5.3758623842262425,0.0,0.0,0.0,0.13004499723157903,0.0,0.0,4.130665383927703,1.2451970002985395,5.3758623842262425
2012-01-07 15:00:00,0.5823439196931952,0.0,0.0,1.2997102330305035,0.5823439196931952,5.611211198282231,0.0,0.0,0.0,0.13004499723157903,0.0,0.0,4.311500965251727,1.2997102330305035,5.611211198282231
2012-01-07 16:00:00,0.532899624624905,0.0,0.0,1.3743072883479273,0.532899624624905,5.933267470148318,0.0,0.0,0.0,0.13004499723157903,0.0,0.0,4.5589601818003915,1.3743072883479273,5.933267470148318
2012-01-07 17:00:00,0.6277927161701085,0.2139449954455011,0.0,1.4211277375410791,0.6277927161701085,6.317257640450193,0.0,0.0,0.0,0.13004499723157903,0.2139449954455011,0.18185324612867593,4.714276656780438,1.4211277375410791,6.135404394321517
2012-01-07 18:00:00,0.7811699183465924,0.40338986124908266,0.0,1.4211277375410791,0.7811699183465924,6.478285776383237,0.0,0.0,0.0,0.13004499723157903,0.40338986124908266,0.34288138206172025,4.714276656780438,1.4211277375410791,6.135404394321517
2012-01-07 19:00:00,0.8804580583423104,0.46168058918864535,0.0,1.4211277375410791,0.8804580583423104,6.527832895131866,0.0,0.0,0.0,0.13004499723157903,0.46168058918864535,0.3924285008103485,4.714276656780438,1.4211277375410791,6.135404394321517
2012-01-07 20:00:00,0.7996990430641032,0.1119362215512651,0.0,1.4211277375410791,0.7996990430641032,6.230550182640092,0.0,0.0,0.0,0.13004499723157903,0.1119362215512651,0.09514578831857534,4.714276656780438,1.4211277375410791,6.135404394321517
2012-01-07 21:00:00,0.6769373488440452,0.0,0.0,1.256673470347374,0.6769373488440452,5.425409502974872,0.0,0.0,0.0,0.13004499723157903,0.0,0.0,4.168736032627498,1.256673470347374,5.425409502974872
2012-01-07 22:00:00,0.5731542729330282,0.0,0.0,0.8578661361503764,0.5731542729330282,3.7036471264600155,0.0,0.0,0.0,0.13004499723157903,0.0,0.0,2.845780990309639,0.8578661361503764,3.7036471264600155
2012-01-07 23:00:00,0.42272375096768483,0.0,0.0,0.6254676176614784,0.42272375096768483,2.7003179718002785,0.0,0.0,0.0,0.13004499723157903,0.0,0.0,2.0748503541388,0.6254676176614784,2.7003179718002785
