date,01_electricity_bus_shortage_output1,01_pellet_bus_shortage_output1,01_oil_bus_shortage_output1,01_pv_bus_excess_input1,01_hp_electricity_bus_shortage_output1,01_electricity_sink_input1,01_heat_sink_input1,01_oilheating_transformer_input1,01_oilheating_transformer_output1,01_pelletheating_transformer_input1,01_pelletheating_transformer_output1,01_GCHP_transformer_input1,01_GCHP_transformer_input2,01_GCHP_transformer_output1,01_pv_to_01_electricity_link_input1,01_pv_to_01_electricity_link_output1,01_electricity_to_01_hp_electricity_bus_input1,01_electricity_to_01_hp_electricity_bus_output1,01_photovoltaic_electricity_source_output1
2012-01-01 00:00:00,0.2912219,0.0,0.0,0.0,0.3598282,0.2912219035789898,1.5534785740157577,0.0,0.0,0.0,0.0,0.3598282,1.1936504,1.5534786,0.0,0.0,-0.0,0.0,0.0
2012-01-01 01:00:00,0.21550721,0.0,0.0,0.0,0.38197147,0.215507205272396,1.6490772554936506,0.0,0.0,0.0,0.0,0.38197147,1.2671058,1.6490773,0.0,0.0,-0.0,0.0,0.0
2012-01-01 02:00:00,0.19752746,0.0,0.0,0.0,0.39857892,0.19752746161119958,1.72077626660207,0.0,0.0,0.0,0.0,0.39857892,1.3221973,1.7207763,0.0,0.0,-0.0,0.0,0.0
2012-01-01 03:00:00,0.19233331,0.0,0.0,0.0,0.45762765,0.1923333134424095,1.9757060838764509,0.0,0.0,0.0,0.0,0.45762765,1.5180784,1.9757061,0.0,0.0,-0.0,0.0,0.0
2012-01-01 04:00:00,0.19542982,0.0,0.0,0.0,0.60524948,0.19542982485072669,2.6130306270624026,0.0,0.0,0.0,0.0,0.60524948,2.0077811,2.6130306,0.0,0.0,-0.0,0.0,0.0
2012-01-01 05:00:00,0.23393644,0.0,0.0,0.0,0.89495731,0.23393644252512233,3.8637800430648337,0.0,0.0,0.0,0.0,0.89495731,2.9688227,3.86378,0.0,0.0,-0.0,0.0,0.0
2012-01-01 06:00:00,0.44994309,0.5538023,0.0,0.0,1.0286209,0.4499430851214405,4.939265209691127,0.0,0.0,0.5538023,0.49842207,1.0286209,3.4122222,4.4408431,0.0,0.0,-0.0,0.0,0.0
2012-01-01 07:00:00,0.64642173,0.18202965,0.0,0.0,1.0286209,0.6464217283524036,4.604669824518503,0.0,0.0,0.18202965,0.16382669,1.0286209,3.4122222,4.4408431,0.0,0.0,-0.0,0.0,0.0
2012-01-01 08:00:00,0.66674883,0.0,0.0,0.0,0.97245876,0.666748827436034,4.198375428237458,0.0,0.0,0.0,0.0,0.97245876,3.2259167,4.1983754,0.0,0.0,-0.0,0.0,0.0
2012-01-01 09:00:00,0.61540667,0.0,0.0,0.0,0.89680258,0.6154066705368397,3.8717465998546574,0.0,0.0,0.0,0.0,0.89680258,2.974944,3.8717466,0.0,0.0,-0.0,0.0,0.0
2012-01-01 10:00:00,0.5783249,0.0,0.0,0.0,0.83221803,0.580396114129899,3.592917112210804,0.0,0.0,0.0,0.0,0.83221803,2.7606991,3.5929171,0.0020712173,0.0020712173,-0.0,0.0,0.0020712173
2012-01-01 11:00:00,0.59093424,0.0,0.0,0.0,0.7934673,0.5909342416646558,3.425619419624491,0.0,0.0,0.0,0.0,0.7934673,2.6321521,3.4256194,0.0,0.0,-0.0,0.0,0.0
2012-01-01 12:00:00,0.65281453,0.0,0.0,0.0,0.78239567,0.6528145260986068,3.377820078885545,0.0,0.0,0.0,0.0,0.78239567,2.5954244,3.3778201,0.0,0.0,-0.0,0.0,0.0
2012-01-01 13:00:00,0.64677133,0.0,0.0,0.0,0.77870512,0.6467713344791491,3.3618869653058963,0.0,0.0,0.0,0.0,0.77870512,2.5831818,3.361887,0.0,0.0,-0.0,0.0,0.0
2012-01-01 14:00:00,0.57610095,0.0,0.0,0.0,0.80084839,0.5761009531441688,3.457485646783789,0.0,0.0,0.0,0.0,0.80084839,2.6566373,3.4574856,0.0,0.0,-0.0,0.0,0.0
2012-01-01 15:00:00,0.5235102,0.0,0.0,0.0,0.83590858,0.5235102029351693,3.6088502257904524,0.0,0.0,0.0,0.0,0.83590858,2.7729416,3.6088502,0.0,0.0,-0.0,0.0,0.0
2012-01-01 16:00:00,0.52545801,0.0,0.0,0.0,0.88388567,0.5254580084984655,3.815980702325887,0.0,0.0,0.0,0.0,0.88388567,2.932095,3.8159807,0.0,0.0,-0.0,0.0,0.0
2012-01-01 17:00:00,0.642626,0.0,0.0,0.0,0.94108913,0.6426260046905955,4.062943962810443,0.0,0.0,0.0,0.0,0.94108913,3.1218548,4.062944,0.0,0.0,-0.0,0.0,0.0
2012-01-01 18:00:00,0.83001489,0.0,0.0,0.0,0.96507767,0.830014888626176,4.166509201078161,0.0,0.0,0.0,0.0,0.96507767,3.2014315,4.1665092,0.0,0.0,-0.0,0.0,0.0
2012-01-01 19:00:00,0.93434735,0.0,0.0,0.0,0.97245876,0.9343473455935075,4.198375428237458,0.0,0.0,0.0,0.0,0.97245876,3.2259167,4.1983754,0.0,0.0,-0.0,0.0,0.0
2012-01-01 20:00:00,0.84025335,0.0,0.0,0.0,0.92817222,0.8402533537665795,4.007178065281672,0.0,0.0,0.0,0.0,0.92817222,3.0790058,4.0071781,0.0,0.0,-0.0,0.0,0.0
2012-01-01 21:00:00,0.7040568,0.0,0.0,0.0,0.80822949,0.7040567955330165,3.489351873943087,0.0,0.0,0.0,0.0,0.80822949,2.6811224,3.4893519,0.0,0.0,-0.0,0.0,0.0
2012-01-01 22:00:00,0.58269353,0.0,0.0,0.0,0.55173657,0.5826935258199407,2.382000480157495,0.0,0.0,0.0,0.0,0.55173657,1.8302639,2.3820005,0.0,0.0,-0.0,0.0,0.0
2012-01-01 23:00:00,0.4314639,0.0,0.0,0.0,0.40226947,0.4314639041363219,1.7367093801817188,0.0,0.0,0.0,0.0,0.40226947,1.3344399,1.7367094,0.0,0.0,-0.0,0.0,0.0
2012-01-02 00:00:00,0.39036021,0.0,0.0,0.0,0.68674023,0.3903602123775312,2.9648489067732746,0.0,0.0,0.0,0.0,0.68674023,2.2781087,2.9648489,0.0,0.0,-0.0,0.0,0.0
2012-01-02 01:00:00,0.28118321,0.0,0.0,0.0,0.70465519,0.28118321336815516,3.042192791297795,0.0,0.0,0.0,0.0,0.70465519,2.3375376,3.0421928,0.0,0.0,-0.0,0.0,0.0
2012-01-02 02:00:00,0.2250964,0.0,0.0,0.0,0.72257015,0.2250964018917008,3.1195366758223146,0.0,0.0,0.0,0.0,0.72257015,2.3969665,3.1195367,0.0,0.0,-0.0,0.0,0.0
2012-01-02 03:00:00,0.20536863,0.0,0.0,0.0,0.77930087,0.20536862759677693,3.364458976816629,0.0,0.0,0.0,0.0,0.77930087,2.5851581,3.364459,0.0,0.0,-0.0,0.0,0.0
2012-01-02 04:00:00,0.19343208,0.0,0.0,0.0,0.93456388,0.1934320755550382,4.0347726426958035,0.0,0.0,0.0,0.0,0.93456388,3.1002088,4.0347726,0.0,0.0,-0.0,0.0,0.0
2012-01-02 05:00:00,0.19288269,1.5110536,0.0,0.0,1.0286209,0.19288269449872383,5.800791339339015,0.0,0.0,1.5110536,1.3599482,1.0286209,3.4122222,4.4408431,0.0,0.0,-0.0,0.0,0.0
2012-01-02 06:00:00,0.20456953,3.3157442,0.0,0.0,1.0286209,0.20456952787850152,7.425012914353938,0.0,0.0,3.3157442,2.9841698,1.0286209,3.4122222,4.4408431,0.0,0.0,-0.0,0.0,0.0
2012-01-02 07:00:00,0.24966872,2.7714724,0.0,0.0,1.0286209,0.2496687182286692,6.935168312365311,0.0,0.0,2.7714724,2.4943252,1.0286209,3.4122222,4.4408431,0.0,0.0,-0.0,0.0,0.0
2012-01-02 08:00:00,0.44215186,2.384753,0.0,0.0,1.0286209,0.44215186286825536,6.58712083200497,0.0,0.0,2.384753,2.1462777,1.0286209,3.4122222,4.4408431,0.0,0.0,-0.0,0.0,0.0
2012-01-02 09:00:00,0.69172069,2.0553253,0.0,0.0,1.0286209,0.6917206936321402,6.290635941327643,0.0,0.0,2.0553253,1.8497928,1.0286209,3.4122222,4.4408431,0.0,0.0,-0.0,0.0,0.0
2012-01-02 10:00:00,0.86917066,1.7258977,0.0,0.0,1.0286209,0.8698699870751614,5.9941510506503155,0.0,0.0,1.7258977,1.5533079,1.0286209,3.4122222,4.4408431,0.00069932853,0.00069932853,-0.0,0.0,0.00069932853
2012-01-02 11:00:00,1.0110166,1.4824077,0.0,0.0,1.0286209,1.0127590054492808,5.775010044497508,0.0,0.0,1.4824077,1.3341669,1.0286209,3.4122222,4.4408431,0.0017423807,0.0017423807,-0.0,0.0,0.0017423807
2012-01-02 12:00:00,1.0210637,1.3535012,0.0,0.0,1.0286209,1.032336948547028,5.658994217710728,0.0,0.0,1.3535012,1.2181511,1.0286209,3.4122222,4.4408431,0.011273294,0.011273294,-0.0,0.0,0.011273294
2012-01-02 13:00:00,0.78610999,1.3391783,0.0,0.0,1.0286209,0.8641264578500569,5.6461035702899744,0.0,0.0,1.3391783,1.2052604,1.0286209,3.4122222,4.4408431,0.078016471,0.078016471,-0.0,0.0,0.078016471
2012-01-02 14:00:00,0.66751412,1.4537618,0.0,0.0,1.0286209,0.6798340853227937,5.749228749656002,0.0,0.0,1.4537618,1.3083856,1.0286209,3.4122222,4.4408431,0.012319963,0.012319963,-0.0,0.0,0.012319963
2012-01-02 15:00:00,0.58234392,1.63996,0.0,0.0,1.0286209,0.5823439196931952,5.916807166125796,0.0,0.0,1.63996,1.475964,1.0286209,3.4122222,4.4408431,0.0,0.0,-0.0,0.0,0.0
2012-01-02 16:00:00,0.53289962,1.9693877,0.0,0.0,1.0286209,0.532899624624905,6.213292056803123,0.0,0.0,1.9693877,1.7724489,1.0286209,3.4122222,4.4408431,0.0,0.0,-0.0,0.0,0.0
2012-01-02 17:00:00,0.62779272,2.2415236,0.0,0.0,1.0286209,0.6277927161701085,6.458214357797436,0.0,0.0,2.2415236,2.0173712,1.0286209,3.4122222,4.4408431,0.0,0.0,-0.0,0.0,0.0
2012-01-02 18:00:00,0.78116992,2.3131383,0.0,0.0,1.0286209,0.7811699183465924,6.522667594901203,0.0,0.0,2.3131383,2.0818245,1.0286209,3.4122222,4.4408431,0.0,0.0,-0.0,0.0,0.0
2012-01-02 19:00:00,0.88045806,2.2988153,0.0,0.0,1.0286209,0.8804580583423104,6.509776947480451,0.0,0.0,2.2988153,2.0689338,1.0286209,3.4122222,4.4408431,0.0,0.0,-0.0,0.0,0.0
2012-01-02 20:00:00,0.79969904,1.9980336,0.0,0.0,1.0286209,0.7996990430641032,6.239073351644629,0.0,0.0,1.9980336,1.7982302,1.0286209,3.4122222,4.4408431,0.0,0.0,-0.0,0.0,0.0
2012-01-02 21:00:00,0.67693735,1.2102718,0.0,0.0,1.0286209,0.6769373488440452,5.530087743503195,0.0,0.0,1.2102718,1.0892446,1.0286209,3.4122222,4.4408431,0.0,0.0,-0.0,0.0,0.0
2012-01-02 22:00:00,0.57315427,0.0,0.0,0.0,0.91664891,0.5731542729330282,3.957428758171284,0.0,0.0,0.0,0.0,0.91664891,3.0407798,3.9574288,0.0,0.0,-0.0,0.0,0.0
2012-01-02 23:00:00,0.42272375,0.0,0.0,0.0,0.73152764,0.42272375096768483,3.158208618084575,0.0,0.0,0.0,0.0,0.73152764,2.426681,3.1582086,0.0,0.0,-0.0,0.0,0.0
2012-01-03 00:00:00,0.33482278,2.1767429,0.0,0.0,1.0286209,0.3348227819573912,6.3999117172630635,0.0,0.0,2.1767429,1.9590686,1.0286209,3.4122222,4.4408431,0.0,0.0,-0.0,0.0,0.0
2012-01-03 01:00:00,0.26405251,2.1513464,0.0,0.0,1.0286209,0.26405251315762635,6.3770548897014105,0.0,0.0,2.1513464,1.9362118,1.0286209,3.4122222,4.4408431,0.0,0.0,-0.0,0.0,0.0
2012-01-03 02:00:00,0.21026311,2.3291217,0.0,0.0,1.0286209,0.21026311337121373,6.537052682632987,0.0,0.0,2.3291217,2.0962095,1.0286209,3.4122222,4.4408431,0.0,0.0,-0.0,0.0,0.0
2012-01-03 03:00:00,0.19827662,2.506897,0.0,0.0,1.0286209,0.1982766175970828,6.697050475564563,0.0,0.0,2.506897,2.2562073,1.0286209,3.4122222,4.4408431,0.0,0.0,-0.0,0.0,0.0
2012-01-03 04:00:00,0.19208359,2.9386371,0.0,0.0,1.0286209,0.19208359478044845,7.0856165441126775,0.0,0.0,2.9386371,2.6447734,1.0286209,3.4122222,4.4408431,0.0,0.0,-0.0,0.0,0.0
2012-01-03 05:00:00,0.20017448,4.640201,0.0,0.0,1.0286209,0.20017447942798683,8.617023990743482,0.0,0.0,4.640201,4.1761809,1.0286209,3.4122222,4.4408431,0.0,0.0,-0.0,0.0,0.0
2012-01-03 06:00:00,0.26520122,5.7830423,4.471988,0.0,1.0286209,0.26520121900264726,13.759810192115586,4.471988,4.114229,5.7830423,5.2047381,1.0286209,3.4122222,4.4408431,0.0,0.0,-0.0,0.0,0.0
2012-01-03 07:00:00,0.40928889,5.7830423,2.8571034,0.0,1.0286209,0.4092888869541797,12.274116400608088,2.8571034,2.6285352,5.7830423,5.2047381,1.0286209,3.4122222,4.4408431,0.0,0.0,-0.0,0.0,0.0
2012-01-03 08:00:00,0.59787642,5.7830423,2.1366165,0.0,1.0286209,0.5978764204671733,11.611268401320128,2.1366165,1.9656872,5.7830423,5.2047381,1.0286209,3.4122222,4.4408431,0.0,0.0,-0.0,0.0,0.0
2012-01-03 09:00:00,0.0,5.7830423,1.5403514,0.89944133,0.0,0.7078525191948247,11.062704539840439,1.5403514,1.4171233,5.7830423,5.2047381,1.0286209,3.4122222,4.4408431,1.7364734,1.7364734,1.0286209,1.0286209,2.6359148
2012-01-03 10:00:00,0.0,5.7830423,1.2422189,1.3589571,0.0,0.738517970883643,10.788422609100593,1.2422189,1.1428414,5.7830423,5.2047381,1.0286209,3.4122222,4.4408431,1.7671389,1.7671389,1.0286209,1.0286209,3.126096
2012-01-03 11:00:00,0.0,5.7830423,0.39751004,1.5952537,0.0,0.7740779083468982,10.011290472004363,0.39751004,0.36570924,5.7830423,5.2047381,1.0286209,3.4122222,4.4408431,1.8026988,1.8026988,1.0286209,1.0286209,3.3979525
2012-01-03 12:00:00,0.0,5.7830423,0.049688756,1.5175001,0.0,0.8320625816542567,9.691294886141211,0.049688756,0.045713655,5.7830423,5.2047381,1.0286209,3.4122222,4.4408431,1.8606835,1.8606835,1.0286209,1.0286209,3.3781836
2012-01-03 13:00:00,0.0,5.7830423,0.0,1.1965015,0.0,0.8280670830628797,9.645581231017903,0.0,0.0,5.7830423,5.2047381,1.0286209,3.4122222,4.4408431,1.856688,1.856688,1.0286209,1.0286209,3.0531895
2012-01-03 14:00:00,0.0,5.7068529,0.0,0.65275121,0.0,0.7663865735584976,9.577010748332942,0.0,0.0,5.7068529,5.1361676,1.0286209,3.4122222,4.4408431,1.7950075,1.7950075,1.0286209,1.0286209,2.4477587
2012-01-03 15:00:00,0.71819087,5.7830423,0.47204318,0.0,1.0286209,0.7181908718000126,10.079860954689325,0.47204318,0.43427972,5.7830423,5.2047381,1.0286209,3.4122222,4.4408431,0.0,0.0,-0.0,0.0,0.0
2012-01-03 16:00:00,0.7227857,5.7830423,1.3912852,0.0,1.0286209,0.7227856951800962,10.925563574470516,1.3912852,1.2799823,5.7830423,5.2047381,1.0286209,3.4122222,4.4408431,0.0,0.0,-0.0,0.0,0.0
2012-01-03 17:00:00,0.90143443,5.7830423,1.6645733,0.0,1.0286209,0.9014344259470396,11.176988677648707,1.6645733,1.5314074,5.7830423,5.2047381,1.0286209,3.4122222,4.4408431,0.0,0.0,-0.0,0.0,0.0
2012-01-03 18:00:00,1.0458717,5.7830423,1.3912852,0.0,1.0286209,1.0458717000253175,10.925563574470516,1.3912852,1.2799823,5.7830423,5.2047381,1.0286209,3.4122222,4.4408431,0.0,0.0,-0.0,0.0,0.0
2012-01-03 19:00:00,1.0494177,5.7830423,1.316752,0.0,1.0286209,1.0494177050251645,10.856993091785554,1.316752,1.2114119,5.7830423,5.2047381,1.0286209,3.4122222,4.4408431,0.0,0.0,-0.0,0.0,0.0
2012-01-03 20:00:00,0.85883242,5.7830423,1.0683082,0.0,1.0286209,0.8588324222164825,10.628424816169016,1.0683082,0.98284359,5.7830423,5.2047381,1.0286209,3.4122222,4.4408431,0.0,0.0,-0.0,0.0,0.0
2012-01-03 21:00:00,0.66969551,5.7830423,0.049688756,0.0,1.0286209,0.6696955076471746,9.691294886141211,0.049688756,0.045713655,5.7830423,5.2047381,1.0286209,3.4122222,4.4408431,0.0,0.0,-0.0,0.0,0.0
2012-01-03 22:00:00,0.61181072,3.5989455,0.0,0.0,1.0286209,0.6118107218046005,7.679894060715675,0.0,0.0,3.5989455,3.2390509,1.0286209,3.4122222,4.4408431,0.0,0.0,-0.0,0.0,0.0
2012-01-03 23:00:00,0.51896532,2.2529323,0.0,0.0,1.0286209,0.5189653232874778,6.468482199948024,0.0,0.0,2.2529323,2.0276391,1.0286209,3.4122222,4.4408431,0.0,0.0,-0.0,0.0,0.0
2012-01-04 00:00:00,0.2912219,0.0,0.0,0.0,0.38375184,0.2912219035789898,1.6567636280807856,0.0,0.0,0.0,0.0,0.38375184,1.2730118,1.6567636,0.0,0.0,-0.0,0.0,0.0
2012-01-04 01:00:00,0.21550721,0.0,0.0,0.0,0.40736734,0.215507205272396,1.758718312885757,0.0,0.0,0.0,0.0,0.40736734,1.351351,1.7587183,0.0,0.0,-0.0,0.0,0.0
2012-01-04 02:00:00,0.19752746,0.0,0.0,0.0,0.42507897,0.19752746161119958,1.8351843264894858,0.0,0.0,0.0,0.0,0.42507897,1.4101054,1.8351843,0.0,0.0,-0.0,0.0,0.0
2012-01-04 03:00:00,0.19233331,0.0,0.0,0.0,0.48805363,0.1923333134424095,2.1070634859694097,0.0,0.0,0.0,0.0,0.48805363,1.6190099,2.1070635,0.0,0.0,-0.0,0.0,0.0
2012-01-04 04:00:00,0.19542982,0.0,0.0,0.0,0.64549028,0.19542982485072669,2.7867613846692194,0.0,0.0,0.0,0.0,0.64549028,2.1412711,2.7867614,0.0,0.0,-0.0,0.0,0.0
2012-01-04 05:00:00,0.23393644,0.0,0.0,0.0,0.95445971,0.23393644252512233,4.120668510867596,0.0,0.0,0.0,0.0,0.95445971,3.1662088,4.1206685,0.0,0.0,-0.0,0.0,0.0
2012-01-04 06:00:00,0.44994309,0.91868398,0.0,0.0,1.0286209,0.4499430851214405,5.267658714923524,0.0,0.0,0.91868398,0.82681558,1.0286209,3.4122222,4.4408431,0.0,0.0,-0.0,0.0,0.0
2012-01-04 07:00:00,0.64642173,0.52219354,0.0,0.0,1.0286209,0.6464217283524036,4.910817318106123,0.0,0.0,0.52219354,0.46997418,1.0286209,3.4122222,4.4408431,0.0,0.0,-0.0,0.0,0.0
2012-01-04 08:00:00,0.66674883,0.040740858,0.0,0.0,1.0286209,0.666748827436034,4.477509907684995,0.0,0.0,0.040740858,0.036666772,1.0286209,3.4122222,4.4408431,0.0,0.0,-0.0,0.0,0.0
2012-01-04 09:00:00,0.30917314,0.0,0.0,0.0,0.95642767,0.6154066705368397,4.129164734601343,0.0,0.0,0.0,0.0,0.95642767,3.1727371,4.1291647,0.30623353,0.30623353,-0.0,0.0,0.30623353
2012-01-04 10:00:00,0.15996175,0.0,0.0,0.0,0.88754914,0.580396114129899,3.8317969039201767,0.0,0.0,0.0,0.0,0.88754914,2.9442478,3.8317969,0.42043436,0.42043436,-0.0,0.0,0.42043436
2012-01-04 11:00:00,0.13021485,0.0,0.0,0.0,0.84622201,0.5909342416646558,3.653376205511476,0.0,0.0,0.0,0.0,0.84622201,2.8071542,3.6533762,0.46071939,0.46071939,-0.0,0.0,0.46071939
2012-01-04 12:00:00,0.20777204,0.0,0.0,0.0,0.83441426,0.6528145260986068,3.6023988631089905,0.0,0.0,0.0,0.0,0.83441426,2.7679846,3.6023989,0.44504249,0.44504249,-0.0,0.0,0.44504249
2012-01-04 13:00:00,0.27077758,0.0,0.0,0.0,0.83047835,0.6467713344791491,3.5854064156414958,0.0,0.0,0.0,0.0,0.83047835,2.7549281,3.5854064,0.37599375,0.37599375,-0.0,0.0,0.37599375
2012-01-04 14:00:00,0.32612035,0.0,0.0,0.0,0.85409385,0.5761009531441688,3.687361100446467,0.0,0.0,0.0,0.0,0.85409385,2.8332673,3.6873611,0.24998061,0.24998061,-0.0,0.0,0.24998061
2012-01-04 15:00:00,0.5235102,0.0,0.0,0.0,0.89148505,0.5235102029351693,3.8487893513876714,0.0,0.0,0.0,0.0,0.89148505,2.9573043,3.8487894,0.0,0.0,-0.0,0.0,0.0
2012-01-04 16:00:00,0.52545801,0.0,0.0,0.0,0.94265196,0.5254580084984655,4.069691168465109,0.0,0.0,0.0,0.0,0.94265196,3.1270392,4.0696912,0.0,0.0,-0.0,0.0,0.0
2012-01-04 17:00:00,0.642626,0.0,0.0,0.0,1.0036587,0.6426260046905955,4.333074104211286,0.0,0.0,0.0,0.0,1.0036587,3.3294154,4.3330741,0.0,0.0,-0.0,0.0,0.0
2012-01-04 18:00:00,0.83001489,0.0029798635,0.0,0.0,1.0286209,0.830014888626176,4.443525012750005,0.0,0.0,0.0029798635,0.0026818771,1.0286209,3.4122222,4.4408431,0.0,0.0,-0.0,0.0,0.0
2012-01-04 19:00:00,0.93434735,0.040740858,0.0,0.0,1.0286209,0.9343473455935075,4.477509907684995,0.0,0.0,0.040740858,0.036666772,1.0286209,3.4122222,4.4408431,0.0,0.0,-0.0,0.0,0.0
2012-01-04 20:00:00,0.84025335,0.0,0.0,0.0,0.98988296,0.8402533537665795,4.273600538075052,0.0,0.0,0.0,0.0,0.98988296,3.2837176,4.2736005,0.0,0.0,-0.0,0.0,0.0
2012-01-04 21:00:00,0.7040568,0.0,0.0,0.0,0.86196568,0.7040567955330165,3.7213459953814567,0.0,0.0,0.0,0.0,0.86196568,2.8593803,3.721346,0.0,0.0,-0.0,0.0,0.0
2012-01-04 22:00:00,0.58269353,0.0,0.0,0.0,0.58841949,0.5826935258199407,2.540370896390538,0.0,0.0,0.0,0.0,0.58841949,1.9519514,2.5403709,0.0,0.0,-0.0,0.0,0.0
2012-01-04 23:00:00,0.4314639,0.0,0.0,0.0,0.42901488,0.4314639041363219,1.8521767739569808,0.0,0.0,0.0,0.0,0.42901488,1.4231619,1.8521768,0.0,0.0,-0.0,0.0,0.0
2012-01-05 00:00:00,0.33252537,0.0,0.0,0.0,0.4347532,0.33252537026734935,1.876950676557445,0.0,0.0,0.0,0.0,0.4347532,1.4421975,1.8769507,0.0,0.0,-0.0,0.0,0.0
2012-01-05 01:00:00,0.24557333,0.0,0.0,0.0,0.46150724,0.24557333217250782,1.9924553335763648,0.0,0.0,0.0,0.0,0.46150724,1.5309481,1.9924553,0.0,0.0,-0.0,0.0,0.0
2012-01-05 02:00:00,0.22120079,0.0,0.0,0.0,0.48157277,0.2212007907651082,2.079083826340555,0.0,0.0,0.0,0.0,0.48157277,1.5975111,2.0790838,0.0,0.0,-0.0,0.0,0.0
2012-01-05 03:00:00,0.21530743,0.0,0.0,0.0,0.55291689,0.21530743034282715,2.387096245057674,0.0,0.0,0.0,0.0,0.55291689,1.8341794,2.3870962,0.0,0.0,-0.0,0.0,0.0
2012-01-05 04:00:00,0.22010203,0.0,0.0,0.0,0.73127717,0.22010202865247955,3.1571272918504723,0.0,0.0,0.0,0.0,0.73127717,2.4258501,3.1571273,0.0,0.0,-0.0,0.0,0.0
2012-01-05 05:00:00,0.26290381,0.25274454,0.0,0.0,1.0286209,0.26290380731260543,4.6683132211813385,0.0,0.0,0.25274454,0.22747009,1.0286209,3.4122222,4.4408431,0.0,0.0,-0.0,0.0,0.0
2012-01-05 06:00:00,0.46402722,1.6965528,0.0,0.0,1.0286209,0.4640272176560443,5.967740612644184,0.0,0.0,1.6965528,1.5268975,1.0286209,3.4122222,4.4408431,0.0,0.0,-0.0,0.0,0.0
2012-01-05 07:00:00,0.6478701,1.247368,0.0,0.0,1.0286209,0.6478700965917779,5.563474313077965,0.0,0.0,1.247368,1.1226312,1.0286209,3.4122222,4.4408431,0.0,0.0,-0.0,0.0,0.0
2012-01-05 08:00:00,0.68657649,0.70192932,0.0,0.0,1.0286209,0.6865764891957423,5.072579520747557,0.0,0.0,0.70192932,0.63173639,1.0286209,3.4122222,4.4408431,0.0,0.0,-0.0,0.0,0.0
2012-01-05 09:00:00,0.0,0.26343942,0.0,1.4764034,0.0,0.6790849293369104,4.677938609266247,0.0,0.0,0.26343942,0.23709547,1.0286209,3.4122222,4.4408431,1.7077059,1.7077059,1.0286209,1.0286209,3.1841092
2012-01-05 10:00:00,0.0,0.0,0.0,1.8512338,0.0,0.659457042506771,4.341050026294399,0.0,0.0,0.0,0.0,1.0055061,3.3355439,4.34105,1.6649632,1.6649632,1.0055061,1.0055061,3.5161969
2012-01-05 11:00:00,0.0,0.0,0.0,2.1053826,0.0,0.6656500653234054,4.138916876511289,0.0,0.0,0.0,0.0,0.95868653,3.1802303,4.1389169,1.6243366,1.6243366,0.95868653,0.95868653,3.7297192
2012-01-05 12:00:00,0.0,0.0,0.0,2.0176778,0.0,0.747208180319888,4.08116454800183,0.0,0.0,0.0,0.0,0.94530951,3.135855,4.0811645,1.6925177,1.6925177,0.94530951,0.94530951,3.7101955
2012-01-05 13:00:00,0.0,0.0,0.0,1.7826974,0.0,0.7274804060249641,4.0619137718320095,0.0,0.0,0.0,0.0,0.94085051,3.1210633,4.0619138,1.6683309,1.6683309,0.94085051,0.94085051,3.4510283
2012-01-05 14:00:00,0.0,0.0,0.0,1.4144507,0.0,0.6331866392684673,4.177418428850929,0.0,0.0,0.0,0.0,0.96760455,3.2098139,4.1774184,1.6007912,1.6007912,0.96760455,0.96760455,3.0152419
2012-01-05 15:00:00,0.13083054,0.0,0.0,0.0,1.0099651,0.5665617002572562,4.360300802464219,0.0,0.0,0.0,0.0,1.0099651,3.3503357,4.3603008,0.43573116,0.43573116,-0.0,0.0,0.43573116
2012-01-05 16:00:00,0.53010278,0.18857529,0.0,0.0,1.0286209,0.5301027756109412,4.610560892671877,0.0,0.0,0.18857529,0.16971776,1.0286209,3.4122222,4.4408431,0.0,0.0,-0.0,0.0,0.0
2012-01-05 17:00:00,0.58099544,0.52011643,0.0,0.0,1.0286209,0.5809954389186055,4.908947923304088,0.0,0.0,0.52011643,0.46810479,1.0286209,3.4122222,4.4408431,0.0,0.0,-0.0,0.0,0.0
2012-01-05 18:00:00,0.72343496,0.65914981,0.0,0.0,1.0286209,0.723434963701195,5.034077968407916,0.0,0.0,0.65914981,0.59323483,1.0286209,3.4122222,4.4408431,0.0,0.0,-0.0,0.0,0.0
2012-01-05 19:00:00,0.85848282,0.70192932,0.0,0.0,1.0286209,0.858482816089737,5.072579520747557,0.0,0.0,0.70192932,0.63173639,1.0286209,3.4122222,4.4408431,0.0,0.0,-0.0,0.0,0.0
2012-01-05 20:00:00,0.83930442,0.4452523,0.0,0.0,1.0286209,0.8393044228511274,4.841570206709717,0.0,0.0,0.4452523,0.40072707,1.0286209,3.4122222,4.4408431,0.0,0.0,-0.0,0.0,0.0
2012-01-05 21:00:00,0.77887251,0.0,0.0,0.0,0.97652256,0.7788725066565506,4.215919981190569,0.0,0.0,0.0,0.0,0.97652256,3.2393974,4.21592,0.0,0.0,-0.0,0.0,0.0
2012-01-05 22:00:00,0.67763656,0.0,0.0,0.0,0.66662157,0.6776365610975362,2.8779910373880826,0.0,0.0,0.0,0.0,0.66662157,2.2113695,2.877991,0.0,0.0,-0.0,0.0,0.0
2012-01-05 23:00:00,0.5007858,0.0,0.0,0.0,0.48603178,0.5007858046967126,2.0983346025103744,0.0,0.0,0.0,0.0,0.48603178,1.6123028,2.0983346,0.0,0.0,-0.0,0.0,0.0
2012-01-06 00:00:00,0.33252537,0.0,0.0,0.0,0.42591148,0.33252537026734935,1.8387785250671755,0.0,0.0,0.0,0.0,0.42591148,1.412867,1.8387785,0.0,0.0,-0.0,0.0,0.0
2012-01-06 01:00:00,0.24557333,0.0,0.0,0.0,0.45212142,0.24557333217250782,1.9519341266097712,0.0,0.0,0.0,0.0,0.45212142,1.4998127,1.9519341,0.0,0.0,-0.0,0.0,0.0
2012-01-06 02:00:00,0.22120079,0.0,0.0,0.0,0.47177887,0.2212007907651082,2.036800827766718,0.0,0.0,0.0,0.0,0.47177887,1.565022,2.0368008,0.0,0.0,-0.0,0.0,0.0
2012-01-06 03:00:00,0.21530743,0.0,0.0,0.0,0.54167204,0.21530743034282715,2.338549098546972,0.0,0.0,0.0,0.0,0.54167204,1.7968771,2.3385491,0.0,0.0,-0.0,0.0,0.0
2012-01-06 04:00:00,0.22010203,0.0,0.0,0.0,0.71640495,0.22010202865247955,3.0929197754976085,0.0,0.0,0.0,0.0,0.71640495,2.3765148,3.0929198,0.0,0.0,-0.0,0.0,0.0
2012-01-06 05:00:00,0.26290381,0.14725455,0.0,0.0,1.0286209,0.26290380731260543,4.573372229013232,0.0,0.0,0.14725455,0.13252909,1.0286209,3.4122222,4.4408431,0.0,0.0,-0.0,0.0,0.0
2012-01-06 06:00:00,0.46402722,1.5616996,0.0,0.0,1.0286209,0.4640272176560443,5.84637274636743,0.0,0.0,1.5616996,1.4055296,1.0286209,3.4122222,4.4408431,0.0,0.0,-0.0,0.0,0.0
2012-01-06 07:00:00,0.6478701,1.12165,0.0,0.0,1.0286209,0.6478700965917779,5.450328140968346,0.0,0.0,1.12165,1.009485,1.0286209,3.4122222,4.4408431,0.0,0.0,-0.0,0.0,0.0
2012-01-06 08:00:00,0.68657649,0.58730411,0.0,0.0,1.0286209,0.6865764891957423,4.969416834412316,0.0,0.0,0.58730411,0.5285737,1.0286209,3.4122222,4.4408431,0.0,0.0,-0.0,0.0,0.0
2012-01-06 09:00:00,0.40362511,0.15773192,0.0,0.0,1.0286209,0.6790849293369104,4.582801862475114,0.0,0.0,0.15773192,0.14195873,1.0286209,3.4122222,4.4408431,0.27545982,0.27545982,-0.0,0.0,0.27545982
2012-01-06 10:00:00,0.45272194,0.0,0.0,0.0,0.98505681,0.659457042506771,4.252764691309212,0.0,0.0,0.0,0.0,0.98505681,3.2677079,4.2527647,0.2067351,0.2067351,-0.0,0.0,0.2067351
2012-01-06 11:00:00,0.32122313,0.0,0.0,0.0,0.93918942,0.6656500653234054,4.054742388609669,0.0,0.0,0.0,0.0,0.93918942,3.115553,4.0547424,0.34442693,0.34442693,-0.0,0.0,0.34442693
2012-01-06 12:00:00,0.40990754,0.0,0.0,0.0,0.92608445,0.747208180319888,3.998164587838372,0.0,0.0,0.0,0.0,0.92608445,3.0720801,3.9981646,0.33730064,0.33730064,-0.0,0.0,0.33730064
2012-01-06 13:00:00,0.59072672,0.0,0.0,0.0,0.92171613,0.7274804060249641,3.979305320914606,0.0,0.0,0.0,0.0,0.92171613,3.0575892,3.9793053,0.13675368,0.13675368,-0.0,0.0,0.13675368
2012-01-06 14:00:00,0.25865258,0.0,0.0,0.0,0.94792606,0.6331866392684673,4.092460922457201,0.0,0.0,0.0,0.0,0.94792606,3.1445349,4.0924609,0.37453406,0.37453406,-0.0,0.0,0.37453406
2012-01-06 15:00:00,0.43871369,0.0,0.0,0.0,0.98942513,0.5665617002572562,4.271623958232977,0.0,0.0,0.0,0.0,0.98942513,3.2821988,4.271624,0.12784801,0.12784801,-0.0,0.0,0.12784801
2012-01-06 16:00:00,0.53010278,0.084390325,0.0,0.0,1.0286209,0.5301027756109412,4.5167944282419334,0.0,0.0,0.084390325,0.075951293,1.0286209,3.4122222,4.4408431,0.0,0.0,-0.0,0.0,0.0
2012-01-06 17:00:00,0.58099544,0.40918881,0.0,0.0,1.0286209,0.5809954389186055,4.809113065560306,0.0,0.0,0.40918881,0.36826993,1.0286209,3.4122222,4.4408431,0.0,0.0,-0.0,0.0,0.0
2012-01-06 18:00:00,0.72343496,0.54539463,0.0,0.0,1.0286209,0.723434963701195,4.931698300564784,0.0,0.0,0.54539463,0.49085516,1.0286209,3.4122222,4.4408431,0.0,0.0,-0.0,0.0,0.0
2012-01-06 19:00:00,0.85848282,0.58730411,0.0,0.0,1.0286209,0.858482816089737,4.969416834412316,0.0,0.0,0.58730411,0.5285737,1.0286209,3.4122222,4.4408431,0.0,0.0,-0.0,0.0,0.0
2012-01-06 20:00:00,0.83930442,0.33584722,0.0,0.0,1.0286209,0.8393044228511274,4.743105631327125,0.0,0.0,0.33584722,0.3022625,1.0286209,3.4122222,4.4408431,0.0,0.0,-0.0,0.0,0.0
2012-01-06 21:00:00,0.77887251,0.0,0.0,0.0,0.95666271,0.7788725066565506,4.130179456304734,0.0,0.0,0.0,0.0,0.95666271,3.1735167,4.1301795,0.0,0.0,-0.0,0.0,0.0
2012-01-06 22:00:00,0.67763656,0.0,0.0,0.0,0.65306427,0.6776365610975362,2.8194604051030026,0.0,0.0,0.0,0.0,0.65306427,2.1663961,2.8194604,0.0,0.0,-0.0,0.0,0.0
2012-01-06 23:00:00,0.5007858,0.0,0.0,0.0,0.47614719,0.5007858046967126,2.0556600946904835,0.0,0.0,0.0,0.0,0.47614719,1.5795129,2.0556601,0.0,0.0,-0.0,0.0,0.0
2012-01-07 00:00:00,0.33252537,0.0,0.0,0.0,0.05938552,0.33252537026734935,0.2563838363159318,0.0,0.0,0.0,0.0,0.05938552,0.19699832,0.25638384,0.0,0.0,-0.0,0.0,0.0
2012-01-07 01:00:00,0.24557333,0.0,0.0,0.0,0.063671073,0.24557333217250782,0.2748857626480093,0.0,0.0,0.0,0.0,0.063671073,0.21121469,0.27488576,0.0,0.0,-0.0,0.0,0.0
2012-01-07 02:00:00,0.22120079,0.0,0.0,0.0,0.067956626,0.2212007907651082,0.29338768898008694,0.0,0.0,0.0,0.0,0.067956626,0.22543106,0.29338769,0.0,0.0,-0.0,0.0,0.0
2012-01-07 03:00:00,0.21530743,0.0,0.0,0.0,0.098567719,0.21530743034282715,0.4255443056377837,0.0,0.0,0.0,0.0,0.098567719,0.32697659,0.42554431,0.0,0.0,-0.0,0.0,0.0
2012-01-07 04:00:00,0.22010203,0.0,0.0,0.0,0.17815656,0.22010202865247955,0.7691515089477955,0.0,0.0,0.0,0.0,0.17815656,0.59099495,0.76915151,0.0,0.0,-0.0,0.0,0.0
2012-01-07 05:00:00,0.26290381,0.0,0.0,0.0,0.40712754,0.26290380731260543,1.7576830015473675,0.0,0.0,0.0,0.0,0.40712754,1.3505555,1.757683,0.0,0.0,-0.0,0.0,0.0
2012-01-07 06:00:00,0.46402722,0.0,0.0,0.0,0.5069197,0.4640272176560443,2.188513571851459,0.0,0.0,0.0,0.0,0.5069197,1.6815939,2.1885136,0.0,0.0,-0.0,0.0,0.0
2012-01-07 07:00:00,0.6478701,0.0,0.0,0.0,0.46100306,0.6478700965917779,1.9902786468649138,0.0,0.0,0.0,0.0,0.46100306,1.5292756,1.9902786,0.0,0.0,-0.0,0.0,0.0
2012-01-07 08:00:00,0.68657649,0.0,0.0,0.0,0.37161867,0.6865764891957423,1.604381326224439,0.0,0.0,0.0,0.0,0.37161867,1.2327627,1.6043813,0.0,0.0,-0.0,0.0,0.0
2012-01-07 09:00:00,0.0,0.0,0.0,2.4085679,0.0,0.6790849293369104,1.5858793998923615,0.0,0.0,0.0,0.0,0.36733311,1.2185463,1.5858794,1.046418,1.046418,0.36733311,0.36733311,3.4549859
2012-01-07 10:00:00,0.0,0.0,0.0,2.7346106,0.0,0.659457042506771,1.3453543575753535,0.0,0.0,0.0,0.0,0.31162093,1.0337334,1.3453544,0.97107797,0.97107797,0.31162093,0.31162093,3.7056886
2012-01-07 11:00:00,0.0,0.0,0.0,2.9508539,0.0,0.6656500653234054,1.273989784580197,0.0,0.0,0.0,0.0,0.29509094,0.97889885,1.2739898,0.960741,0.960741,0.29509094,0.29509094,3.9115949
2012-01-07 12:00:00,0.0,0.0,0.0,2.5518834,0.0,0.747208180319888,1.1682644912540399,0.0,0.0,0.0,0.0,0.27060206,0.89766243,1.1682645,1.0178102,1.0178102,0.27060206,0.27060206,3.5696936
2012-01-07 13:00:00,0.0,0.0,0.0,2.0713858,0.0,0.7274804060249641,1.0466804039289588,0.0,0.0,0.0,0.0,0.24243986,0.80424055,1.0466804,0.96992026,0.96992026,0.24243986,0.24243986,3.041306
2012-01-07 14:00:00,0.0,0.0,0.0,2.173888,0.0,0.6331866392684673,0.9964608895990339,0.0,0.0,0.0,0.0,0.23080764,0.76565325,0.99646089,0.86399428,0.86399428,0.23080764,0.23080764,3.0378823
2012-01-07 15:00:00,0.0,0.0,0.0,0.14239798,0.0,0.5665617002572562,0.9462413752691091,0.0,0.0,0.0,0.0,0.21917542,0.72706595,0.94624138,0.78573713,0.78573713,0.21917542,0.21917542,0.9281351
2012-01-07 16:00:00,0.53010278,0.0,0.0,0.0,0.24427652,0.5301027756109412,1.0546098009284206,0.0,0.0,0.0,0.0,0.24427652,0.81033328,1.0546098,0.0,0.0,-0.0,0.0,0.0
2012-01-07 17:00:00,0.58099544,0.0,0.0,0.0,0.26141873,0.5809954389186055,1.1286175062567307,0.0,0.0,0.0,0.0,0.26141873,0.86719877,1.1286175,0.0,0.0,-0.0,0.0,0.0
2012-01-07 18:00:00,0.72343496,0.0,0.0,0.0,0.28039761,0.723434963701195,1.2105546085845027,0.0,0.0,0.0,0.0,0.28039761,0.930157,1.2105546,0.0,0.0,-0.0,0.0,0.0
2012-01-07 19:00:00,0.85848282,0.0,0.0,0.0,0.31529426,0.858482816089737,1.3612131515742771,0.0,0.0,0.0,0.0,0.31529426,1.0459189,1.3612132,0.0,0.0,-0.0,0.0,0.0
2012-01-07 20:00:00,0.83930442,0.0,0.0,0.0,0.31835537,0.8393044228511274,1.3744288132400468,0.0,0.0,0.0,0.0,0.31835537,1.0560734,1.3744288,0.0,0.0,-0.0,0.0,0.0
2012-01-07 21:00:00,0.77887251,0.0,0.0,0.0,0.27060206,0.7788725066565506,1.1682644912540399,0.0,0.0,0.0,0.0,0.27060206,0.89766243,1.1682645,0.0,0.0,-0.0,0.0,0.0
2012-01-07 22:00:00,0.67763656,0.0,0.0,0.0,0.18795211,0.6776365610975362,0.8114416262782584,0.0,0.0,0.0,0.0,0.18795211,0.62348952,0.81144163,0.0,0.0,-0.0,0.0,0.0
2012-01-07 23:00:00,0.5007858,0.0,0.0,0.0,0.090608835,0.5007858046967126,0.3911835853067826,0.0,0.0,0.0,0.0,0.090608835,0.30057475,0.39118359,0.0,0.0,-0.0,0.0,0.0
2012-01-08 00:00:00,0.36783559,0.0,0.0,0.0,0.073235796,0.3678355890686435,0.3161793351269989,0.0,0.0,0.0,0.0,0.073235796,0.24294354,0.31617934,0.0,0.0,-0.0,0.0,0.0
2012-01-08 01:00:00,0.27389143,0.0,0.0,0.0,0.078520853,0.2738914284388922,0.33899640054853486,0.0,0.0,0.0,0.0,0.078520853,0.26047555,0.3389964,0.0,0.0,-0.0,0.0,0.0
2012-01-08 02:00:00,0.2486199,0.0,0.0,0.0,0.083805911,0.24861989984843277,0.3618134659700709,0.0,0.0,0.0,0.0,0.083805911,0.27800756,0.36181347,0.0,0.0,-0.0,0.0,0.0
2012-01-08 03:00:00,0.23403633,0.0,0.0,0.0,0.12155632,0.23403632998990676,0.524792504695328,0.0,0.0,0.0,0.0,0.12155632,0.40323618,0.5247925,0.0,0.0,-0.0,0.0,0.0
2012-01-08 04:00:00,0.24362553,0.0,0.0,0.0,0.21970739,0.24362552660921152,0.9485380053809968,0.0,0.0,0.0,0.0,0.21970739,0.72883062,0.94853801,0.0,0.0,-0.0,0.0,0.0
2012-01-08 05:00:00,0.29596656,0.0,0.0,0.0,0.50208046,0.29596655815624995,2.16762121504592,0.0,0.0,0.0,0.0,0.50208046,1.6655408,2.1676212,0.0,0.0,-0.0,0.0,0.0
2012-01-08 06:00:00,0.48894914,0.0,0.0,0.0,0.62514679,0.4889491401197583,2.698932881290258,0.0,0.0,0.0,0.0,0.62514679,2.0737861,2.6989329,0.0,0.0,-0.0,0.0,0.0
2012-01-08 07:00:00,0.64782015,0.0,0.0,0.0,0.56852118,0.6478201528593857,2.454464323202373,0.0,0.0,0.0,0.0,0.56852118,1.8859431,2.4544643,0.0,0.0,-0.0,0.0,0.0
2012-01-08 08:00:00,0.70740303,0.0,0.0,0.0,0.45828998,0.7074030256032948,1.9785655301246219,0.0,0.0,0.0,0.0,0.45828998,1.5202756,1.9785655,0.0,0.0,-0.0,0.0,0.0
2012-01-08 09:00:00,0.0,0.0,0.0,0.0,0.44377072,0.7195393525746024,1.9557484647030858,0.0,0.0,0.0,0.0,0.45300492,1.5027435,1.9557485,0.72877355,0.72877355,0.0092341981,0.0092341981,0.72877355
2012-01-08 10:00:00,0.0,0.0,0.0,0.39070347,0.0,0.6954165298291639,1.6591266142231178,0.0,0.0,0.0,0.0,0.38429918,1.2748274,1.6591266,1.0797157,1.0797157,0.38429918,0.38429918,1.4704192
2012-01-08 11:00:00,0.0,0.0,0.0,1.2666589,0.0,0.7090012250398456,1.5711179333114789,0.0,0.0,0.0,0.0,0.36391395,1.207204,1.5711179,1.0729152,1.0729152,0.36391395,0.36391395,2.3395741
2012-01-08 12:00:00,0.0,0.0,0.0,1.0416088,0.0,0.7882619283462864,1.4407347023312733,0.0,0.0,0.0,0.0,0.33371363,1.1070211,1.4407347,1.1219756,1.1219756,0.33371363,0.33371363,2.1635844
2012-01-08 13:00:00,0.0,0.0,0.0,2.2380986,0.0,0.7625908498966893,1.2907939867040368,0.0,0.0,0.0,0.0,0.29898325,0.99181074,1.290794,1.0615741,1.0615741,0.29898325,0.29898325,3.2996727
2012-01-08 14:00:00,0.0,0.0,0.0,2.3511005,0.0,0.6581085617321814,1.2288619519884387,0.0,0.0,0.0,0.0,0.28463809,0.94422386,1.228862,0.94274665,0.94274665,0.28463809,0.28463809,3.2938472
2012-01-08 15:00:00,0.0,0.0,0.0,0.87872453,0.0,0.5932815970870897,1.1669299172728413,0.0,0.0,0.0,0.0,0.27029294,0.89663698,1.1669299,0.86357453,0.86357453,0.27029294,0.27029294,1.7422991
2012-01-08 16:00:00,0.5733041,0.0,0.0,0.0,0.30124827,0.5733041041302048,1.3005727290275522,0.0,0.0,0.0,0.0,0.30124827,0.99932446,1.3005727,0.0,0.0,-0.0,0.0,0.0
2012-01-08 17:00:00,0.61176078,0.0,0.0,0.0,0.3223885,0.6117607780722083,1.3918409907136962,0.0,0.0,0.0,0.0,0.3223885,1.0694525,1.391841,0.0,0.0,-0.0,0.0,0.0
2012-01-08 18:00:00,0.71005004,0.0,0.0,0.0,0.34579376,0.710050043420082,1.4928879947233555,0.0,0.0,0.0,0.0,0.34579376,1.1470942,1.492888,0.0,0.0,-0.0,0.0,0.0
2012-01-08 19:00:00,0.82492063,0.0,0.0,0.0,0.38882922,0.8249206279221704,1.6786840988701486,0.0,0.0,0.0,0.0,0.38882922,1.2898549,1.6786841,0.0,0.0,-0.0,0.0,0.0
2012-01-08 20:00:00,0.83196269,0.0,0.0,0.0,0.39260427,0.8319626941894723,1.6949820027426743,0.0,0.0,0.0,0.0,0.39260427,1.3023777,1.694982,0.0,0.0,-0.0,0.0,0.0
2012-01-08 21:00:00,0.7868635,0.0,0.0,0.0,0.33371363,0.7868635038393046,1.4407347023312733,0.0,0.0,0.0,0.0,0.33371363,1.1070211,1.4407347,0.0,0.0,-0.0,0.0,0.0
2012-01-08 22:00:00,0.72173688,0.0,0.0,0.0,0.23178752,0.7217368767998599,1.0006912977730789,0.0,0.0,0.0,0.0,0.23178752,0.76890378,1.0006913,0.0,0.0,-0.0,0.0,0.0
2012-01-08 23:00:00,0.55976935,0.0,0.0,0.0,0.11174121,0.5597693526519153,0.48241795462676124,0.0,0.0,0.0,0.0,0.11174121,0.37067674,0.48241795,0.0,0.0,-0.0,0.0,0.0
2012-01-09 00:00:00,0.44754579,0.0,0.0,0.0,0.12207653,0.4475457859666143,0.5270383741215525,0.0,0.0,0.0,0.0,0.12207653,0.40496185,0.52703837,0.0,0.0,-0.0,0.0,0.0
2012-01-09 01:00:00,0.33287498,0.0,0.0,0.0,0.13232071,0.3328749763940949,0.5712653705513331,0.0,0.0,0.0,0.0,0.13232071,0.43894466,0.57126537,0.0,0.0,-0.0,0.0,0.0
2012-01-09 02:00:00,0.27209345,0.0,0.0,0.0,0.14171121,0.2720934540727725,0.6118067839452987,0.0,0.0,0.0,0.0,0.14171121,0.47009557,0.61180678,0.0,0.0,-0.0,0.0,0.0
2012-01-09 03:00:00,0.25276523,0.0,0.0,0.0,0.16988272,0.2527652296369864,0.7334310241271955,0.0,0.0,0.0,0.0,0.16988272,0.56354831,0.73343102,0.0,0.0,-0.0,0.0,0.0
2012-01-09 04:00:00,0.24961877,0.0,0.0,0.0,0.25525092,0.249618774496277,1.1019893277087007,0.0,0.0,0.0,0.0,0.25525092,0.84673841,1.1019893,0.0,0.0,-0.0,0.0,0.0
2012-01-09 05:00:00,0.24357558,0.0,0.0,0.0,0.46354932,0.2435755828768193,2.001271588447574,0.0,0.0,0.0,0.0,0.46354932,1.5377223,2.0012716,0.0,0.0,-0.0,0.0,0.0
2012-01-09 06:00:00,0.25636118,0.0,0.0,0.0,0.58647953,0.2563611783692257,2.531995545604941,0.0,0.0,0.0,0.0,0.58647953,1.945516,2.5319955,0.0,0.0,-0.0,0.0,0.0
2012-01-09 07:00:00,0.34695911,0.0,0.0,0.0,0.57708903,0.34695910892869875,2.4914541322109756,0.0,0.0,0.0,0.0,0.57708903,1.9143651,2.4914541,0.0,0.0,-0.0,0.0,0.0
2012-01-09 08:00:00,0.56171716,0.0,0.0,0.0,0.49257451,0.5617171582152116,2.1265814116652852,0.0,0.0,0.0,0.0,0.49257451,1.6340069,2.1265814,0.0,0.0,-0.0,0.0,0.0
2012-01-09 09:00:00,0.0,0.0,0.0,1.367073,0.0,0.8002983678528097,1.9386166768387179,0.0,0.0,0.0,0.0,0.44903673,1.4895799,1.9386167,1.2493351,1.2493351,0.44903673,0.44903673,2.6164081
2012-01-09 10:00:00,0.0,0.0,0.0,2.1668826,0.0,0.9319001027062891,1.7543375250479651,0.0,0.0,0.0,0.0,0.40635263,1.3479849,1.7543375,1.3382527,1.3382527,0.40635263,0.40635263,3.5051353
2012-01-09 11:00:00,0.0,0.0,0.0,2.1692414,0.0,1.0275423502373755,1.6032286205795478,0.0,0.0,0.0,0.0,0.37135167,1.231877,1.6032286,1.398894,1.398894,0.37135167,0.37135167,3.5681354
2012-01-09 12:00:00,0.0,0.0,0.0,2.2342013,0.0,1.046021531222494,1.529516959863247,0.0,0.0,0.0,0.0,0.35427803,1.1752389,1.529517,1.4002996,1.4002996,0.35427803,0.35427803,3.6345009
2012-01-09 13:00:00,0.0,0.0,0.0,1.8915057,0.0,0.8758632349622268,1.4816043803976513,0.0,0.0,0.0,0.0,0.34318016,1.1384242,1.4816044,1.2190434,1.2190434,0.34318016,0.34318016,3.1105491
2012-01-09 14:00:00,0.0,0.0,0.0,1.1969009,0.0,0.7195393525746024,1.470547631290206,0.0,0.0,0.0,0.0,0.34061912,1.1299285,1.4705476,1.0601585,1.0601585,0.34061912,0.34061912,2.2570594
2012-01-09 15:00:00,0.0,0.0,0.0,1.0183376,0.0,0.6211501997619442,1.529516959863247,0.0,0.0,0.0,0.0,0.35427803,1.1752389,1.529517,0.97542823,0.97542823,0.35427803,0.35427803,1.9937658
2012-01-09 16:00:00,0.54129017,0.0,0.0,0.0,0.37732744,0.5412901716667967,1.6290277018302535,0.0,0.0,0.0,0.0,0.37732744,1.2517003,1.6290277,0.0,0.0,-0.0,0.0,0.0
2012-01-09 17:00:00,0.54733336,0.0,0.0,0.0,0.40891368,0.5473333632862545,1.76539427415541,0.0,0.0,0.0,0.0,0.40891368,1.3564806,1.7653943,0.0,0.0,-0.0,0.0,0.0
2012-01-09 18:00:00,0.63253737,0.0,0.0,0.0,0.44135359,0.6325373707473686,1.9054464295163822,0.0,0.0,0.0,0.0,0.44135359,1.4640928,1.9054464,0.0,0.0,-0.0,0.0,0.0
2012-01-09 19:00:00,0.75924462,0.0,0.0,0.0,0.47208614,0.7592446198264112,2.038127418805724,0.0,0.0,0.0,0.0,0.47208614,1.5660413,2.0381274,0.0,0.0,-0.0,0.0,0.0
2012-01-09 20:00:00,0.79615304,0.0,0.0,0.0,0.45671987,0.7961530380642561,1.9717869241610533,0.0,0.0,0.0,0.0,0.45671987,1.5150671,1.9717869,0.0,0.0,-0.0,0.0,0.0
2012-01-09 21:00:00,0.75185295,0.0,0.0,0.0,0.40379159,0.7518529474323637,1.74328077594052,0.0,0.0,0.0,0.0,0.40379159,1.3394892,1.7432808,0.0,0.0,-0.0,0.0,0.0
2012-01-09 22:00:00,0.70021113,0.0,0.0,0.0,0.26634878,0.7002111281388163,1.1499019071742964,0.0,0.0,0.0,0.0,0.26634878,0.88355312,1.1499019,0.0,0.0,-0.0,0.0,0.0
2012-01-09 23:00:00,0.53974192,0.0,0.0,0.0,0.15110171,0.5397419159626382,0.6523481973392643,0.0,0.0,0.0,0.0,0.15110171,0.50124648,0.6523482,0.0,0.0,-0.0,0.0,0.0
2012-01-10 00:00:00,0.41453298,0.0,0.0,0.0,0.018042018,0.41453297885536194,0.07789241898390764,0.0,0.0,0.0,0.0,0.018042018,0.059850401,0.077892419,0.0,0.0,-0.0,0.0,0.0
2012-01-10 01:00:00,0.32128803,0.0,0.0,0.0,0.020912339,0.3212880304791016,0.09028439473134749,0.0,0.0,0.0,0.0,0.020912339,0.069372056,0.090284395,0.0,0.0,-0.0,0.0,0.0
2012-01-10 02:00:00,0.26125566,0.0,0.0,0.0,0.017631972,0.26125566414366247,0.07612213673427337,0.0,0.0,0.0,0.0,0.017631972,0.058490164,0.076122137,0.0,0.0,-0.0,0.0,0.0
2012-01-10 03:00:00,0.24991844,0.0,0.0,0.0,0.032803669,0.24991843689063029,0.14162257997074115,0.0,0.0,0.0,0.0,0.032803669,0.10881891,0.14162258,0.0,0.0,-0.0,0.0,0.0
2012-01-10 04:00:00,0.25211596,0.0,0.0,0.0,0.07831876,0.25211596111588763,0.3381239096801445,0.0,0.0,0.0,0.0,0.07831876,0.25980515,0.33812391,0.0,0.0,-0.0,0.0,0.0
2012-01-10 05:00:00,0.25785949,0.0,0.0,0.0,0.24725766,0.25785949034099204,1.0674801965294614,0.0,0.0,0.0,0.0,0.24725766,0.82022254,1.0674802,0.0,0.0,-0.0,0.0,0.0
2012-01-10 06:00:00,0.31819152,0.0,0.0,0.0,0.38954357,0.3181915190707844,1.6817681371525512,0.0,0.0,0.0,0.0,0.38954357,1.2922246,1.6817681,0.0,0.0,-0.0,0.0,0.0
2012-01-10 07:00:00,0.46502609,0.0,0.0,0.0,0.32926683,0.46502609230388864,1.4215366464563142,0.0,0.0,0.0,0.0,0.32926683,1.0922698,1.4215366,0.0,0.0,-0.0,0.0,0.0
2012-01-10 08:00:00,0.64112769,0.0,0.0,0.0,0.25135812,0.6411276927188292,1.085183019025804,0.0,0.0,0.0,0.0,0.25135812,0.8338249,1.085183,0.0,0.0,-0.0,0.0,0.0
2012-01-10 09:00:00,0.0,0.0,0.0,2.7176047,0.0,0.7778736320087063,1.0356151160360447,0.0,0.0,0.0,0.0,0.23987683,0.79573828,1.0356151,1.0177505,1.0177505,0.23987683,0.23987683,3.7353552
2012-01-10 10:00:00,0.0,0.0,0.0,2.1529188,0.0,0.8233723722180118,0.9329387455572573,0.0,0.0,0.0,0.0,0.21609417,0.71684457,0.93293875,1.0394665,1.0394665,0.21609417,0.21609417,3.1923854
2012-01-10 11:00:00,0.0,0.0,0.0,0.91180728,0.0,0.8546870924279288,0.9648038260506742,0.0,0.0,0.0,0.0,0.223475,0.74132883,0.96480383,1.0781621,1.0781621,0.223475,0.223475,1.9899694
2012-01-10 12:00:00,0.65466791,0.0,0.0,0.0,0.21445399,0.9095752543269702,0.9258576165587202,0.0,0.0,0.0,0.0,0.21445399,0.71140363,0.92585762,0.25490734,0.25490734,-0.0,0.0,0.25490734
2012-01-10 13:00:00,0.82934048,0.0,0.0,0.0,0.17139917,0.8789098026381518,0.7399779803471225,0.0,0.0,0.0,0.0,0.17139917,0.56857881,0.73997798,0.049569321,0.049569321,-0.0,0.0,0.049569321
2012-01-10 14:00:00,0.31033017,0.0,0.0,0.0,0.16483844,0.7850155857407927,0.7116534643529743,0.0,0.0,0.0,0.0,0.16483844,0.54681503,0.71165346,0.47468541,0.47468541,-0.0,0.0,0.47468541
2012-01-10 15:00:00,0.66728721,0.0,0.0,0.0,0.14720647,0.7409652137708614,0.6355313276187009,0.0,0.0,0.0,0.0,0.14720647,0.48832486,0.63553133,0.073677999,0.073677999,-0.0,0.0,0.073677999
2012-01-10 16:00:00,0.72348491,0.0,0.0,0.0,0.17262931,0.7234849074335872,0.7452888270960253,0.0,0.0,0.0,0.0,0.17262931,0.57265952,0.74528883,0.0,0.0,-0.0,0.0,0.0
2012-01-10 17:00:00,0.74396184,0.0,0.0,0.0,0.20502293,0.7439618377143942,0.8851411248171323,0.0,0.0,0.0,0.0,0.20502293,0.68011819,0.88514112,0.0,0.0,-0.0,0.0,0.0
2012-01-10 18:00:00,0.83146326,0.0,0.0,0.0,0.19887225,0.8314632568655501,0.8585868910726183,0.0,0.0,0.0,0.0,0.19887225,0.65971465,0.85858689,0.0,0.0,-0.0,0.0,0.0
2012-01-10 19:00:00,0.90093499,0.0,0.0,0.0,0.20912339,0.9009349886231175,0.9028439473134747,0.0,0.0,0.0,0.0,0.20912339,0.69372056,0.90284395,0.0,0.0,-0.0,0.0,0.0
2012-01-10 20:00:00,0.86342725,0.0,0.0,0.0,0.21609417,0.863427245596566,0.9329387455572573,0.0,0.0,0.0,0.0,0.21609417,0.71684457,0.93293875,0.0,0.0,-0.0,0.0,0.0
2012-01-10 21:00:00,0.76823449,0.0,0.0,0.0,0.18534073,0.7682344916570094,0.8001675768346874,0.0,0.0,0.0,0.0,0.18534073,0.61482685,0.80016758,0.0,0.0,-0.0,0.0,0.0
2012-01-10 22:00:00,0.74211392,0.0,0.0,0.0,0.10702197,0.7421139196158824,0.46204366715454304,0.0,0.0,0.0,0.0,0.10702197,0.3550217,0.46204367,0.0,0.0,-0.0,0.0,0.0
2012-01-10 23:00:00,0.62259857,0.0,0.0,0.0,0.044284954,0.6225985680013183,0.19119048296050056,0.0,0.0,0.0,0.0,0.044284954,0.14690553,0.19119048,0.0,0.0,-0.0,0.0,0.0
2012-01-11 00:00:00,0.36783559,0.0,0.0,0.0,0.068579447,0.3678355890686435,0.2960765801234039,0.0,0.0,0.0,0.0,0.068579447,0.22749713,0.29607658,0.0,0.0,-0.0,0.0,0.0
2012-01-11 01:00:00,0.27389143,0.0,0.0,0.0,0.073528479,0.2738914284388922,0.31744293126632994,0.0,0.0,0.0,0.0,0.073528479,0.24391445,0.31744293,0.0,0.0,-0.0,0.0,0.0
2012-01-11 02:00:00,0.2486199,0.0,0.0,0.0,0.078477512,0.24861989984843277,0.338809282409256,0.0,0.0,0.0,0.0,0.078477512,0.26033177,0.33880928,0.0,0.0,-0.0,0.0,0.0
2012-01-11 03:00:00,0.23403633,0.0,0.0,0.0,0.11382774,0.23403632998990676,0.4914260762872992,0.0,0.0,0.0,0.0,0.11382774,0.37759833,0.49142608,0.0,0.0,-0.0,0.0,0.0
2012-01-11 04:00:00,0.24362553,0.0,0.0,0.0,0.20573834,0.24362552660921152,0.8882297403702116,0.0,0.0,0.0,0.0,0.20573834,0.6824914,0.88822974,0.0,0.0,-0.0,0.0,0.0
2012-01-11 05:00:00,0.29596656,0.0,0.0,0.0,0.47015806,0.29596655815624995,2.029803358577975,0.0,0.0,0.0,0.0,0.47015806,1.5596453,2.0298034,0.0,0.0,-0.0,0.0,0.0
2012-01-11 06:00:00,0.48894914,0.0,0.0,0.0,0.58539982,0.4889491401197583,2.527334106620396,0.0,0.0,0.0,0.0,0.58539982,1.9419343,2.5273341,0.0,0.0,-0.0,0.0,0.0
2012-01-11 07:00:00,0.64782015,0.0,0.0,0.0,0.53237447,0.6478201528593857,2.2984089158033316,0.0,0.0,0.0,0.0,0.53237447,1.7660344,2.2984089,0.0,0.0,-0.0,0.0,0.0
2012-01-11 08:00:00,0.70740303,0.0,0.0,0.0,0.4291518,0.7074030256032948,1.8527678776794447,0.0,0.0,0.0,0.0,0.4291518,1.4236161,1.8527679,0.0,0.0,-0.0,0.0,0.0
2012-01-11 09:00:00,0.0,0.0,0.0,0.0,0.061299632,0.7195393525746024,1.8314015265365189,0.0,0.0,0.0,0.0,0.42420276,1.4071988,1.8314015,1.0824425,1.0824425,0.36290313,0.36290313,1.0824425
2012-01-11 10:00:00,0.0,0.0,0.0,0.82874922,0.0,0.6954165298291639,1.5536389616784803,0.0,0.0,0.0,0.0,0.35986535,1.1937736,1.553639,1.0552819,1.0552819,0.35986535,0.35986535,1.8840311
2012-01-11 11:00:00,0.0,0.0,0.0,1.1708871,0.0,0.7090012250398456,1.4712258929843367,0.0,0.0,0.0,0.0,0.34077622,1.1304497,1.4712259,1.0497774,1.0497774,0.34077622,0.34077622,2.2206645
2012-01-11 12:00:00,0.0,0.0,0.0,1.2102321,0.0,0.7882619283462864,1.3491324578819024,0.0,0.0,0.0,0.0,0.31249604,1.0366364,1.3491325,1.100758,1.100758,0.31249604,0.31249604,2.31099
2012-01-11 13:00:00,0.0,0.0,0.0,1.423898,0.0,0.7625908498966893,1.2087250075141025,0.0,0.0,0.0,0.0,0.27997382,0.92875118,1.208725,1.0425647,1.0425647,0.27997382,0.27997382,2.4664627
2012-01-11 14:00:00,0.0,0.0,0.0,1.1567393,0.0,0.6581085617321814,1.150730625840446,0.0,0.0,0.0,0.0,0.26654074,0.88418989,1.1507306,0.9246493,0.9246493,0.26654074,0.26654074,2.0813886
2012-01-11 15:00:00,0.0,0.0,0.0,0.27311526,0.0,0.5932815970870897,1.0927362441667896,0.0,0.0,0.0,0.0,0.25310765,0.83962859,1.0927362,0.84638925,0.84638925,0.25310765,0.25310765,1.1195045
2012-01-11 16:00:00,0.5733041,0.0,0.0,0.0,0.28209484,0.5733041041302048,1.2178820151467848,0.0,0.0,0.0,0.0,0.28209484,0.93578718,1.217882,0.0,0.0,-0.0,0.0,0.0
2012-01-11 17:00:00,0.61176078,0.0,0.0,0.0,0.30189097,0.6117607780722083,1.3033474197184893,0.0,0.0,0.0,0.0,0.30189097,1.0014565,1.3033474,0.0,0.0,-0.0,0.0,0.0
2012-01-11 18:00:00,0.71005004,0.0,0.0,0.0,0.32380811,0.710050043420082,1.3979698319228762,0.0,0.0,0.0,0.0,0.32380811,1.0741617,1.3979698,0.0,0.0,-0.0,0.0,0.0
2012-01-11 19:00:00,0.82492063,0.0,0.0,0.0,0.36410737,0.8249206279221704,1.5719529769438452,0.0,0.0,0.0,0.0,0.36410737,1.2078456,1.571953,0.0,0.0,-0.0,0.0,0.0
2012-01-11 20:00:00,0.83196269,0.0,0.0,0.0,0.3676424,0.8319626941894723,1.5872146563316496,0.0,0.0,0.0,0.0,0.3676424,1.2195723,1.5872147,0.0,0.0,-0.0,0.0,0.0
2012-01-11 21:00:00,0.7868635,0.0,0.0,0.0,0.31249604,0.7868635038393046,1.3491324578819024,0.0,0.0,0.0,0.0,0.31249604,1.0366364,1.3491325,0.0,0.0,-0.0,0.0,0.0
2012-01-11 22:00:00,0.72173688,0.0,0.0,0.0,0.21705041,0.7217368767998599,0.9370671144111855,0.0,0.0,0.0,0.0,0.21705041,0.7200167,0.93706711,0.0,0.0,-0.0,0.0,0.0
2012-01-11 23:00:00,0.55976935,0.0,0.0,0.0,0.10463668,0.5597693526519153,0.451745709879008,0.0,0.0,0.0,0.0,0.10463668,0.34710903,0.45174571,0.0,0.0,-0.0,0.0,0.0
2012-01-12 00:00:00,0.36783559,0.0,0.0,0.0,0.056854716,0.3678355890686435,0.24545764887653826,0.0,0.0,0.0,0.0,0.056854716,0.18860293,0.24545765,0.0,0.0,-0.0,0.0,0.0
2012-01-12 01:00:00,0.27389143,0.0,0.0,0.0,0.060957633,0.2738914284388922,0.26317108745525747,0.0,0.0,0.0,0.0,0.060957633,0.20221345,0.26317109,0.0,0.0,-0.0,0.0,0.0
2012-01-12 02:00:00,0.2486199,0.0,0.0,0.0,0.065060551,0.24861989984843277,0.28088452603397673,0.0,0.0,0.0,0.0,0.065060551,0.21582397,0.28088453,0.0,0.0,-0.0,0.0,0.0
2012-01-12 03:00:00,0.23403633,0.0,0.0,0.0,0.094367106,0.23403632998990676,0.4074090873105428,0.0,0.0,0.0,0.0,0.094367106,0.31304198,0.40740909,0.0,0.0,-0.0,0.0,0.0
2012-01-12 04:00:00,0.24362553,0.0,0.0,0.0,0.17056415,0.24362552660921152,0.7363729466296146,0.0,0.0,0.0,0.0,0.17056415,0.5658088,0.73637295,0.0,0.0,-0.0,0.0,0.0
2012-01-12 05:00:00,0.29596656,0.0,0.0,0.0,0.38977718,0.29596655815624995,1.6827766649783291,0.0,0.0,0.0,0.0,0.38977718,1.2929995,1.6827767,0.0,0.0,-0.0,0.0,0.0
2012-01-12 06:00:00,0.48894914,0.0,0.0,0.0,0.48531654,0.4889491401197583,2.0952467347399346,0.0,0.0,0.0,0.0,0.48531654,1.6099302,2.0952467,0.0,0.0,-0.0,0.0,0.0
2012-01-12 07:00:00,0.64782015,0.0,0.0,0.0,0.44135671,0.6478201528593857,1.9054598928250854,0.0,0.0,0.0,0.0,0.44135671,1.4641032,1.9054599,0.0,0.0,-0.0,0.0,0.0
2012-01-12 08:00:00,0.70740303,0.0,0.0,0.0,0.35578157,0.7074030256032948,1.5360081738975124,0.0,0.0,0.0,0.0,0.35578157,1.1802266,1.5360082,0.0,0.0,-0.0,0.0,0.0
2012-01-12 09:00:00,0.50998607,0.0,0.0,0.0,0.35167865,0.7195393525746024,1.518294735318793,0.0,0.0,0.0,0.0,0.35167865,1.1666161,1.5182947,0.20955329,0.20955329,-0.0,0.0,0.20955329
2012-01-12 10:00:00,0.29626968,0.0,0.0,0.0,0.29834073,0.6954165298291639,1.2880200337954428,0.0,0.0,0.0,0.0,0.29834073,0.98967931,1.28802,0.39914685,0.39914685,-0.0,0.0,0.39914685
2012-01-12 11:00:00,0.29483942,0.0,0.0,0.0,0.28251519,0.7090012250398456,1.2196967707060973,0.0,0.0,0.0,0.0,0.28251519,0.93718158,1.2196968,0.4141618,0.4141618,-0.0,0.0,0.4141618
2012-01-12 12:00:00,0.0,0.0,0.0,0.32331679,0.0,0.7882619283462864,1.1184771216848444,0.0,0.0,0.0,0.0,0.25906994,0.85940718,1.1184771,1.0473319,1.0473319,0.25906994,0.25906994,1.3706487
2012-01-12 13:00:00,0.0,0.0,0.0,0.9268591,0.0,0.7625908498966893,1.0020745253104035,0.0,0.0,0.0,0.0,0.23210791,0.76996661,1.0020745,0.99469876,0.99469876,0.23210791,0.23210791,1.9215579
2012-01-12 14:00:00,0.0,0.0,0.0,1.5996694,0.0,0.6581085617321814,0.9539951920253082,0.0,0.0,0.0,0.0,0.22097142,0.73302377,0.95399519,0.87907998,0.87907998,0.22097142,0.22097142,2.4787494
2012-01-12 15:00:00,0.0,0.0,0.0,0.77804385,0.0,0.5932815970870897,0.9059158587402132,0.0,0.0,0.0,0.0,0.20983493,0.69608093,0.90591586,0.80311653,0.80311653,0.20983493,0.20983493,1.5811604
2012-01-12 16:00:00,0.5733041,0.0,0.0,0.0,0.23386631,0.5733041041302048,1.0096659989869974,0.0,0.0,0.0,0.0,0.23386631,0.77579969,1.009666,0.0,0.0,-0.0,0.0,0.0
2012-01-12 17:00:00,0.61176078,0.0,0.0,0.0,0.25027798,0.6117607780722083,1.0805197533018747,0.0,0.0,0.0,0.0,0.25027798,0.83024178,1.0805198,0.0,0.0,-0.0,0.0,0.0
2012-01-12 18:00:00,0.71005004,0.0,0.0,0.0,0.26844804,0.710050043420082,1.1589649812933456,0.0,0.0,0.0,0.0,0.26844804,0.89051694,1.158965,0.0,0.0,-0.0,0.0,0.0
2012-01-12 19:00:00,0.82492063,0.0,0.0,0.0,0.30185751,0.8249206279221704,1.3032029811486308,0.0,0.0,0.0,0.0,0.30185751,1.0013455,1.303203,0.0,0.0,-0.0,0.0,0.0
2012-01-12 20:00:00,0.83196269,0.0,0.0,0.0,0.30478817,0.8319626941894723,1.3158554372762874,0.0,0.0,0.0,0.0,0.30478817,1.0110673,1.3158554,0.0,0.0,-0.0,0.0,0.0
2012-01-12 21:00:00,0.7868635,0.0,0.0,0.0,0.25906994,0.7868635038393046,1.1184771216848444,0.0,0.0,0.0,0.0,0.25906994,0.85940718,1.1184771,0.0,0.0,-0.0,0.0,0.0
2012-01-12 22:00:00,0.72173688,0.0,0.0,0.0,0.17994224,0.7217368767998599,0.7768608062381159,0.0,0.0,0.0,0.0,0.17994224,0.59691856,0.77686081,0.0,0.0,-0.0,0.0,0.0
2012-01-12 23:00:00,0.55976935,0.0,0.0,0.0,0.086747401,0.5597693526519153,0.3745127013786357,0.0,0.0,0.0,0.0,0.086747401,0.2877653,0.3745127,0.0,0.0,-0.0,0.0,0.0
2012-01-13 00:00:00,0.36783559,0.0,0.0,0.0,0.0436393,0.3678355890686435,0.18840301695639528,0.0,0.0,0.0,0.0,0.0436393,0.14476372,0.18840302,0.0,0.0,-0.0,0.0,0.0
2012-01-13 01:00:00,0.27389143,0.0,0.0,0.0,0.046788528,0.2738914284388922,0.20199911096355783,0.0,0.0,0.0,0.0,0.046788528,0.15521058,0.20199911,0.0,0.0,-0.0,0.0,0.0
2012-01-13 02:00:00,0.2486199,0.0,0.0,0.0,0.049937756,0.24861989984843277,0.21559520497072038,0.0,0.0,0.0,0.0,0.049937756,0.16565745,0.2155952,0.0,0.0,-0.0,0.0,0.0
2012-01-13 03:00:00,0.23403633,0.0,0.0,0.0,0.07243224,0.23403632998990676,0.3127101621647385,0.0,0.0,0.0,0.0,0.07243224,0.24027792,0.31271016,0.0,0.0,-0.0,0.0,0.0
2012-01-13 04:00:00,0.24362553,0.0,0.0,0.0,0.1309179,0.24362552660921152,0.5652090508691858,0.0,0.0,0.0,0.0,0.1309179,0.43429115,0.56520905,0.0,0.0,-0.0,0.0,0.0
2012-01-13 05:00:00,0.29596656,0.0,0.0,0.0,0.29917664,0.29596655815624995,1.291628930680442,0.0,0.0,0.0,0.0,0.29917664,0.99245229,1.2916289,0.0,0.0,-0.0,0.0,0.0
2012-01-13 06:00:00,0.48894914,0.0,0.0,0.0,0.37250866,0.4889491401197583,1.608223691132941,0.0,0.0,0.0,0.0,0.37250866,1.235715,1.6082237,0.0,0.0,-0.0,0.0,0.0
2012-01-13 07:00:00,0.64782015,0.0,0.0,0.0,0.33876694,0.6478201528593857,1.4625512553419138,0.0,0.0,0.0,0.0,0.33876694,1.1237843,1.4625513,0.0,0.0,-0.0,0.0,0.0
2012-01-13 08:00:00,0.70740303,0.0,0.0,0.0,0.27308304,0.7074030256032948,1.1789755803353807,0.0,0.0,0.0,0.0,0.27308304,0.90589254,1.1789756,0.0,0.0,-0.0,0.0,0.0
2012-01-13 09:00:00,0.0,0.0,0.0,1.6432175,0.0,0.7195393525746024,1.165379486328218,0.0,0.0,0.0,0.0,0.26993381,0.89544567,1.1653795,0.98947317,0.98947317,0.26993381,0.26993381,2.6326907
2012-01-13 10:00:00,0.0,0.0,0.0,2.2096309,0.0,0.6954165298291639,0.988630264235105,0.0,0.0,0.0,0.0,0.22899385,0.75963641,0.98863026,0.92441038,0.92441038,0.22899385,0.22899385,3.1340413
2012-01-13 11:00:00,0.0,0.0,0.0,0.89376039,0.0,0.7090012250398456,0.9361881873503353,0.0,0.0,0.0,0.0,0.21684683,0.71934136,0.93618819,0.92584806,0.92584806,0.21684683,0.21684683,1.8196084
2012-01-13 12:00:00,0.0,0.0,0.0,0.14018002,0.0,0.7882619283462864,0.8584962215951207,0.0,0.0,0.0,0.0,0.19885124,0.65964498,0.85849622,0.98711317,0.98711317,0.19885124,0.19885124,1.1272932
2012-01-13 13:00:00,0.0,0.0,0.0,0.0086298473,0.0,0.7625908498966893,0.7691504609766241,0.0,0.0,0.0,0.0,0.17815632,0.59099414,0.76915046,0.94074717,0.94074717,0.17815632,0.17815632,0.94937701
2012-01-13 14:00:00,0.0,0.0,0.0,0.0,0.1550023,0.6581085617321814,0.7322467772428971,0.0,0.0,0.0,0.0,0.16960841,0.56263836,0.73224678,0.67271468,0.67271468,0.014606118,0.014606118,0.67271468
2012-01-13 15:00:00,0.0,0.0,0.0,0.69236665,0.0,0.5932815970870897,0.6953430935091701,0.0,0.0,0.0,0.0,0.16106051,0.53428258,0.69534309,0.75434211,0.75434211,0.16106051,0.16106051,1.4467088
2012-01-13 16:00:00,0.5733041,0.0,0.0,0.0,0.17950599,0.5733041041302048,0.7749773584082651,0.0,0.0,0.0,0.0,0.17950599,0.59547137,0.77497736,0.0,0.0,-0.0,0.0,0.0
2012-01-13 17:00:00,0.61176078,0.0,0.0,0.0,0.1921029,0.6117607780722083,0.8293617344369153,0.0,0.0,0.0,0.0,0.1921029,0.63725884,0.82936173,0.0,0.0,-0.0,0.0,0.0
2012-01-13 18:00:00,0.71005004,0.0,0.0,0.0,0.20604948,0.710050043420082,0.8895730078972066,0.0,0.0,0.0,0.0,0.20604948,0.68352353,0.88957301,0.0,0.0,-0.0,0.0,0.0
2012-01-13 19:00:00,0.82492063,0.0,0.0,0.0,0.23169319,0.8249206279221704,1.0002840590983872,0.0,0.0,0.0,0.0,0.23169319,0.76859087,1.0002841,0.0,0.0,-0.0,0.0,0.0
2012-01-13 20:00:00,0.83196269,0.0,0.0,0.0,0.23394264,0.8319626941894723,1.009995554817789,0.0,0.0,0.0,0.0,0.23394264,0.77605292,1.0099956,0.0,0.0,-0.0,0.0,0.0
2012-01-13 21:00:00,0.7868635,0.0,0.0,0.0,0.19885124,0.7868635038393046,0.8584962215951207,0.0,0.0,0.0,0.0,0.19885124,0.65964498,0.85849622,0.0,0.0,-0.0,0.0,0.0
2012-01-13 22:00:00,0.72173688,0.0,0.0,0.0,0.13811614,0.7217368767998599,0.5962858371712717,0.0,0.0,0.0,0.0,0.13811614,0.4581697,0.59628584,0.0,0.0,-0.0,0.0,0.0
2012-01-13 23:00:00,0.55976935,0.0,0.0,0.0,0.066583674,0.5597693526519153,0.2874602732942938,0.0,0.0,0.0,0.0,0.066583674,0.2208766,0.28746027,0.0,0.0,-0.0,0.0,0.0
2012-01-14 00:00:00,0.33252537,0.0,0.0,0.0,0.070169456,0.33252537026734935,0.3029410928579716,0.0,0.0,0.0,0.0,0.070169456,0.23277164,0.30294109,0.0,0.0,-0.0,0.0,0.0
2012-01-14 01:00:00,0.24557333,0.0,0.0,0.0,0.075233231,0.24557333217250782,0.32480282120854687,0.0,0.0,0.0,0.0,0.075233231,0.24956959,0.32480282,0.0,0.0,-0.0,0.0,0.0
2012-01-14 02:00:00,0.22120079,0.0,0.0,0.0,0.080297007,0.2212007907651082,0.3466645495591222,0.0,0.0,0.0,0.0,0.080297007,0.26636754,0.34666455,0.0,0.0,-0.0,0.0,0.0
2012-01-14 03:00:00,0.21530743,0.0,0.0,0.0,0.11646683,0.21530743034282715,0.5028197520632312,0.0,0.0,0.0,0.0,0.11646683,0.38635292,0.50281975,0.0,0.0,-0.0,0.0,0.0
2012-01-14 04:00:00,0.22010203,0.0,0.0,0.0,0.21050837,0.22010202865247955,0.9088232785739148,0.0,0.0,0.0,0.0,0.21050837,0.69831491,0.90882328,0.0,0.0,-0.0,0.0,0.0
2012-01-14 05:00:00,0.26290381,0.0,0.0,0.0,0.48105864,0.26290380731260543,2.0768641933046506,0.0,0.0,0.0,0.0,0.48105864,1.5958056,2.0768642,0.0,0.0,-0.0,0.0,0.0
2012-01-14 06:00:00,0.46402722,0.0,0.0,0.0,0.59897227,0.4640272176560443,2.585930153468046,0.0,0.0,0.0,0.0,0.59897227,1.9869579,2.5859302,0.0,0.0,-0.0,0.0,0.0
2012-01-14 07:00:00,0.6478701,0.0,0.0,0.0,0.54471753,0.6478700965917779,2.3516973497118827,0.0,0.0,0.0,0.0,0.54471753,1.8069798,2.3516973,0.0,0.0,-0.0,0.0,0.0
2012-01-14 08:00:00,0.68657649,0.0,0.0,0.0,0.43910165,0.6865764891957423,1.895724158399884,0.0,0.0,0.0,0.0,0.43910165,1.4566225,1.8957242,0.0,0.0,-0.0,0.0,0.0
2012-01-14 09:00:00,0.0,0.0,0.0,0.0,0.25411241,0.6790849293369104,1.8738624300493087,0.0,0.0,0.0,0.0,0.43403787,1.4398246,1.8738624,0.85901039,0.85901039,0.17992546,0.17992546,0.85901039
2012-01-14 10:00:00,0.0,0.0,0.0,1.382056,0.0,0.659457042506771,1.5896599614918303,0.0,0.0,0.0,0.0,0.3682088,1.2214512,1.58966,1.0276658,1.0276658,0.3682088,0.3682088,2.4097219
2012-01-14 11:00:00,0.0,0.0,0.0,0.55949869,0.0,0.6656500653234054,1.5053361521396114,0.0,0.0,0.0,0.0,0.34867709,1.1566591,1.5053362,1.0143272,1.0143272,0.34867709,0.34867709,1.5738258
2012-01-14 12:00:00,0.0,0.0,0.0,0.0,0.22097773,0.747208180319888,1.3804119901363243,0.0,0.0,0.0,0.0,0.31974123,1.0606708,1.380412,0.84597168,0.84597168,0.098763499,0.098763499,0.84597168
2012-01-14 13:00:00,0.15090922,0.0,0.0,0.0,0.286465,0.7274804060249641,1.2367492038325438,0.0,0.0,0.0,0.0,0.286465,0.95028421,1.2367492,0.57657118,0.57657118,-0.0,0.0,0.57657118
2012-01-14 14:00:00,0.25594667,0.0,0.0,0.0,0.27272046,0.6331866392684673,1.1774102268809823,0.0,0.0,0.0,0.0,0.27272046,0.90468976,1.1774102,0.37723997,0.37723997,-0.0,0.0,0.37723997
2012-01-14 15:00:00,0.38130698,0.0,0.0,0.0,0.25897593,0.5665617002572562,1.1180712499294208,0.0,0.0,0.0,0.0,0.25897593,0.85909532,1.1180712,0.18525472,0.18525472,-0.0,0.0,0.18525472
2012-01-14 16:00:00,0.53010278,0.0,0.0,0.0,0.28863519,0.5301027756109412,1.2461185159827903,0.0,0.0,0.0,0.0,0.28863519,0.95748333,1.2461185,0.0,0.0,-0.0,0.0,0.0
2012-01-14 17:00:00,0.58099544,0.0,0.0,0.0,0.30889029,0.5809954389186055,1.3335654293850916,0.0,0.0,0.0,0.0,0.30889029,1.0246751,1.3335654,0.0,0.0,-0.0,0.0,0.0
2012-01-14 18:00:00,0.72343496,0.0,0.0,0.0,0.33131558,0.723434963701195,1.4303816549376391,0.0,0.0,0.0,0.0,0.33131558,1.0990661,1.4303817,0.0,0.0,-0.0,0.0,0.0
2012-01-14 19:00:00,0.85848282,0.0,0.0,0.0,0.37254917,0.858482816089737,1.608398585792323,0.0,0.0,0.0,0.0,0.37254917,1.2358494,1.6083986,0.0,0.0,-0.0,0.0,0.0
2012-01-14 20:00:00,0.83930442,0.0,0.0,0.0,0.37616616,0.8393044228511274,1.6240141060427342,0.0,0.0,0.0,0.0,0.37616616,1.2478479,1.6240141,0.0,0.0,-0.0,0.0,0.0
2012-01-14 21:00:00,0.77887251,0.0,0.0,0.0,0.31974123,0.7788725066565506,1.3804119901363243,0.0,0.0,0.0,0.0,0.31974123,1.0606708,1.380412,0.0,0.0,-0.0,0.0,0.0
2012-01-14 22:00:00,0.67763656,0.0,0.0,0.0,0.22208271,0.6776365610975362,0.9587929433752298,0.0,0.0,0.0,0.0,0.22208271,0.73671023,0.95879294,0.0,0.0,-0.0,0.0,0.0
2012-01-14 23:00:00,0.5007858,0.0,0.0,0.0,0.10706268,0.5007858046967126,0.46221939941216283,0.0,0.0,0.0,0.0,0.10706268,0.35515672,0.4622194,0.0,0.0,-0.0,0.0,0.0
2012-01-15 00:00:00,0.33252537,0.0,0.0,0.0,0.23631095,0.33252537026734935,1.0202202247215648,0.0,0.0,0.0,0.0,0.23631095,0.78390927,1.0202202,0.0,0.0,-0.0,0.0,0.0
2012-01-15 01:00:00,0.24557333,0.0,0.0,0.0,0.25614124,0.24557333217250782,1.1058331107121857,0.0,0.0,0.0,0.0,0.25614124,0.84969187,1.1058331,0.0,0.0,-0.0,0.0,0.0
2012-01-15 02:00:00,0.22120079,0.0,0.0,0.0,0.27431901,0.2212007907651082,1.1843115895369216,0.0,0.0,0.0,0.0,0.27431901,0.90999258,1.1843116,0.0,0.0,-0.0,0.0,0.0
2012-01-15 03:00:00,0.21530743,0.0,0.0,0.0,0.32885231,0.21530743034282715,1.419747026011129,0.0,0.0,0.0,0.0,0.32885231,1.0908947,1.419747,0.0,0.0,-0.0,0.0,0.0
2012-01-15 04:00:00,0.22010203,0.0,0.0,0.0,0.49410472,0.22010202865247955,2.1331877425996355,0.0,0.0,0.0,0.0,0.49410472,1.639083,2.1331877,0.0,0.0,-0.0,0.0,0.0
2012-01-15 05:00:00,0.26290381,0.0,0.0,0.0,0.89732061,0.26290380731260543,3.8739830910755924,0.0,0.0,0.0,0.0,0.89732061,2.9766625,3.8739831,0.0,0.0,-0.0,0.0,0.0
2012-01-15 06:00:00,0.46402722,0.51166065,0.0,0.0,1.0286209,0.4640272176560443,4.901337722963042,0.0,0.0,0.51166065,0.46049459,1.0286209,3.4122222,4.4408431,0.0,0.0,-0.0,0.0,0.0
2012-01-15 07:00:00,0.6478701,0.42446234,0.0,0.0,1.0286209,0.6478700965917779,4.822859244138306,0.0,0.0,0.42446234,0.38201611,1.0286209,3.4122222,4.4408431,0.0,0.0,-0.0,0.0,0.0
2012-01-15 08:00:00,0.68657649,0.0,0.0,0.0,0.95350643,0.6865764891957423,4.116552934715685,0.0,0.0,0.0,0.0,0.95350643,3.1630465,4.1165529,0.0,0.0,-0.0,0.0,0.0
2012-01-15 09:00:00,0.0,0.0,0.0,1.3793728,0.0,0.6790849293369104,3.752698169255546,0.0,0.0,0.0,0.0,0.8692277,2.8834705,3.7526982,1.5483126,1.5483126,0.8692277,0.8692277,2.9276854
2012-01-15 10:00:00,0.0,0.0,0.0,1.8530709,0.0,0.659457042506771,3.395977810961293,0.0,0.0,0.0,0.0,0.78660149,2.6093763,3.3959778,1.4460585,1.4460585,0.78660149,0.78660149,3.2991295
2012-01-15 11:00:00,0.0,0.0,0.0,2.1136401,0.0,0.6656500653234054,3.103467117160005,0.0,0.0,0.0,0.0,0.718848,2.3846191,3.1034671,1.3844981,1.3844981,0.718848,0.718848,3.4981382
2012-01-15 12:00:00,0.0,0.0,0.0,2.0341005,0.0,0.747208180319888,2.960778973842304,0.0,0.0,0.0,0.0,0.68579752,2.2749815,2.960779,1.4330057,1.4330057,0.68579752,0.68579752,3.4671062
2012-01-15 13:00:00,0.0,0.0,0.0,1.5905009,0.0,0.7274804060249641,2.8680316806857973,0.0,0.0,0.0,0.0,0.66431471,2.203717,2.8680317,1.3917951,1.3917951,0.66431471,0.66431471,2.982296
2012-01-15 14:00:00,0.0,0.0,0.0,1.2135198,0.0,0.6331866392684673,2.8466284591881426,0.0,0.0,0.0,0.0,0.65935713,2.1872713,2.8466285,1.2925438,1.2925438,0.65935713,0.65935713,2.5060636
2012-01-15 15:00:00,0.0,0.0,0.0,0.0,0.0,0.5665617002572562,2.960778973842304,0.0,0.0,0.0,0.0,0.68579752,2.2749815,2.960779,1.2523592,1.2523592,0.68579752,0.68579752,1.2523592
2012-01-15 16:00:00,0.53010278,0.0,0.0,0.0,0.73041567,0.5301027756109412,3.153407967321201,0.0,0.0,0.0,0.0,0.73041567,2.4229923,3.153408,0.0,0.0,-0.0,0.0,0.0
2012-01-15 17:00:00,0.58099544,0.0,0.0,0.0,0.79155907,0.5809954389186055,3.417381032458948,0.0,0.0,0.0,0.0,0.79155907,2.625822,3.417381,0.0,0.0,-0.0,0.0,0.0
2012-01-15 18:00:00,0.72343496,0.0,0.0,0.0,0.85435498,0.723434963701195,3.688488504762581,0.0,0.0,0.0,0.0,0.85435498,2.8341335,3.6884885,0.0,0.0,-0.0,0.0,0.0
2012-01-15 19:00:00,0.85848282,0.0,0.0,0.0,0.91384585,0.858482816089737,3.9453271627344435,0.0,0.0,0.0,0.0,0.91384585,3.0314813,3.9453272,0.0,0.0,-0.0,0.0,0.0
2012-01-15 20:00:00,0.83930442,0.0,0.0,0.0,0.88410042,0.8393044228511274,3.816907833748512,0.0,0.0,0.0,0.0,0.88410042,2.9328074,3.8169078,0.0,0.0,-0.0,0.0,0.0
2012-01-15 21:00:00,0.77887251,0.0,0.0,0.0,0.78164392,0.7788725066565506,3.3745745894636374,0.0,0.0,0.0,0.0,0.78164392,2.5929307,3.3745746,0.0,0.0,-0.0,0.0,0.0
2012-01-15 22:00:00,0.67763656,0.0,0.0,0.0,0.51558753,0.6776365610975362,2.2259350357561414,0.0,0.0,0.0,0.0,0.51558753,1.7103475,2.225935,0.0,0.0,-0.0,0.0,0.0
2012-01-15 23:00:00,0.5007858,0.0,0.0,0.0,0.29249677,0.5007858046967126,1.2627900683616573,0.0,0.0,0.0,0.0,0.29249677,0.97029329,1.2627901,0.0,0.0,-0.0,0.0,0.0
2012-01-16 00:00:00,0.42097572,0.0,0.0,0.0,0.6879355,0.42097572033395736,2.9700092287684843,0.0,0.0,0.0,0.0,0.6879355,2.2820737,2.9700092,0.0,0.0,-0.0,0.0,0.0
2012-01-16 01:00:00,0.31065002,0.0,0.0,0.0,0.70588164,0.3106500154795604,3.0474877303885317,0.0,0.0,0.0,0.0,0.70588164,2.3416061,3.0474877,0.0,0.0,-0.0,0.0,0.0
2012-01-16 02:00:00,0.24422485,0.0,0.0,0.0,0.72382779,0.24422485139791808,3.1249662320085787,0.0,0.0,0.0,0.0,0.72382779,2.4011384,3.1249662,0.0,0.0,-0.0,0.0,0.0
2012-01-16 03:00:00,0.22120079,0.0,0.0,0.0,0.78065724,0.2212007907651082,3.3703148204720623,0.0,0.0,0.0,0.0,0.78065724,2.5896576,3.3703148,0.0,0.0,-0.0,0.0,0.0
2012-01-16 04:00:00,0.21550721,0.0,0.0,0.0,0.93619049,0.215507205272396,4.041795167845806,0.0,0.0,0.0,0.0,0.93619049,3.1056047,4.0417952,0.0,0.0,-0.0,0.0,0.0
2012-01-16 05:00:00,0.21605659,1.5222717,0.0,0.0,1.0286209,0.21605658632871036,5.810887621503555,0.0,0.0,1.5222717,1.3700445,1.0286209,3.4122222,4.4408431,0.0,0.0,-0.0,0.0,0.0
2012-01-16 06:00:00,0.22849258,3.3301034,0.0,0.0,1.0286209,0.2284925756943712,7.43793615552455,0.0,0.0,3.3301034,2.997093,1.0286209,3.4122222,4.4408431,0.0,0.0,-0.0,0.0,0.0
2012-01-16 07:00:00,0.32743111,2.7848843,0.0,0.0,1.0286209,0.3274311095633437,6.947238978597585,0.0,0.0,2.7848843,2.5063958,1.0286209,3.4122222,4.4408431,0.0,0.0,-0.0,0.0,0.0
2012-01-16 08:00:00,0.55547419,2.3974918,0.0,0.0,1.0286209,0.5554741916661851,6.598585721307371,0.0,0.0,2.3974918,2.1577426,1.0286209,3.4122222,4.4408431,0.0,0.0,-0.0,0.0,0.0
2012-01-16 09:00:00,0.0,2.0674907,0.0,0.94354095,0.0,0.7968023065853548,6.301584798430523,0.0,0.0,2.0674907,1.8607417,1.0286209,3.4122222,4.4408431,1.8254232,1.8254232,1.0286209,1.0286209,2.7689642
2012-01-16 10:00:00,0.0,1.7374897,0.0,1.2429095,0.0,0.9244085428474572,6.004583875553674,0.0,0.0,1.7374897,1.5637407,1.0286209,3.4122222,4.4408431,1.9530295,1.9530295,1.0286209,1.0286209,3.195939
2012-01-16 11:00:00,0.0,1.4935759,0.0,1.3607017,0.0,1.0247954449558039,5.785061454296873,0.0,0.0,1.4935759,1.3442183,1.0286209,3.4122222,4.4408431,2.0534164,2.0534164,1.0286209,1.0286209,3.414118
2012-01-16 12:00:00,0.0,1.3644451,0.0,0.42424946,0.0,1.0378307591101712,5.668843701866803,0.0,0.0,1.3644451,1.2280006,1.0286209,3.4122222,4.4408431,2.0664517,2.0664517,1.0286209,1.0286209,2.4907011
2012-01-16 13:00:00,0.0,1.3500972,0.0,0.0,0.63707676,0.8423010467946602,5.6559306182634606,0.0,0.0,1.3500972,1.2150875,1.0286209,3.4122222,4.4408431,1.2338452,1.2338452,0.39154416,0.39154416,1.2338452
2012-01-16 14:00:00,0.0,1.4648802,0.0,0.0,0.35670544,0.6803834663791078,5.759235287090191,0.0,0.0,1.4648802,1.3183922,1.0286209,3.4122222,4.4408431,1.352299,1.352299,0.67191549,0.67191549,1.352299
2012-01-16 15:00:00,0.0,1.6514025,0.0,0.0,0.7788932,0.6043691056781608,5.927105373933627,0.0,0.0,1.6514025,1.4862622,1.0286209,3.4122222,4.4408431,0.85409684,0.85409684,0.24972773,0.24972773,0.85409684
2012-01-16 16:00:00,0.53589625,1.9814035,0.0,0.0,1.0286209,0.5358962485684379,6.224106296810475,0.0,0.0,1.9814035,1.7832632,1.0286209,3.4122222,4.4408431,0.0,0.0,-0.0,0.0,0.0
2012-01-16 17:00:00,0.55812121,2.2540131,0.0,0.0,1.0286209,0.5581212094829723,6.469454885273959,0.0,0.0,2.2540131,2.0286117,1.0286209,3.4122222,4.4408431,0.0,0.0,-0.0,0.0,0.0
2012-01-16 18:00:00,0.68697604,2.3257524,0.0,0.0,1.0286209,0.68697603905488,6.534020303290665,0.0,0.0,2.3257524,2.0931772,1.0286209,3.4122222,4.4408431,0.0,0.0,-0.0,0.0,0.0
2012-01-16 19:00:00,0.80369454,2.3114045,0.0,0.0,1.0286209,0.80369454165548,6.521107219687324,0.0,0.0,2.3114045,2.0802641,1.0286209,3.4122222,4.4408431,0.0,0.0,-0.0,0.0,0.0
2012-01-16 20:00:00,0.77272943,2.0100993,0.0,0.0,1.0286209,0.7727294275723084,6.249932464017157,0.0,0.0,2.0100993,1.8090893,1.0286209,3.4122222,4.4408431,0.0,0.0,-0.0,0.0,0.0
2012-01-16 21:00:00,0.7187902,1.2209664,0.0,0.0,1.0286209,0.7187901965887192,5.53971286583339,0.0,0.0,1.2209664,1.0988697,1.0286209,3.4122222,4.4408431,0.0,0.0,-0.0,0.0,0.0
2012-01-16 22:00:00,0.63753174,0.0,0.0,0.0,0.91824434,0.6375317439865897,3.9643166662257596,0.0,0.0,0.0,0.0,0.91824434,3.0460723,3.9643167,0.0,0.0,-0.0,0.0,0.0
2012-01-16 23:00:00,0.4693712,0.0,0.0,0.0,0.73280086,0.4693711970220111,3.1637054828186026,0.0,0.0,0.0,0.0,0.73280086,2.4309046,3.1637055,0.0,0.0,-0.0,0.0,0.0
2012-01-17 00:00:00,0.33482278,0.0,0.0,0.0,0.7078821,0.3348227819573912,3.0561242540720186,0.0,0.0,0.0,0.0,0.7078821,2.3482422,3.0561243,0.0,0.0,-0.0,0.0,0.0
2012-01-17 01:00:00,0.26405251,0.0,0.0,0.0,0.72634859,0.26405251315762635,3.135849234613028,0.0,0.0,0.0,0.0,0.72634859,2.4095006,3.1358492,0.0,0.0,-0.0,0.0,0.0
2012-01-17 02:00:00,0.21026311,0.0,0.0,0.0,0.74481508,0.21026311337121373,3.215574215154037,0.0,0.0,0.0,0.0,0.74481508,2.4707591,3.2155742,0.0,0.0,-0.0,0.0,0.0
2012-01-17 03:00:00,0.19827662,0.0,0.0,0.0,0.8032923,0.1982766175970828,3.4680366535338996,0.0,0.0,0.0,0.0,0.8032923,2.6647444,3.4680367,0.0,0.0,-0.0,0.0,0.0
2012-01-17 04:00:00,0.19208359,0.0,0.0,0.0,0.96333521,0.19208359478044845,4.158986484889312,0.0,0.0,0.0,0.0,0.96333521,3.1956513,4.1589865,0.0,0.0,-0.0,0.0,0.0
2012-01-17 05:00:00,0.20017448,1.7094782,0.0,0.0,1.0286209,0.20017447942798683,5.979373540575688,0.0,0.0,1.7094782,1.5385304,1.0286209,3.4122222,4.4408431,0.0,0.0,-0.0,0.0,0.0
2012-01-17 06:00:00,0.26520122,3.5697278,0.0,0.0,1.0286209,0.26520121900264726,7.653598131936881,0.0,0.0,3.5697278,3.212755,1.0286209,3.4122222,4.4408431,0.0,0.0,-0.0,0.0,0.0
2012-01-17 07:00:00,0.40928889,3.0087001,0.0,0.0,1.0286209,0.4092888869541797,7.148673255177156,0.0,0.0,3.0087001,2.7078301,1.0286209,3.4122222,4.4408431,0.0,0.0,-0.0,0.0,0.0
2012-01-17 08:00:00,0.59787642,2.6100752,0.0,0.0,1.0286209,0.5978764204671733,6.789910842742615,0.0,0.0,2.6100752,2.3490677,1.0286209,3.4122222,4.4408431,0.0,0.0,-0.0,0.0,0.0
2012-01-17 09:00:00,0.60844145,2.2705059,0.0,0.0,1.0286209,0.7078525191948247,6.484298417335414,0.0,0.0,2.2705059,2.0434553,1.0286209,3.4122222,4.4408431,0.099411069,0.099411069,-0.0,0.0,0.099411069
2012-01-17 10:00:00,0.57153454,1.9309365,0.0,0.0,1.0286209,0.738517970883643,6.178685991928212,0.0,0.0,1.9309365,1.7378429,1.0286209,3.4122222,4.4408431,0.16698343,0.16698343,-0.0,0.0,0.16698343
2012-01-17 11:00:00,0.54844535,1.6799505,0.0,0.0,1.0286209,0.7740779083468982,5.952798547062019,0.0,0.0,1.6799505,1.5119554,1.0286209,3.4122222,4.4408431,0.22563255,0.22563255,-0.0,0.0,0.22563255
2012-01-17 12:00:00,0.57170895,1.5470755,0.0,0.0,1.0286209,0.8320625816542567,5.833211076250506,0.0,0.0,1.5470755,1.3923679,1.0286209,3.4122222,4.4408431,0.26035364,0.26035364,-0.0,0.0,0.26035364
2012-01-17 13:00:00,0.63947102,1.5323116,0.0,0.0,1.0286209,0.8280670830628797,5.819923579493671,0.0,0.0,1.5323116,1.3790804,1.0286209,3.4122222,4.4408431,0.18859606,0.18859606,-0.0,0.0,0.18859606
2012-01-17 14:00:00,0.73838811,1.6504227,0.0,0.0,1.0286209,0.7663865735584976,5.92622355354835,0.0,0.0,1.6504227,1.4853804,1.0286209,3.4122222,4.4408431,0.027998459,0.027998459,-0.0,0.0,0.027998459
2012-01-17 15:00:00,0.71819087,1.8423532,0.0,0.0,1.0286209,0.7181908718000126,6.098961011387203,0.0,0.0,1.8423532,1.6581179,1.0286209,3.4122222,4.4408431,0.0,0.0,-0.0,0.0,0.0
2012-01-17 16:00:00,0.7227857,2.1819226,0.0,0.0,1.0286209,0.7227856951800962,6.404573436794404,0.0,0.0,2.1819226,1.9637303,1.0286209,3.4122222,4.4408431,0.0,0.0,-0.0,0.0,0.0
2012-01-17 17:00:00,0.90143443,2.4624364,0.0,0.0,1.0286209,0.9014344259470396,6.657035875174267,0.0,0.0,2.4624364,2.2161927,1.0286209,3.4122222,4.4408431,0.0,0.0,-0.0,0.0,0.0
2012-01-17 18:00:00,1.0458717,2.5362558,0.0,0.0,1.0286209,1.0458717000253175,6.723473358958441,0.0,0.0,2.5362558,2.2826302,1.0286209,3.4122222,4.4408431,0.0,0.0,-0.0,0.0,0.0
2012-01-17 19:00:00,1.0494177,2.5214919,0.0,0.0,1.0286209,1.0494177050251645,6.710185862201607,0.0,0.0,2.5214919,2.2693427,1.0286209,3.4122222,4.4408431,0.0,0.0,-0.0,0.0,0.0
2012-01-17 20:00:00,0.85883242,2.2114503,0.0,0.0,1.0286209,0.8588324222164825,6.431148430308074,0.0,0.0,2.2114503,1.9903053,1.0286209,3.4122222,4.4408431,0.0,0.0,-0.0,0.0,0.0
2012-01-17 21:00:00,0.66969551,1.3994366,0.0,0.0,1.0286209,0.6696955076471746,5.700336108682157,0.0,0.0,1.3994366,1.259493,1.0286209,3.4122222,4.4408431,0.0,0.0,-0.0,0.0,0.0
2012-01-17 22:00:00,0.61181072,0.0,0.0,0.0,0.94486872,0.6118107218046005,4.079261504348303,0.0,0.0,0.0,0.0,0.94486872,3.1343928,4.0792615,0.0,0.0,-0.0,0.0,0.0
2012-01-17 23:00:00,0.51896532,0.0,0.0,0.0,0.75404832,0.5189653232874778,3.255436705424542,0.0,0.0,0.0,0.0,0.75404832,2.5013884,3.2554367,0.0,0.0,-0.0,0.0,0.0
2012-01-18 00:00:00,0.2912219,0.32169686,0.0,0.0,1.0286209,0.2912219035789898,4.730370309146769,0.0,0.0,0.32169686,0.28952717,1.0286209,3.4122222,4.4408431,0.0,0.0,-0.0,0.0,0.0
2012-01-18 01:00:00,0.21550721,0.40224808,0.0,0.0,1.0286209,0.215507205272396,4.802866405838673,0.0,0.0,0.40224808,0.36202327,1.0286209,3.4122222,4.4408431,0.0,0.0,-0.0,0.0,0.0
2012-01-18 02:00:00,0.19752746,0.56335052,0.0,0.0,1.0286209,0.19752746161119958,4.947858599222483,0.0,0.0,0.56335052,0.50701546,1.0286209,3.4122222,4.4408431,0.0,0.0,-0.0,0.0,0.0
2012-01-18 03:00:00,0.19233331,0.86541758,0.0,0.0,1.0286209,0.1923333134424095,5.219718961817124,0.0,0.0,0.86541758,0.77887583,1.0286209,3.4122222,4.4408431,0.0,0.0,-0.0,0.0,0.0
2012-01-18 04:00:00,0.19542982,1.7917566,0.0,0.0,1.0286209,0.19542982485072669,6.053424073774026,0.0,0.0,1.7917566,1.6125809,1.0286209,3.4122222,4.4408431,0.0,0.0,-0.0,0.0,0.0
2012-01-18 05:00:00,0.23393644,3.7652615,0.0,0.0,1.0286209,0.23393644252512233,7.829578442725687,0.0,0.0,3.7652615,3.3887353,1.0286209,3.4122222,4.4408431,0.0,0.0,-0.0,0.0,0.0
2012-01-18 06:00:00,0.44994309,5.7830423,0.35068703,0.0,1.0286209,0.4499430851214405,9.96821329513687,0.35068703,0.32263206,5.7830423,5.2047381,1.0286209,3.4122222,4.4408431,0.0,0.0,-0.0,0.0,0.0
2012-01-18 07:00:00,0.64642173,5.3360102,0.0,0.0,1.0286209,0.6464217283524036,9.243252328217824,0.0,0.0,5.3360102,4.8024092,1.0286209,3.4122222,4.4408431,0.0,0.0,-0.0,0.0,0.0
2012-01-18 08:00:00,0.66674883,5.0943566,0.0,0.0,1.0286209,0.666748827436034,9.02576403814211,0.0,0.0,5.0943566,4.5849209,1.0286209,3.4122222,4.4408431,0.0,0.0,-0.0,0.0,0.0
2012-01-18 09:00:00,0.0,4.7922895,0.0,0.09239788,0.0,0.6154066705368397,8.75390367554747,0.0,0.0,4.7922895,4.3130605,1.0286209,3.4122222,4.4408431,1.6440276,1.6440276,1.0286209,1.0286209,1.7364255
2012-01-18 10:00:00,0.0,4.4700846,0.0,0.061004746,0.0,0.580396114129899,8.46391928877985,0.0,0.0,4.4700846,4.0230762,1.0286209,3.4122222,4.4408431,1.609017,1.609017,1.0286209,1.0286209,1.6700218
2012-01-18 11:00:00,0.0,4.0471907,0.0,0.93108737,0.0,0.5909342416646558,8.083314781147353,0.0,0.0,4.0471907,3.6424716,1.0286209,3.4122222,4.4408431,1.6195552,1.6195552,1.0286209,1.0286209,2.5506425
2012-01-18 12:00:00,0.0,3.9062261,0.0,0.53849034,0.0,0.6528145260986068,7.95644661193652,0.0,0.0,3.9062261,3.5156035,1.0286209,3.4122222,4.4408431,1.6814355,1.6814355,1.0286209,1.0286209,2.2199258
2012-01-18 13:00:00,0.0,3.8458127,0.0,0.0,0.28344598,0.6467713344791491,7.902074539417591,0.0,0.0,3.8458127,3.4612314,1.0286209,3.4122222,4.4408431,1.3919463,1.3919463,0.74517495,0.74517495,1.3919463
2012-01-18 14:00:00,0.0,4.1076041,0.0,0.0,0.37587581,0.5761009531441688,8.137686853666281,0.0,0.0,4.1076041,3.6968437,1.0286209,3.4122222,4.4408431,1.2288461,1.2288461,0.65274512,0.65274512,1.2288461
2012-01-18 15:00:00,0.5235102,4.2687066,0.0,0.0,1.0286209,0.5235102029351693,8.28267904705009,0.0,0.0,4.2687066,3.8418359,1.0286209,3.4122222,4.4408431,0.0,0.0,-0.0,0.0,0.0
2012-01-18 16:00:00,0.52545801,4.7721517,0.0,0.0,1.0286209,0.5254580084984655,8.735779651374493,0.0,0.0,4.7721517,4.2949365,1.0286209,3.4122222,4.4408431,0.0,0.0,-0.0,0.0,0.0
2012-01-18 17:00:00,0.642626,4.9131163,0.0,0.0,1.0286209,0.6426260046905955,8.862647820585325,0.0,0.0,4.9131163,4.4218047,1.0286209,3.4122222,4.4408431,0.0,0.0,-0.0,0.0,0.0
2012-01-18 18:00:00,0.83001489,4.9735297,0.0,0.0,1.0286209,0.830014888626176,8.917019893104255,0.0,0.0,4.9735297,4.4761768,1.0286209,3.4122222,4.4408431,0.0,0.0,-0.0,0.0,0.0
2012-01-18 19:00:00,0.93434735,4.8124273,0.0,0.0,1.0286209,0.9343473455935075,8.772027699720445,0.0,0.0,4.8124273,4.3311846,1.0286209,3.4122222,4.4408431,0.0,0.0,-0.0,0.0,0.0
2012-01-18 20:00:00,0.84025335,4.429809,0.0,0.0,1.0286209,0.8402533537665795,8.427671240433899,0.0,0.0,4.429809,3.9868281,1.0286209,3.4122222,4.4408431,0.0,0.0,-0.0,0.0,0.0
2012-01-18 21:00:00,0.7040568,3.3826432,0.0,0.0,1.0286209,0.7040567955330165,7.485221983439142,0.0,0.0,3.3826432,3.0443788,1.0286209,3.4122222,4.4408431,0.0,0.0,-0.0,0.0,0.0
2012-01-18 22:00:00,0.58269353,1.4494139,0.0,0.0,1.0286209,0.5826935258199407,5.745315662833432,0.0,0.0,1.4494139,1.3044725,1.0286209,3.4122222,4.4408431,0.0,0.0,-0.0,0.0,0.0
