date,01_electricity_bus_shortage_output1,01_pellet_bus_shortage_output1,01_pv_bus_excess_input1,01_hp_electricity_bus_shortage_output1,01_electricity_sink_input1,01_heat_sink_input1,01_thermal_storage_input1,01_thermal_storage_output1,01_thermal_storage_capacity,01_electricheating_transformer_input1,01_electricheating_transformer_output1,01_pelletheating_transformer_input1,01_pelletheating_transformer_output1,01_GCHP_transformer_input1,01_GCHP_transformer_input2,01_GCHP_transformer_output1,01_pv_to_01_electricity_link_input1,01_pv_to_01_electricity_link_output1,01_electricity_to_01_hp_electricity_bus_input1,01_electricity_to_01_hp_electricity_bus_output1,01_heat_without_storage_to_01_heat_input1,01_heat_without_storage_to_01_heat_output1,01_heat_storage_to_01_heat_input1,01_heat_storage_to_01_heat_output1,01_photovoltaic_electricity_source_output1,01_solar_thermal_source_input1,01_solar_thermal_source_input2,01_solar_thermal_source_output1
2012-01-01 00:00:00,0.23297752,0.51378974,0.0,0.25272119,0.23297752286319187,1.5534785740157577,0.0,0.0,0.13517734,0.0,0.0,0.51378974,0.46241076,0.25272119,0.83834661,1.0910678,0.0,0.0,-0.0,0.0,1.5534786,1.5534786,0.0,0.0,0.0,0.0,0.0,0.0
2012-01-01 01:00:00,0.17240576,0.6200105,0.0,0.25272119,0.1724057642179168,1.6490772554936506,0.0,0.0,0.13517734,0.0,0.0,0.6200105,0.55800945,0.25272119,0.83834661,1.0910678,0.0,0.0,-0.0,0.0,1.6490773,1.6490773,0.0,0.0,0.0,0.0,0.0,0.0
2012-01-01 02:00:00,0.15802197,0.69967606,0.0,0.25272119,0.15802196928895967,1.72077626660207,0.0,0.0,0.13517734,0.0,0.0,0.69967606,0.62970846,0.25272119,0.83834661,1.0910678,0.0,0.0,-0.0,0.0,1.7207763,1.7207763,0.0,0.0,0.0,0.0,0.0,0.0
2012-01-01 03:00:00,0.15386665,0.98293142,0.0,0.25272119,0.1538666507539276,1.9757060838764509,0.0,0.0,0.13517734,0.0,0.0,0.98293142,0.88463827,0.25272119,0.83834661,1.0910678,0.0,0.0,-0.0,0.0,1.9757061,1.9757061,0.0,0.0,0.0,0.0,0.0,0.0
2012-01-01 04:00:00,0.15634386,1.6910698,0.0,0.25272119,0.15634385988058136,2.6130306270624026,0.0,0.0,0.13517734,0.0,0.0,1.6910698,1.5219628,0.25272119,0.83834661,1.0910678,0.0,0.0,-0.0,0.0,2.6130306,2.6130306,0.0,0.0,0.0,0.0,0.0,0.0
2012-01-01 05:00:00,0.18714915,3.0807914,0.0,0.25272119,0.18714915402009788,3.8637800430648337,0.0,0.0,0.13517734,0.0,0.0,3.0807914,2.7727122,0.25272119,0.83834661,1.0910678,0.0,0.0,-0.0,0.0,3.86378,3.86378,0.0,0.0,0.0,0.0,0.0,0.0
2012-01-01 06:00:00,0.35995447,4.2757749,0.0,0.25272119,0.3599544680971524,4.939265209691127,0.0,0.0,0.13517734,0.0,0.0,4.2757749,3.8481974,0.25272119,0.83834661,1.0910678,0.0,0.0,-0.0,0.0,4.9392652,4.9392652,0.0,0.0,0.0,0.0,0.0,0.0
2012-01-01 07:00:00,0.51713738,3.9040022,0.0,0.25272119,0.5171373826819229,4.604669824518503,0.0,0.0,0.13517734,0.0,0.0,3.9040022,3.513602,0.25272119,0.83834661,1.0910678,0.0,0.0,-0.0,0.0,4.6046698,4.6046698,0.0,0.0,0.0,0.0,0.0,0.0
2012-01-01 08:00:00,0.53339906,3.452564,0.0,0.25272119,0.5333990619488272,4.198375428237458,0.0,0.0,0.13517734,0.0,0.0,3.452564,3.1073076,0.25272119,0.83834661,1.0910678,0.0,0.0,-0.0,0.0,4.1983754,4.1983754,0.0,0.0,0.0,0.0,0.0,0.0
2012-01-01 09:00:00,0.49232534,3.0896431,0.0,0.25272119,0.4923253364294718,3.8717465998546574,0.0,0.0,0.13517734,0.0,0.0,3.0896431,2.7806788,0.25272119,0.83834661,1.0910678,0.0,0.0,-0.0,0.0,3.8717466,3.8717466,0.0,0.0,0.0,0.0,0.0,0.0
2012-01-01 10:00:00,0.46310472,2.7798326,0.0,0.25272119,0.4643168913039192,3.592917112210804,0.0,0.0,0.13517734,0.0,0.0,2.7798326,2.5018493,0.25272119,0.83834661,1.0910678,0.0012121715,0.0012121715,-0.0,0.0,3.5929171,3.5929171,0.0,0.0,0.0012121715,0.0,0.0,0.0
2012-01-01 11:00:00,0.47274739,2.5939462,0.0,0.25272119,0.47274739333172466,3.425619419624491,0.0,0.0,0.13517734,0.0,0.0,2.5939462,2.3345516,0.25272119,0.83834661,1.0910678,0.0,0.0,-0.0,0.0,3.4256194,3.4256194,0.0,0.0,0.0,0.0,0.0,0.0
2012-01-01 12:00:00,0.52225162,2.5408359,0.0,0.25272119,0.5222516208788854,3.377820078885545,0.0,0.0,0.13517734,0.0,0.0,2.5408359,2.2867523,0.25272119,0.83834661,1.0910678,0.0,0.0,-0.0,0.0,3.3778201,3.3778201,0.0,0.0,0.0,0.0,0.0,0.0
2012-01-01 13:00:00,0.51741707,2.5231324,0.0,0.25272119,0.5174170675833193,3.3618869653058963,0.0,0.0,0.13517734,0.0,0.0,2.5231324,2.2708192,0.25272119,0.83834661,1.0910678,0.0,0.0,-0.0,0.0,3.361887,3.361887,0.0,0.0,0.0,0.0,0.0,0.0
2012-01-01 14:00:00,0.46088076,2.6293532,0.0,0.25272119,0.460880762515335,3.457485646783789,0.0,0.0,0.13517734,0.0,0.0,2.6293532,2.3664178,0.25272119,0.83834661,1.0910678,0.0,0.0,-0.0,0.0,3.4574856,3.4574856,0.0,0.0,0.0,0.0,0.0,0.0
2012-01-01 15:00:00,0.41880816,2.797536,0.0,0.25272119,0.4188081623481354,3.6088502257904524,0.0,0.0,0.13517734,0.0,0.0,2.797536,2.5177824,0.25272119,0.83834661,1.0910678,0.0,0.0,-0.0,0.0,3.6088502,3.6088502,0.0,0.0,0.0,0.0,0.0,0.0
2012-01-01 16:00:00,0.42036641,3.027681,0.0,0.25272119,0.4203664067987724,3.815980702325887,0.0,0.0,0.13517734,0.0,0.0,3.027681,2.7249129,0.25272119,0.83834661,1.0910678,0.0,0.0,-0.0,0.0,3.8159807,3.8159807,0.0,0.0,0.0,0.0,0.0,0.0
2012-01-01 17:00:00,0.5141008,3.3020846,0.0,0.25272119,0.5141008037524765,4.062943962810443,0.0,0.0,0.13517734,0.0,0.0,3.3020846,2.9718762,0.25272119,0.83834661,1.0910678,0.0,0.0,-0.0,0.0,4.062944,4.062944,0.0,0.0,0.0,0.0,0.0,0.0
2012-01-01 18:00:00,0.66401191,3.4171571,0.0,0.25272119,0.6640119109009408,4.166509201078161,0.0,0.0,0.13517734,0.0,0.0,3.4171571,3.0754414,0.25272119,0.83834661,1.0910678,0.0,0.0,-0.0,0.0,4.1665092,4.1665092,0.0,0.0,0.0,0.0,0.0,0.0
2012-01-01 19:00:00,0.74747788,3.452564,0.0,0.25272119,0.747477876474806,4.198375428237458,0.0,0.0,0.13517734,0.0,0.0,3.452564,3.1073076,0.25272119,0.83834661,1.0910678,0.0,0.0,-0.0,0.0,4.1983754,4.1983754,0.0,0.0,0.0,0.0,0.0,0.0
2012-01-01 20:00:00,0.67220268,3.2401225,0.0,0.25272119,0.6722026830132636,4.007178065281672,0.0,0.0,0.13517734,0.0,0.0,3.2401225,2.9161103,0.25272119,0.83834661,1.0910678,0.0,0.0,-0.0,0.0,4.0071781,4.0071781,0.0,0.0,0.0,0.0,0.0,0.0
2012-01-01 21:00:00,0.56324544,2.6647601,0.0,0.25272119,0.5632454364264132,3.489351873943087,0.0,0.0,0.13517734,0.0,0.0,2.6647601,2.3982841,0.25272119,0.83834661,1.0910678,0.0,0.0,-0.0,0.0,3.4893519,3.4893519,0.0,0.0,0.0,0.0,0.0,0.0
2012-01-01 22:00:00,0.46615482,1.4343696,0.0,0.25272119,0.4661548206559526,2.382000480157495,0.0,0.0,0.13517734,0.0,0.0,1.4343696,1.2909327,0.25272119,0.83834661,1.0910678,0.0,0.0,-0.0,0.0,2.3820005,2.3820005,0.0,0.0,0.0,0.0,0.0,0.0
2012-01-01 23:00:00,0.34517112,0.71737952,0.0,0.25272119,0.3451711233090575,1.7367093801817188,0.0,0.0,0.13517734,0.0,0.0,0.71737952,0.64564157,0.25272119,0.83834661,1.0910678,0.0,0.0,-0.0,0.0,1.7367094,1.7367094,0.0,0.0,0.0,0.0,0.0,0.0
2012-01-02 00:00:00,0.23297752,2.9394031,0.0,0.25272119,0.23297752286319187,3.7365305656393657,0.0,0.0,0.13517734,0.0,0.0,2.9394031,2.6454628,0.25272119,0.83834661,1.0910678,0.0,0.0,-0.0,0.0,3.7365306,3.7365306,0.0,0.0,0.0,0.0,0.0,0.0
2012-01-02 01:00:00,0.17240576,3.0477083,0.0,0.25272119,0.1724057642179168,3.8340052760473493,0.0,0.0,0.13517734,0.0,0.0,3.0477083,2.7429375,0.25272119,0.83834661,1.0910678,0.0,0.0,-0.0,0.0,3.8340053,3.8340053,0.0,0.0,0.0,0.0,0.0,0.0
2012-01-02 02:00:00,0.15802197,3.1560135,0.0,0.25272119,0.15802196928895967,3.931479986455333,0.0,0.0,0.13517734,0.0,0.0,3.1560135,2.8404122,0.25272119,0.83834661,1.0910678,0.0,0.0,-0.0,0.0,3.93148,3.93148,0.0,0.0,0.0,0.0,0.0,0.0
2012-01-02 03:00:00,0.15386665,3.4989801,0.0,0.25272119,0.1538666507539276,4.240149902747281,0.0,0.0,0.13517734,0.0,0.0,3.4989801,3.1490821,0.25272119,0.83834661,1.0910678,0.0,0.0,-0.0,0.0,4.2401499,4.2401499,0.0,0.0,0.0,0.0,0.0,0.0
2012-01-02 04:00:00,0.15634386,4.4376255,0.0,0.25272119,0.15634385988058136,5.084930726283137,0.0,0.0,0.13517734,0.0,0.0,4.4376255,3.9938629,0.25272119,0.83834661,1.0910678,0.0,0.0,-0.0,0.0,5.0849307,5.0849307,0.0,0.0,0.0,0.0,0.0,0.0
2012-01-02 05:00:00,0.18714915,6.910595,0.0,0.25272119,0.18714915402009788,7.31060328059876,0.0,0.0,0.13517734,0.0,0.0,6.910595,6.2195355,0.25272119,0.83834661,1.0910678,0.0,0.0,-0.0,0.0,7.3106033,7.3106033,0.0,0.0,0.0,0.0,0.0,0.0
2012-01-02 06:00:00,0.9772943,8.4990717,0.0,0.25272119,0.3599544680971524,9.35757219916641,0.0,0.0,0.13517734,0.61733983,0.61733983,8.4990717,7.6491646,0.25272119,0.83834661,1.0910678,0.0,0.0,-0.0,0.0,9.3575722,9.3575722,0.0,0.0,0.0,0.0,0.0,0.0
2012-01-02 07:00:00,0.51713738,8.4990717,0.0,0.25272119,0.5171373826819229,8.740232366582516,0.0,0.0,0.13517734,0.0,0.0,8.4990717,7.6491646,0.25272119,0.83834661,1.0910678,0.0,0.0,-0.0,0.0,8.7402324,8.7402324,0.0,0.0,0.0,0.0,0.0,0.0
2012-01-02 08:00:00,0.53339906,8.0116982,0.0,0.25272119,0.5333990619488272,8.30159616974659,0.0,0.0,0.13517734,0.0,0.0,8.0116982,7.2105284,0.25272119,0.83834661,1.0910678,0.0,0.0,-0.0,0.0,8.3015962,8.3015962,0.0,0.0,0.0,0.0,0.0,0.0
2012-01-02 09:00:00,0.0,6.8260874,0.24868408,0.0,0.4923253364294718,7.927943113182655,0.0,0.0,0.13517734,0.61733983,0.61733983,6.8260874,6.1434787,0.25272119,0.83834661,1.0910678,1.3669498,1.3669498,0.25272119,0.25272119,7.8518863,7.8518863,0.076056783,0.076056783,1.6156338,0.004563407,0.080059772,0.076056783
2012-01-02 10:00:00,0.0,6.3358723,0.5307757,0.0,0.4643168913039192,7.5542900566187186,0.0,0.0,0.13517734,0.61733983,0.61733983,6.3358723,5.702285,0.25272119,0.83834661,1.0910678,1.3429938,1.3429938,0.25272119,0.25272119,7.4106927,7.4106927,0.14359737,0.14359737,1.8737695,0.0086158421,0.15115512,0.14359737
2012-01-02 11:00:00,0.0,6.0130971,0.66436863,0.0,0.47274739333172466,7.278111710462764,0.0,0.0,0.13517734,0.61733983,0.61733983,6.0130971,5.4117873,0.25272119,0.83834661,1.0910678,1.3522834,1.3522834,0.25272119,0.25272119,7.120195,7.120195,0.15791672,0.15791672,2.0166521,0.0094750034,0.16622813,0.15791672
2012-01-02 12:00:00,0.0,5.8638175,0.60757799,0.0,0.5222516208788854,7.131899644850789,0.0,0.0,0.13517734,0.61733983,0.61733983,5.8638175,5.2774357,0.25272119,0.83834661,1.0910678,1.401076,1.401076,0.25272119,0.25272119,6.9858434,6.9858434,0.14605628,0.14605628,2.008654,0.0087633768,0.15374345,0.14605628
2012-01-02 13:00:00,0.0,5.9077355,0.38506782,0.0,0.5174170675833193,7.1156538597827925,0.0,0.0,0.13517734,0.61733983,0.61733983,5.9077355,5.316962,0.25272119,0.83834661,1.0910678,1.3928951,1.3928951,0.25272119,0.25272119,7.0253696,7.0253696,0.090284248,0.090284248,1.777963,0.0054170549,0.095036051,0.090284248
2012-01-02 14:00:00,0.0,6.1524583,0.10712687,0.0,0.460880762515335,7.24562014032677,0.0,0.0,0.13517734,0.61733983,0.61733983,6.1524583,5.5372125,0.25272119,0.83834661,1.0910678,1.3309418,1.3309418,0.25272119,0.25272119,7.2456201,7.2456201,0.0,0.0,1.4380687,0.0,0.0,0.0
2012-01-02 15:00:00,0.41880816,7.0730528,0.0,0.25272119,0.4188081623481354,7.4568153462107345,0.0,0.0,0.13517734,0.0,0.0,7.0730528,6.3657475,0.25272119,0.83834661,1.0910678,0.0,0.0,-0.0,0.0,7.4568153,7.4568153,0.0,0.0,0.0,0.0,0.0,0.0
2012-01-02 16:00:00,0.42036641,7.4882229,0.0,0.25272119,0.4203664067987724,7.830468402774671,0.0,0.0,0.13517734,0.0,0.0,7.4882229,6.7394006,0.25272119,0.83834661,1.0910678,0.0,0.0,-0.0,0.0,7.8304684,7.8304684,0.0,0.0,0.0,0.0,0.0,0.0
2012-01-02 17:00:00,0.5141008,7.8311895,0.0,0.25272119,0.5141008037524765,8.139138319066618,0.0,0.0,0.13517734,0.0,0.0,7.8311895,7.0480705,0.25272119,0.83834661,1.0910678,0.0,0.0,-0.0,0.0,8.1391383,8.1391383,0.0,0.0,0.0,0.0,0.0,0.0
2012-01-02 18:00:00,0.66401191,7.9214438,0.0,0.25272119,0.6640119109009408,8.220367244406605,0.0,0.0,0.13517734,0.0,0.0,7.9214438,7.1292994,0.25272119,0.83834661,1.0910678,0.0,0.0,-0.0,0.0,8.2203672,8.2203672,0.0,0.0,0.0,0.0,0.0,0.0
2012-01-02 19:00:00,0.74747788,7.9033929,0.0,0.25272119,0.747477876474806,8.204121459338607,0.0,0.0,0.13517734,0.0,0.0,7.9033929,7.1130536,0.25272119,0.83834661,1.0910678,0.0,0.0,-0.0,0.0,8.2041215,8.2041215,0.0,0.0,0.0,0.0,0.0,0.0
2012-01-02 20:00:00,0.67220268,7.5243246,0.0,0.25272119,0.6722026830132636,7.862959972910666,0.0,0.0,0.13517734,0.0,0.0,7.5243246,6.7718922,0.25272119,0.83834661,1.0910678,0.0,0.0,-0.0,0.0,7.86296,7.86296,0.0,0.0,0.0,0.0,0.0,0.0
2012-01-02 21:00:00,0.56324544,6.5315266,0.0,0.25272119,0.5632454364264132,6.969441794170818,0.0,0.0,0.13517734,0.0,0.0,6.5315266,5.878374,0.25272119,0.83834661,1.0910678,0.0,0.0,-0.0,0.0,6.9694418,6.9694418,0.0,0.0,0.0,0.0,0.0,0.0
2012-01-02 22:00:00,0.46615482,4.3293202,0.0,0.25272119,0.4661548206559526,4.9874560158751535,0.0,0.0,0.13517734,0.0,0.0,4.3293202,3.8963882,0.25272119,0.83834661,1.0910678,0.0,0.0,-0.0,0.0,4.987456,4.987456,0.0,0.0,0.0,0.0,0.0,0.0
2012-01-02 23:00:00,0.34517112,3.2101661,0.0,0.25272119,0.3451711233090575,3.980217341659325,0.0,0.0,0.13517734,0.0,0.0,3.2101661,2.8891495,0.25272119,0.83834661,1.0910678,0.0,0.0,-0.0,0.0,3.9802173,3.9802173,0.0,0.0,0.0,0.0,0.0,0.0
2012-01-03 00:00:00,0.2660203,0.83078968,0.0,0.25272119,0.2660202962138795,1.8387785250671755,0.0,0.0,0.13517734,0.0,0.0,0.83078968,0.74771072,0.25272119,0.83834661,1.0910678,0.0,0.0,-0.0,0.0,1.8387785,1.8387785,0.0,0.0,0.0,0.0,0.0,0.0
2012-01-03 01:00:00,0.19645867,0.95651813,0.0,0.25272119,0.19645866573800624,1.9519341266097712,0.0,0.0,0.13517734,0.0,0.0,0.95651813,0.86086632,0.25272119,0.83834661,1.0910678,0.0,0.0,-0.0,0.0,1.9519341,1.9519341,0.0,0.0,0.0,0.0,0.0,0.0
2012-01-03 02:00:00,0.17696063,1.0508145,0.0,0.25272119,0.17696063261208655,2.036800827766718,0.0,0.0,0.13517734,0.0,0.0,1.0508145,0.94573302,0.25272119,0.83834661,1.0910678,0.0,0.0,-0.0,0.0,2.0368008,2.0368008,0.0,0.0,0.0,0.0,0.0,0.0
2012-01-03 03:00:00,0.17224594,1.3860903,0.0,0.25272119,0.1722459442742617,2.338549098546972,0.0,0.0,0.13517734,0.0,0.0,1.3860903,1.2474813,0.25272119,0.83834661,1.0910678,0.0,0.0,-0.0,0.0,2.3385491,2.3385491,0.0,0.0,0.0,0.0,0.0,0.0
2012-01-03 04:00:00,0.17608162,2.22428,0.0,0.25272119,0.17608162292198362,3.0929197754976085,0.0,0.0,0.13517734,0.0,0.0,2.22428,2.001852,0.25272119,0.83834661,1.0910678,0.0,0.0,-0.0,0.0,3.0929198,3.0929198,0.0,0.0,0.0,0.0,0.0,0.0
2012-01-03 05:00:00,0.21032305,3.8692271,0.0,0.25272119,0.21032304585008435,4.573372229013232,0.0,0.0,0.13517734,0.0,0.0,3.8692271,3.4823044,0.25272119,0.83834661,1.0910678,0.0,0.0,-0.0,0.0,4.5733722,4.5733722,0.0,0.0,0.0,0.0,0.0,0.0
2012-01-03 06:00:00,0.37122177,5.2836722,0.0,0.25272119,0.3712217741248354,5.84637274636743,0.0,0.0,0.13517734,0.0,0.0,5.2836722,4.7553049,0.25272119,0.83834661,1.0910678,0.0,0.0,-0.0,0.0,5.8463727,5.8463727,0.0,0.0,0.0,0.0,0.0,0.0
2012-01-03 07:00:00,0.51829608,4.8436226,0.0,0.25272119,0.5182960772734223,5.450328140968346,0.0,0.0,0.13517734,0.0,0.0,4.8436226,4.3592603,0.25272119,0.83834661,1.0910678,0.0,0.0,-0.0,0.0,5.4503281,5.4503281,0.0,0.0,0.0,0.0,0.0,0.0
2012-01-03 08:00:00,0.54926119,4.3092767,0.0,0.25272119,0.5492611913565939,4.969416834412316,0.0,0.0,0.13517734,0.0,0.0,4.3092767,3.878349,0.25272119,0.83834661,1.0910678,0.0,0.0,-0.0,0.0,4.9694168,4.9694168,0.0,0.0,0.0,0.0,0.0,0.0
2012-01-03 09:00:00,0.38204164,3.8797045,0.0,0.25272119,0.5432679434695283,4.582801862475114,0.0,0.0,0.13517734,0.0,0.0,3.8797045,3.4917341,0.25272119,0.83834661,1.0910678,0.16122631,0.16122631,-0.0,0.0,4.5828019,4.5828019,0.0,0.0,0.16122631,0.0,0.0,0.0
2012-01-03 10:00:00,0.4064705,3.5129965,0.0,0.25272119,0.5275656340054168,4.252764691309212,0.0,0.0,0.13517734,0.0,0.0,3.5129965,3.1616969,0.25272119,0.83834661,1.0910678,0.12109513,0.12109513,-0.0,0.0,4.2527647,4.2527647,0.0,0.0,0.12109513,0.0,0.0,0.0
2012-01-03 11:00:00,0.33314938,3.2487248,0.0,0.25272119,0.5325200522587243,4.054742388609669,0.0,0.0,0.13517734,0.0,0.0,3.2487248,2.9238523,0.25272119,0.83834661,1.0910678,0.20176001,0.20176001,-0.0,0.0,4.0149201,4.0149201,0.039822247,0.039822247,0.20176001,0.0023893348,0.041918155,0.039822247
2012-01-03 12:00:00,0.40248907,3.1867556,0.0,0.25272119,0.5977665442559105,3.998164587838372,0.0,0.0,0.13517734,0.0,0.0,3.1867556,2.86808,0.25272119,0.83834661,1.0910678,0.19761848,0.19761848,-0.0,0.0,3.9591478,3.9591478,0.039016752,0.039016752,0.19761848,0.0023410051,0.041070265,0.039016752
2012-01-03 13:00:00,0.50182637,3.2091528,0.0,0.25272119,0.5819843248199713,3.979305320914606,0.0,0.0,0.13517734,0.0,0.0,3.2091528,2.8882375,0.25272119,0.83834661,1.0910678,0.080157958,0.080157958,-0.0,0.0,3.9793053,3.9793053,0.0,0.0,0.080157958,0.0,0.0,0.0
2012-01-03 14:00:00,0.28996941,3.2810602,0.0,0.25272119,0.5065493114147739,4.092460922457201,0.0,0.0,0.13517734,0.0,0.0,3.2810602,2.9529542,0.25272119,0.83834661,1.0910678,0.21948624,0.21948624,-0.0,0.0,4.044022,4.044022,0.04843889,0.04843889,0.21948624,0.0029063334,0.050988305,0.04843889
2012-01-03 15:00:00,0.45907925,3.4259903,0.0,0.25272119,0.4532493602058049,4.271623958232977,0.0,0.0,0.13517734,0.0,0.0,3.4259903,3.0833913,0.25272119,0.83834661,1.0910678,0.0,0.0,-0.0,0.0,4.1744591,4.1744591,0.097164859,0.097164859,0.0,0.0058298916,0.1022788,0.097164859
2012-01-03 16:00:00,0.42408222,3.8063629,0.0,0.25272119,0.424082220488753,4.5167944282419334,0.0,0.0,0.13517734,0.0,0.0,3.8063629,3.4257266,0.25272119,0.83834661,1.0910678,0.0,0.0,-0.0,0.0,4.5167944,4.5167944,0.0,0.0,0.0,0.0,0.0,0.0
2012-01-03 17:00:00,0.46479635,4.1311614,0.0,0.25272119,0.46479635113488443,4.809113065560306,0.0,0.0,0.13517734,0.0,0.0,4.1311614,3.7180453,0.25272119,0.83834661,1.0910678,0.0,0.0,-0.0,0.0,4.8091131,4.8091131,0.0,0.0,0.0,0.0,0.0,0.0
2012-01-03 18:00:00,0.57874797,4.2673672,0.0,0.25272119,0.578747970960956,4.931698300564784,0.0,0.0,0.13517734,0.0,0.0,4.2673672,3.8406305,0.25272119,0.83834661,1.0910678,0.0,0.0,-0.0,0.0,4.9316983,4.9316983,0.0,0.0,0.0,0.0,0.0,0.0
2012-01-03 19:00:00,0.68678625,4.3092767,0.0,0.25272119,0.6867862528717896,4.969416834412316,0.0,0.0,0.13517734,0.0,0.0,4.3092767,3.878349,0.25272119,0.83834661,1.0910678,0.0,0.0,-0.0,0.0,4.9694168,4.9694168,0.0,0.0,0.0,0.0,0.0,0.0
2012-01-03 20:00:00,0.67144354,4.0578198,0.0,0.25272119,0.671443538280902,4.743105631327125,0.0,0.0,0.13517734,0.0,0.0,4.0578198,3.6520378,0.25272119,0.83834661,1.0910678,0.0,0.0,-0.0,0.0,4.7431056,4.7431056,0.0,0.0,0.0,0.0,0.0,0.0
2012-01-03 21:00:00,0.62309801,3.3767907,0.0,0.25272119,0.6230980053252404,4.130179456304734,0.0,0.0,0.13517734,0.0,0.0,3.3767907,3.0391116,0.25272119,0.83834661,1.0910678,0.0,0.0,-0.0,0.0,4.1301795,4.1301795,0.0,0.0,0.0,0.0,0.0,0.0
2012-01-03 22:00:00,0.54210925,1.9204362,0.0,0.25272119,0.542109248878029,2.8194604051030026,0.0,0.0,0.13517734,0.0,0.0,1.9204362,1.7283926,0.25272119,0.83834661,1.0910678,0.0,0.0,-0.0,0.0,2.8194604,2.8194604,0.0,0.0,0.0,0.0,0.0,0.0
2012-01-03 23:00:00,0.40062864,1.0717692,0.0,0.25272119,0.4006286437573701,2.0556600946904835,0.0,0.0,0.13517734,0.0,0.0,1.0717692,0.96459229,0.25272119,0.83834661,1.0910678,0.0,0.0,-0.0,0.0,2.0556601,2.0556601,0.0,0.0,0.0,0.0,0.0,0.0
2012-01-04 00:00:00,0.29426847,0.0,0.0,0.05382763,0.2942684712549148,0.2323888760761328,0.0,0.0,0.13517734,0.0,0.0,0.0,0.0,0.05382763,0.17856125,0.23238888,0.0,0.0,-0.0,0.0,0.23238888,0.23238888,0.0,0.0,0.0,0.0,0.0,0.0
2012-01-04 01:00:00,0.21911314,0.0,0.0,0.057712098,0.21911314275111374,0.24915920733935884,0.0,0.0,0.13517734,0.0,0.0,0.0,0.0,0.057712098,0.19144711,0.24915921,0.0,0.0,-0.0,0.0,0.24915921,0.24915921,0.0,0.0,0.0,0.0,0.0,0.0
2012-01-04 02:00:00,0.19889592,0.0,0.0,0.061596566,0.19889591987874622,0.26592953860258495,0.0,0.0,0.13517734,0.0,0.0,0.0,0.0,0.061596566,0.20433297,0.26592954,0.0,0.0,-0.0,0.0,0.26592954,0.26592954,0.0,0.0,0.0,0.0,0.0,0.0
2012-01-04 03:00:00,0.18722906,0.0,0.0,0.089342767,0.1872290639919254,0.38571761905419977,0.0,0.0,0.13517734,0.0,0.0,0.0,0.0,0.089342767,0.29637485,0.38571762,0.0,0.0,-0.0,0.0,0.38571762,0.38571762,0.0,0.0,0.0,0.0,0.0,0.0
2012-01-04 04:00:00,0.19490042,0.0,0.0,0.16148289,0.1949004212873692,0.6971666282283984,0.0,0.0,0.13517734,0.0,0.0,0.0,0.0,0.16148289,0.53568374,0.69716663,0.0,0.0,-0.0,0.0,0.69716663,0.69716663,0.0,0.0,0.0,0.0,0.0,0.0
2012-01-04 05:00:00,0.24401228,0.42384798,0.0,0.25272119,0.23677324652499998,1.5931814700064773,0.0,0.0,0.13517734,0.0,0.0,0.42384798,0.38146318,0.25272119,0.83834661,1.0910678,0.0,0.0,-0.0,0.0,1.472531,1.472531,0.12065048,0.12065048,0.0,0.0072390288,0.1270005,0.12065048
2012-01-04 06:00:00,0.40190405,0.79282643,0.0,0.25272119,0.3911593120958066,1.9836906122787414,0.0,0.0,0.13517734,0.0,0.0,0.79282643,0.71354379,0.25272119,0.83834661,1.0910678,0.0,0.0,-0.0,0.0,1.8046116,1.8046116,0.17907902,0.17907902,0.0,0.010744741,0.18850423,0.17907902
2012-01-04 07:00:00,0.53046965,0.56597987,0.0,0.25272119,0.5182561222875085,1.8040084916013195,0.0,0.0,0.13517734,0.0,0.0,0.56597987,0.50938188,0.25272119,0.83834661,1.0910678,0.0,0.0,-0.0,0.0,1.6004497,1.6004497,0.2035588,0.2035588,0.0,0.012213528,0.21427242,0.2035588
2012-01-04 08:00:00,0.57753647,0.18843549,0.0,0.25272119,0.5659224204826359,1.454227296682604,0.0,0.0,0.13517734,0.0,0.0,0.18843549,0.16959194,0.25272119,0.83834661,1.0910678,0.0,0.0,-0.0,0.0,1.2606597,1.2606597,0.19356755,0.19356755,0.0,0.011614053,0.20375531,0.19356755
2012-01-04 09:00:00,0.0,0.15266102,0.0,0.052564162,0.575631482059682,1.4374569654193778,0.0,0.0,0.13517734,0.0,0.0,0.15266102,0.13739492,0.25272119,0.83834661,1.0910678,0.78832817,0.78832817,0.20015703,0.20015703,1.2284627,1.2284627,0.20899424,0.20899424,0.78832817,0.012539654,0.21999394,0.20899424
2012-01-04 10:00:00,0.0,0.0,0.51384666,0.0,0.5563332238633311,1.219442658997439,0.18774275,0.0,0.32292009,0.081452441,0.081452441,0.0,0.0,0.25272119,0.83834661,1.0910678,0.90458677,0.90458677,0.25272119,0.25272119,1.1725203,1.1725203,0.046922409,0.046922409,1.4184334,0.014079909,0.24701595,0.23466516
2012-01-04 11:00:00,0.0,0.0,0.25591348,0.0,0.5672009800318766,1.154757095553567,0.22694617,0.0,0.54986626,0.063689286,0.063689286,0.0,0.0,0.25272119,0.83834661,1.0910678,0.89722823,0.89722823,0.25272119,0.25272119,1.1547571,1.1547571,0.0,0.0,1.1531417,0.01361677,0.23889071,0.22694617
2012-01-04 12:00:00,0.0,0.0,0.33292037,0.0,0.6306095426770292,1.0589266311922751,0.22980148,0.0,0.77966774,0.0,0.0,0.0,0.0,0.24527642,0.81365021,1.0589266,0.88967405,0.88967405,0.24527642,0.24527642,1.0589266,1.0589266,0.0,0.0,1.2225944,0.013788089,0.24189629,0.22980148
2012-01-04 13:00:00,0.0,0.0,0.69107403,0.0,0.6100726799173515,0.9487215971767896,0.22223104,0.0,1.0018988,0.0,0.0,0.0,0.0,0.21974991,0.72897168,0.9487216,0.84315645,0.84315645,0.21974991,0.21974991,0.9487216,0.9487216,0.0,0.0,1.5342305,0.013333863,0.23392741,0.22223104
2012-01-04 14:00:00,0.0,0.0,1.0839968,0.0,0.5264868493857451,0.9032021266051757,0.21469727,0.0,1.216596,0.0,0.0,0.0,0.0,0.20920636,0.69399577,0.90320213,0.74857504,0.74857504,0.20920636,0.20920636,0.90320213,0.90320213,0.0,0.0,1.8325718,0.012881836,0.22599712,0.21469727
2012-01-04 15:00:00,0.48582913,0.0,0.0,0.15541082,0.4746252776696718,0.8576826560335622,0.0,0.0,1.216596,0.0,0.0,0.0,0.0,0.15541082,0.51554098,0.6709518,0.0,0.0,-0.0,0.0,0.6709518,0.6709518,0.18673085,0.18673085,0.0,0.011203851,0.19655879,0.18673085
2012-01-04 16:00:00,0.46910246,0.0,0.0,0.18103748,0.4586432833041639,0.9559088820038864,0.0,0.0,1.216596,0.0,0.0,0.0,0.0,0.18103748,0.60055176,0.78158925,0.0,0.0,-0.0,0.0,0.78158925,0.78158925,0.17431964,0.17431964,0.0,0.010459178,0.18349435,0.17431964
2012-01-04 17:00:00,0.49767833,0.0,0.0,0.20502772,0.4894086224577666,1.022990207056791,0.0,0.0,1.216596,0.0,0.0,0.0,0.0,0.20502772,0.68013409,0.88516181,0.0,0.0,-0.0,0.0,0.88516181,0.88516181,0.13782839,0.13782839,0.0,0.0082697036,0.14508252,0.13782839
2012-01-04 18:00:00,0.56804003,0.0,0.0,0.25272119,0.5680400347360656,1.0972588169367918,0.0,0.0061910075,1.2102787,0.0,0.0,0.0,0.0,0.25272119,0.83834661,1.0910678,0.0,0.0,-0.0,0.0,1.0910678,1.0910678,0.0061910075,0.0061910075,0.0,0.0,0.0,0.0
2012-01-04 19:00:00,0.6599365,0.0,0.0,0.25272119,0.6599365023377363,1.233817228651633,0.0,0.14274942,1.064616,0.0,0.0,0.0,0.0,0.25272119,0.83834661,1.0910678,0.0,0.0,-0.0,0.0,1.0910678,1.0910678,0.14274942,0.14274942,0.0,0.0,0.0,0.0
2012-01-04 20:00:00,0.66557016,0.0,0.0,0.25272119,0.6655701553515778,1.2457960366967942,0.0,0.15472823,0.90673007,0.0,0.0,0.0,0.0,0.25272119,0.83834661,1.0910678,0.0,0.0,-0.0,0.0,1.0910678,1.0910678,0.15472823,0.15472823,0.0,0.0,0.0,0.0
2012-01-04 21:00:00,0.6294908,0.0,0.0,0.24527642,0.6294908030714437,1.0589266311922751,0.0,0.0,0.90673007,0.0,0.0,0.0,0.0,0.24527642,0.81365021,1.0589266,0.0,0.0,-0.0,0.0,1.0589266,1.0589266,0.0,0.0,0.0,0.0,0.0,0.0
2012-01-04 22:00:00,0.5773895,0.0,0.0,0.17036167,0.5773895014398879,0.735498813972915,0.0,0.0,0.90673007,0.0,0.0,0.0,0.0,0.17036167,0.56513714,0.73549881,0.0,0.0,-0.0,0.0,0.73549881,0.73549881,0.0,0.0,0.0,0.0,0.0,0.0
2012-01-04 23:00:00,0.44781548,0.0,0.0,0.082128755,0.44781548212153227,0.3545727181367799,0.0,0.0,0.90673007,0.0,0.0,0.0,0.0,0.082128755,0.27244396,0.35457272,0.0,0.0,-0.0,0.0,0.35457272,0.35457272,0.0,0.0,0.0,0.0,0.0,0.0
2012-01-05 00:00:00,0.29426847,0.0,0.0,0.068579447,0.2942684712549148,0.2960765801234039,0.0,0.0,0.90673007,0.0,0.0,0.0,0.0,0.068579447,0.22749713,0.29607658,0.0,0.0,-0.0,0.0,0.29607658,0.29607658,0.0,0.0,0.0,0.0,0.0,0.0
2012-01-05 01:00:00,0.21911314,0.0,0.0,0.073528479,0.21911314275111374,0.31744293126632994,0.0,0.0,0.90673007,0.0,0.0,0.0,0.0,0.073528479,0.24391445,0.31744293,0.0,0.0,-0.0,0.0,0.31744293,0.31744293,0.0,0.0,0.0,0.0,0.0,0.0
2012-01-05 02:00:00,0.19889592,0.0,0.0,0.078477512,0.19889591987874622,0.338809282409256,0.0,0.0,0.90673007,0.0,0.0,0.0,0.0,0.078477512,0.26033177,0.33880928,0.0,0.0,-0.0,0.0,0.33880928,0.33880928,0.0,0.0,0.0,0.0,0.0,0.0
2012-01-05 03:00:00,0.18722906,0.0,0.0,0.11382774,0.1872290639919254,0.4914260762872992,0.0,0.0,0.90673007,0.0,0.0,0.0,0.0,0.11382774,0.37759833,0.49142608,0.0,0.0,-0.0,0.0,0.49142608,0.49142608,0.0,0.0,0.0,0.0,0.0,0.0
2012-01-05 04:00:00,0.19490042,0.0,0.0,0.20573834,0.1949004212873692,0.8882297403702116,0.0,0.0,0.90673007,0.0,0.0,0.0,0.0,0.20573834,0.6824914,0.88822974,0.0,0.0,-0.0,0.0,0.88822974,0.88822974,0.0,0.0,0.0,0.0,0.0,0.0
2012-01-05 05:00:00,0.23677325,0.78770453,0.0,0.25272119,0.23677324652499998,2.029803358577975,0.0,0.22980148,0.67223877,0.0,0.0,0.78770453,0.70893407,0.25272119,0.83834661,1.0910678,0.0,0.0,-0.0,0.0,1.8000019,1.8000019,0.22980148,0.22980148,0.0,0.0,0.0,0.0
2012-01-05 06:00:00,0.39302161,1.3060296,0.0,0.25272119,0.3911593120958066,2.527334106620396,0.0,0.22980148,0.43774747,0.0,0.0,1.3060296,1.1754266,0.25272119,0.83834661,1.0910678,0.0,0.0,-0.0,0.0,2.2664944,2.2664944,0.2608397,0.2608397,0.0,0.0018622936,0.032671817,0.031038227
2012-01-05 07:00:00,0.52623421,0.93841281,0.0,0.25272119,0.5182561222875085,2.2984089158033316,0.0,0.22980148,0.20325617,0.0,0.0,0.93841281,0.84457153,0.25272119,0.83834661,1.0910678,0.0,0.0,-0.0,0.0,1.9356393,1.9356393,0.36276957,0.36276957,0.0,0.0079780859,0.13996642,0.1329681
2012-01-05 08:00:00,0.57585912,0.58819025,0.0,0.25272119,0.5659224204826359,1.8527678776794447,0.0,0.066717253,0.13517734,0.0,0.0,0.58819025,0.52937122,0.25272119,0.83834661,1.0910678,0.0,0.0,-0.0,0.0,1.620439,1.620439,0.23232884,0.23232884,0.0,0.0099366954,0.17432799,0.16561159
2012-01-05 09:00:00,0.0,0.60121235,0.0,0.2051343,0.575631482059682,1.8314015265365189,0.0,0.0,0.13517734,0.0,0.0,0.60121235,0.54109111,0.25272119,0.83834661,1.0910678,0.63517294,0.63517294,0.047586897,0.047586897,1.6321589,1.6321589,0.19924261,0.19924261,0.63517294,0.011954556,0.20972906,0.19924261
2012-01-05 10:00:00,0.0,0.0,0.0,0.0,0.5563332238633311,1.5536389616784803,0.026426246,0.0,0.16160358,0.29046562,0.29046562,0.0,0.0,0.25272119,0.83834661,1.0910678,1.1114319,1.1114319,0.25272119,0.25272119,1.3815334,1.3815334,0.17210553,0.17210553,1.1114319,0.011911907,0.20898082,0.19853178
2012-01-05 11:00:00,0.0,0.0,0.095407246,0.0,0.5672009800318766,1.4712258929843367,0.22825429,0.0,0.38985787,0.38015808,0.38015808,0.0,0.0,0.25272119,0.83834661,1.0910678,1.2137755,1.2137755,0.25272119,0.25272119,1.4712259,1.4712259,0.0,0.0,1.3091828,0.013695257,0.24026767,0.22825429
2012-01-05 12:00:00,0.0,0.0,0.20748857,0.0,0.6306095426770292,1.3491324578819024,0.22980148,0.0,0.61965935,0.25770818,0.25770818,0.0,0.0,0.25272119,0.83834661,1.0910678,1.1548484,1.1548484,0.25272119,0.25272119,1.348776,1.348776,0.00035647063,0.00035647063,1.362337,0.013809477,0.24227152,0.23015795
2012-01-05 13:00:00,0.0,0.0,0.46490066,0.0,0.6100726799173515,1.2087250075141025,0.22001771,0.0,0.83967706,0.1176572,0.1176572,0.0,0.0,0.25272119,0.83834661,1.0910678,0.99365214,0.99365214,0.25272119,0.25272119,1.208725,1.208725,0.0,0.0,1.4585528,0.013201063,0.23159759,0.22001771
2012-01-05 14:00:00,0.0,0.0,0.39034006,0.0,0.5264868493857451,1.150730625840446,0.21144189,0.0,1.0511189,0.059662816,0.059662816,0.0,0.0,0.25272119,0.83834661,1.0910678,0.85155737,0.85155737,0.25272119,0.25272119,1.1507306,1.1507306,0.0,0.0,1.2418974,0.012686513,0.22257041,0.21144189
2012-01-05 15:00:00,0.35376355,0.0,0.0,0.24698351,0.4746252776696718,1.0927362441667896,0.1654771,0.0,1.216596,0.0,0.0,0.0,0.0,0.24698351,0.81931312,1.0662966,0.13237673,0.13237673,-0.0,0.0,1.0662966,1.0662966,0.026439618,0.026439618,0.13237673,0.011515003,0.2020176,0.19191672
2012-01-05 16:00:00,0.46625214,0.0,0.0,0.25272119,0.4586432833041639,1.2178820151467848,0.0,0.0,1.216596,0.0,0.0,0.0,0.0,0.25272119,0.83834661,1.0910678,0.0,0.0,-0.0,0.0,1.0910678,1.0910678,0.12681421,0.12681421,0.0,0.0076088523,0.13348864,0.12681421
2012-01-05 17:00:00,0.48940862,0.0,0.0,0.25272119,0.4894086224577666,1.3033474197184893,0.0,0.21227961,0.9999842,0.0,0.0,0.0,0.0,0.25272119,0.83834661,1.0910678,0.0,0.0,-0.0,0.0,1.0910678,1.0910678,0.21227961,0.21227961,0.0,0.0,0.0,0.0
2012-01-05 18:00:00,0.56804003,0.085667275,0.0,0.25272119,0.5680400347360656,1.3979698319228762,0.0,0.22980148,0.7654929,0.0,0.0,0.085667275,0.077100547,0.25272119,0.83834661,1.0910678,0.0,0.0,-0.0,0.0,1.1681684,1.1681684,0.22980148,0.22980148,0.0,0.0,0.0,0.0
2012-01-05 19:00:00,0.6599365,0.27898188,0.0,0.25272119,0.6599365023377363,1.5719529769438452,0.0,0.22980148,0.5310016,0.0,0.0,0.27898188,0.25108369,0.25272119,0.83834661,1.0910678,0.0,0.0,-0.0,0.0,1.3421515,1.3421515,0.22980148,0.22980148,0.0,0.0,0.0,0.0
2012-01-05 20:00:00,0.66557016,0.2959393,0.0,0.25272119,0.6655701553515778,1.5872146563316496,0.0,0.22980148,0.29651029,0.0,0.0,0.2959393,0.26634537,0.25272119,0.83834661,1.0910678,0.0,0.0,-0.0,0.0,1.3574132,1.3574132,0.22980148,0.22980148,0.0,0.0,0.0,0.0
2012-01-05 21:00:00,0.6294908,0.11106483,0.0,0.25272119,0.6294908030714437,1.3491324578819024,0.0,0.1581063,0.13517734,0.0,0.0,0.11106483,0.099958351,0.25272119,0.83834661,1.0910678,0.0,0.0,-0.0,0.0,1.1910262,1.1910262,0.1581063,0.1581063,0.0,0.0,0.0,0.0
2012-01-05 22:00:00,0.5773895,0.0,0.0,0.21705041,0.5773895014398879,0.9370671144111855,0.0,0.0,0.13517734,0.0,0.0,0.0,0.0,0.21705041,0.7200167,0.93706711,0.0,0.0,-0.0,0.0,0.93706711,0.93706711,0.0,0.0,0.0,0.0,0.0,0.0
2012-01-05 23:00:00,0.44781548,0.0,0.0,0.10463668,0.44781548212153227,0.451745709879008,0.0,0.0,0.13517734,0.0,0.0,0.0,0.0,0.10463668,0.34710903,0.45174571,0.0,0.0,-0.0,0.0,0.45174571,0.45174571,0.0,0.0,0.0,0.0,0.0,0.0
2012-01-06 00:00:00,0.33162638,0.0,0.0,0.064890608,0.33162638308428954,0.28015083366271576,0.0,0.0,0.13517734,0.0,0.0,0.0,0.0,0.064890608,0.21526023,0.28015083,0.0,0.0,-0.0,0.0,0.28015083,0.28015083,0.0,0.0,0.0,0.0,0.0,0.0
2012-01-06 01:00:00,0.25703042,0.0,0.0,0.069573435,0.2570304243832813,0.30036790413322095,0.0,0.0,0.13517734,0.0,0.0,0.0,0.0,0.069573435,0.23079447,0.3003679,0.0,0.0,-0.0,0.0,0.3003679,0.3003679,0.0,0.0,0.0,0.0,0.0,0.0
2012-01-06 02:00:00,0.20900453,0.0,0.0,0.074256263,0.20900453131493,0.32058497460372626,0.0,0.0,0.13517734,0.0,0.0,0.0,0.0,0.074256263,0.24632871,0.32058497,0.0,0.0,-0.0,0.0,0.32058497,0.32058497,0.0,0.0,0.0,0.0,0.0,0.0
2012-01-06 03:00:00,0.19993475,0.0,0.0,0.10770503,0.19993474951250423,0.46499262082162096,0.0,0.0,0.13517734,0.0,0.0,0.0,0.0,0.10770503,0.35728759,0.46499262,0.0,0.0,-0.0,0.0,0.46499262,0.46499262,0.0,0.0,0.0,0.0,0.0,0.0
2012-01-06 04:00:00,0.20169277,0.0,0.0,0.19467182,0.2016927688927101,0.8404525009881472,0.0,0.0,0.13517734,0.0,0.0,0.0,0.0,0.19467182,0.64578068,0.8404525,0.0,0.0,-0.0,0.0,0.8404525,0.8404525,0.0,0.0,0.0,0.0,0.0,0.0
2012-01-06 05:00:00,0.20628759,0.92172654,0.0,0.25272119,0.2062875922727936,1.9206216946979997,0.0,0.0,0.13517734,0.0,0.0,0.92172654,0.82955389,0.25272119,0.83834661,1.0910678,0.0,0.0,-0.0,0.0,1.9206217,1.9206217,0.0,0.0,0.0,0.0,0.0,0.0
2012-01-06 06:00:00,0.25455322,1.4448031,0.0,0.25272119,0.25455321525662755,2.3913906213683362,0.0,0.0,0.13517734,0.0,0.0,1.4448031,1.3003228,0.25272119,0.83834661,1.0910678,0.0,0.0,-0.0,0.0,2.3913906,2.3913906,0.0,0.0,0.0,0.0,0.0,0.0
2012-01-06 07:00:00,0.37371428,1.1727643,0.0,0.25272119,0.3720208738431109,2.1747791520414945,0.0,0.0,0.13517734,0.0,0.0,1.1727643,1.0554879,0.25272119,0.83834661,1.0910678,0.0,0.0,-0.0,0.0,2.1465557,2.1465557,0.028223443,0.028223443,0.0,0.0016934066,0.029708887,0.028223443
2012-01-06 08:00:00,0.51601058,0.6780377,0.0,0.25272119,0.5129021541750634,1.7531088250852416,0.0,0.0,0.13517734,0.0,0.0,0.6780377,0.61023393,0.25272119,0.83834661,1.0910678,0.0,0.0,-0.0,0.0,1.7013017,1.7013017,0.051807081,0.051807081,0.0,0.0031084249,0.05453377,0.051807081
2012-01-06 09:00:00,0.0,0.0,0.43258135,0.0,0.622298905606965,1.7328917546147362,0.10129694,0.0,0.23647428,0.54316234,0.54316234,0.0,0.0,0.25272119,0.83834661,1.0910678,1.43018,1.43018,0.25272119,0.25272119,1.6342302,1.6342302,0.098661603,0.098661603,1.8627613,0.011997512,0.21048267,0.19995854
2012-01-06 10:00:00,0.0,0.0,0.72819094,0.0,0.6586978977744095,1.470069838498168,0.22295367,0.0,0.45942795,0.37900203,0.37900203,0.0,0.0,0.25272119,0.83834661,1.0910678,1.3037983,1.3037983,0.25272119,0.25272119,1.4700698,1.4700698,0.0,0.0,2.0319893,0.01337722,0.23468808,0.22295367
2012-01-06 11:00:00,0.0,0.0,0.89568961,0.0,0.6837496739423431,1.392089709540505,0.22732818,0.0,0.68675613,0.3010219,0.3010219,0.0,0.0,0.25272119,0.83834661,1.0910678,1.2511325,1.2511325,0.25272119,0.25272119,1.3920897,1.3920897,0.0,0.0,2.1468221,0.013639691,0.23929282,0.22732818
2012-01-06 12:00:00,0.0,0.0,0.9547682,0.0,0.7276602034615761,1.2765635925661893,0.22332023,0.0,0.91007636,0.18549578,0.18549578,0.0,0.0,0.25272119,0.83834661,1.0910678,1.1792764,1.1792764,0.25272119,0.25272119,1.2765636,1.2765636,0.0,0.0,2.1340446,0.013399214,0.23507392,0.22332023
2012-01-06 13:00:00,0.0,0.0,0.96753338,0.0,0.7031278421105214,1.1437085580457262,0.20433942,0.0,1.1144158,0.052640749,0.052640749,0.0,0.0,0.25272119,0.83834661,1.0910678,1.0207502,1.0207502,0.25272119,0.25272119,1.1437086,1.1437086,0.0,0.0,1.9882835,0.012260365,0.21509413,0.20433942
2012-01-06 14:00:00,0.0,0.0,0.86279748,0.0,0.6280124685926342,1.088833652482926,0.10218027,0.0,1.216596,0.0,0.0,0.0,0.0,0.2522037,0.83662995,1.0888337,0.88634699,0.88634699,0.2522037,0.2522037,1.0888337,1.0888337,0.0,0.0,1.7491445,0.0061308159,0.10755817,0.10218027
2012-01-06 15:00:00,0.11473976,0.0,0.0,0.22118441,0.5927721710166892,1.033958746920126,0.0,0.0,1.216596,0.0,0.0,0.0,0.0,0.22118441,0.7337303,0.95491471,0.48277506,0.48277506,-0.0,0.0,0.95491471,0.95491471,0.079044036,0.079044036,0.48277506,0.0047426421,0.083204248,0.079044036
2012-01-06 16:00:00,0.57983781,0.0,0.0,0.25272119,0.5787879259468697,1.1523730168187998,0.0,0.04380718,1.1718948,0.0,0.0,0.0,0.0,0.25272119,0.83834661,1.0910678,0.0,0.0,-0.0,0.0,1.0910678,1.0910678,0.061305207,0.061305207,0.0,0.0010498817,0.018418977,0.017498028
2012-01-06 17:00:00,0.59516947,0.0,0.0,0.25272119,0.5951694701715153,1.2332412987008208,0.0,0.14217349,1.0268199,0.0,0.0,0.0,0.0,0.25272119,0.83834661,1.0910678,0.0,0.0,-0.0,0.0,1.0910678,1.0910678,0.14217349,0.14217349,0.0,0.0,0.0,0.0
2012-01-06 18:00:00,0.66517061,0.0021163939,0.0,0.25272119,0.6651706054924401,1.3227740393559155,0.0,0.22980148,0.79232855,0.0,0.0,0.0021163939,0.0019047545,0.25272119,0.83834661,1.0910678,0.0,0.0,-0.0,0.0,1.0929726,1.0929726,0.22980148,0.22980148,0.0,0.0,0.0,0.0
2012-01-06 19:00:00,0.72074799,0.18503275,0.0,0.25272119,0.720747990898494,1.4873987560443154,0.0,0.22980148,0.55783725,0.0,0.0,0.18503275,0.16652947,0.25272119,0.83834661,1.0910678,0.0,0.0,-0.0,0.0,1.2575973,1.2575973,0.22980148,0.22980148,0.0,0.0,0.0,0.0
2012-01-06 20:00:00,0.6907418,0.20107804,0.0,0.25272119,0.6907417964772528,1.5018395206661048,0.0,0.22980148,0.32334595,0.0,0.0,0.20107804,0.18097024,0.25272119,0.83834661,1.0910678,0.0,0.0,-0.0,0.0,1.272038,1.272038,0.22980148,0.22980148,0.0,0.0,0.0,0.0
2012-01-06 21:00:00,0.61458759,0.0012117161,0.0,0.25272119,0.6145875933256075,1.2765635925661893,0.0,0.18440524,0.13517734,0.0,0.0,0.0012117161,0.0010905445,0.25272119,0.83834661,1.0910678,0.0,0.0,-0.0,0.0,1.0921584,1.0921584,0.18440524,0.18440524,0.0,0.0,0.0,0.0
2012-01-06 22:00:00,0.59369114,0.0,0.0,0.20537543,0.5936911356927059,0.8866629477778735,0.0,0.0,0.13517734,0.0,0.0,0.0,0.0,0.20537543,0.68128752,0.88666295,0.0,0.0,-0.0,0.0,0.88666295,0.88666295,0.0,0.0,0.0,0.0,0.0,0.0
2012-01-06 23:00:00,0.49807885,0.0,0.0,0.09900835,0.4980788544010547,0.42744663280496836,0.0,0.0,0.13517734,0.0,0.0,0.0,0.0,0.09900835,0.32843828,0.42744663,0.0,0.0,-0.0,0.0,0.42744663,0.42744663,0.0,0.0,0.0,0.0,0.0,0.0
2012-01-07 00:00:00,0.33678058,2.0877127,0.0,0.25272119,0.3367805762671659,2.9700092287684843,0.0,0.0,0.13517734,0.0,0.0,2.0877127,1.8789414,0.25272119,0.83834661,1.0910678,0.0,0.0,-0.0,0.0,2.9700092,2.9700092,0.0,0.0,0.0,0.0,0.0,0.0
2012-01-07 01:00:00,0.24852001,2.1737999,0.0,0.25272119,0.24852001238364832,3.0474877303885317,0.0,0.0,0.13517734,0.0,0.0,2.1737999,1.9564199,0.25272119,0.83834661,1.0910678,0.0,0.0,-0.0,0.0,3.0474877,3.0474877,0.0,0.0,0.0,0.0,0.0,0.0
2012-01-07 02:00:00,0.19537988,2.2598871,0.0,0.25272119,0.19537988111833446,3.1249662320085787,0.0,0.0,0.13517734,0.0,0.0,2.2598871,2.0338984,0.25272119,0.83834661,1.0910678,0.0,0.0,-0.0,0.0,3.1249662,3.1249662,0.0,0.0,0.0,0.0,0.0,0.0
2012-01-07 03:00:00,0.17696063,2.5324967,0.0,0.25272119,0.17696063261208655,3.3703148204720623,0.0,0.0,0.13517734,0.0,0.0,2.5324967,2.279247,0.25272119,0.83834661,1.0910678,0.0,0.0,-0.0,0.0,3.3703148,3.3703148,0.0,0.0,0.0,0.0,0.0,0.0
2012-01-07 04:00:00,0.17240576,3.278586,0.0,0.25272119,0.1724057642179168,4.041795167845806,0.0,0.0,0.13517734,0.0,0.0,3.278586,2.9507274,0.25272119,0.83834661,1.0910678,0.0,0.0,-0.0,0.0,4.0417952,4.0417952,0.0,0.0,0.0,0.0,0.0,0.0
2012-01-07 05:00:00,0.17284527,5.2442442,0.0,0.25272119,0.17284526906296827,5.810887621503555,0.0,0.0,0.13517734,0.0,0.0,5.2442442,4.7198198,0.25272119,0.83834661,1.0910678,0.0,0.0,-0.0,0.0,5.8108876,5.8108876,0.0,0.0,0.0,0.0,0.0,0.0
2012-01-07 06:00:00,0.18279406,7.0520759,0.0,0.25272119,0.18279406055549696,7.43793615552455,0.0,0.0,0.13517734,0.0,0.0,7.0520759,6.3468683,0.25272119,0.83834661,1.0910678,0.0,0.0,-0.0,0.0,7.4379362,7.4379362,0.0,0.0,0.0,0.0,0.0,0.0
2012-01-07 07:00:00,0.26194489,6.5068569,0.0,0.25272119,0.261944887650675,6.947238978597585,0.0,0.0,0.13517734,0.0,0.0,6.5068569,5.8561712,0.25272119,0.83834661,1.0910678,0.0,0.0,-0.0,0.0,6.947239,6.947239,0.0,0.0,0.0,0.0,0.0,0.0
2012-01-07 08:00:00,0.44553778,6.0980121,0.0,0.25272119,0.44437935333294803,6.598585721307371,0.0,0.0,0.13517734,0.0,0.0,6.0980121,5.4882109,0.25272119,0.83834661,1.0910678,0.0,0.0,-0.0,0.0,6.5792787,6.5792787,0.019307028,0.019307028,0.0,0.0011584217,0.020323188,0.019307028
2012-01-07 09:00:00,0.0,4.9879748,0.1398968,0.0,0.6374418452682838,6.301584798430523,0.0,0.0,0.13517734,0.61733983,0.61733983,4.9879748,4.4891773,0.25272119,0.83834661,1.0910678,1.5137429,1.5137429,0.25272119,0.25272119,6.1975849,6.1975849,0.10399986,0.10399986,1.6536397,0.0062399917,0.10947354,0.10399986
2012-01-07 10:00:00,0.0,4.6015429,0.26165552,0.0,0.7395268342779657,6.004583875553674,0.0,0.0,0.13517734,0.61733983,0.61733983,4.6015429,4.1413886,0.25272119,0.83834661,1.0910678,1.6188751,1.6188751,0.25272119,0.25272119,5.8497962,5.8497962,0.15478765,0.15478765,1.8805306,0.0092872591,0.16293437,0.15478765
2012-01-07 11:00:00,0.0,4.3504223,0.29531441,0.0,0.8198363559646432,5.785061454296873,0.0,0.0,0.13517734,0.61733983,0.61733983,4.3504223,3.9153801,0.25272119,0.83834661,1.0910678,1.6995738,1.6995738,0.25272119,0.25272119,5.6237877,5.6237877,0.16127372,0.16127372,1.9948882,0.0096764229,0.16976181,0.16127372
2012-01-07 12:00:00,0.0,4.5106065,0.0,0.0,0.830264607288137,5.668843701866803,0.0,0.0,0.13517734,0.36908468,0.36908468,4.5106065,4.0595458,0.25272119,0.83834661,1.0910678,1.4610192,1.4610192,0.25272119,0.25272119,5.5196983,5.5196983,0.14914537,0.14914537,1.4610192,0.0089487221,0.15699512,0.14914537
2012-01-07 13:00:00,0.0,4.9263658,0.0,0.20669518,0.6738408374357282,5.6559306182634606,0.0,0.0,0.13517734,0.0,0.0,4.9263658,4.4337292,0.25272119,0.83834661,1.0910678,0.72773487,0.72773487,0.046026016,0.046026016,5.524797,5.524797,0.13113359,0.13113359,0.72773487,0.0078680154,0.13803536,0.13113359
2012-01-07 14:00:00,0.0,5.1868528,0.0,0.0,0.5443067731032863,5.759235287090191,0.0,0.0,0.13517734,0.0,0.0,5.1868528,4.6681675,0.25272119,0.83834661,1.0910678,0.79702797,0.79702797,0.25272119,0.25272119,5.7592353,5.7592353,0.0,0.0,0.79702797,0.0,0.0,0.0
2012-01-07 15:00:00,0.25934554,5.3733751,0.0,0.25272119,0.48349528454252866,5.927105373933627,0.0,0.0,0.13517734,0.0,0.0,5.3733751,4.8360376,0.25272119,0.83834661,1.0910678,0.22414975,0.22414975,-0.0,0.0,5.9271054,5.9271054,0.0,0.0,0.22414975,0.0,0.0,0.0
2012-01-07 16:00:00,0.428717,5.7033761,0.0,0.25272119,0.4287169988547503,6.224106296810475,0.0,0.0,0.13517734,0.0,0.0,5.7033761,5.1330385,0.25272119,0.83834661,1.0910678,0.0,0.0,-0.0,0.0,6.2241063,6.2241063,0.0,0.0,0.0,0.0,0.0,0.0
2012-01-07 17:00:00,0.44649697,5.9759856,0.0,0.25272119,0.44649696758637786,6.469454885273959,0.0,0.0,0.13517734,0.0,0.0,5.9759856,5.3783871,0.25272119,0.83834661,1.0910678,0.0,0.0,-0.0,0.0,6.4694549,6.4694549,0.0,0.0,0.0,0.0,0.0,0.0
2012-01-07 18:00:00,0.54958083,6.047725,0.0,0.25272119,0.549580831243904,6.534020303290665,0.0,0.0,0.13517734,0.0,0.0,6.047725,5.4429525,0.25272119,0.83834661,1.0910678,0.0,0.0,-0.0,0.0,6.5340203,6.5340203,0.0,0.0,0.0,0.0,0.0,0.0
2012-01-07 19:00:00,0.64295563,6.0333771,0.0,0.25272119,0.642955633324384,6.521107219687324,0.0,0.0,0.13517734,0.0,0.0,6.0333771,5.4300394,0.25272119,0.83834661,1.0910678,0.0,0.0,-0.0,0.0,6.5211072,6.5211072,0.0,0.0,0.0,0.0,0.0,0.0
2012-01-07 20:00:00,0.61818354,5.7320718,0.0,0.25272119,0.6181835420578468,6.249932464017157,0.0,0.0,0.13517734,0.0,0.0,5.7320718,5.1588647,0.25272119,0.83834661,1.0910678,0.0,0.0,-0.0,0.0,6.2499325,6.2499325,0.0,0.0,0.0,0.0,0.0,0.0
2012-01-07 21:00:00,0.57503216,4.942939,0.0,0.25272119,0.5750321572709753,5.53971286583339,0.0,0.0,0.13517734,0.0,0.0,4.942939,4.4486451,0.25272119,0.83834661,1.0910678,0.0,0.0,-0.0,0.0,5.5397129,5.5397129,0.0,0.0,0.0,0.0,0.0,0.0
2012-01-07 22:00:00,0.5100254,3.1924987,0.0,0.25272119,0.5100253951892718,3.9643166662257596,0.0,0.0,0.13517734,0.0,0.0,3.1924987,2.8732489,0.25272119,0.83834661,1.0910678,0.0,0.0,-0.0,0.0,3.9643167,3.9643167,0.0,0.0,0.0,0.0,0.0,0.0
2012-01-07 23:00:00,,,,,,,,,,,,,,,,,,,,,,,,,,,,
