date,ID_electricity_bus_shortage_output1,ID_pellet_bus_shortage_output1,ID_oil_bus_shortage_output1,ID_pv_bus_excess_input1,ID_hp_electricity_bus_shortage_output1,ID_pv_to_ID_electricity_link_input1,ID_pv_to_ID_electricity_link_output1,ID_electricity_to_ID_hp_electricity_bus_input1,ID_electricity_to_ID_hp_electricity_bus_output1,ID_electricity_sink_input1,ID_heat_sink_input1,ID_photovoltaic_electricity_source_output1,ID_oilheating_transformer_input1,ID_oilheating_transformer_output1,ID_electricheating_transformer_input1,ID_electricheating_transformer_output1,ID_pelletheating_transformer_input1,ID_pelletheating_transformer_output1,ID_GCHP_transformer_input1,ID_GCHP_transformer_input2,ID_GCHP_transformer_output1
2012-01-01 00:00:00,0.2912219,0.0,0.0,0.0,0.3598282,0.0,0.0,-0.0,0.0,0.2912219035789898,1.5534785740157577,0.0,0.0,-0.0,0.0,0.0,0.0,-0.0,1.1936504,0.3598282,1.5534786
2012-01-01 01:00:00,0.21550721,0.0,0.0,0.0,0.38197147,0.0,0.0,-0.0,0.0,0.215507205272396,1.6490772554936506,0.0,0.0,-0.0,0.0,0.0,0.0,-0.0,1.2671058,0.38197147,1.6490773
2012-01-01 02:00:00,0.19752746,0.0,0.0,0.0,0.39857892,0.0,0.0,-0.0,0.0,0.19752746161119958,1.72077626660207,0.0,0.0,-0.0,0.0,0.0,0.0,-0.0,1.3221973,0.39857892,1.7207763
2012-01-01 03:00:00,0.19233331,0.0,0.0,0.0,0.45762765,0.0,0.0,-0.0,0.0,0.1923333134424095,1.9757060838764509,0.0,0.0,-0.0,0.0,0.0,0.0,-0.0,1.5180784,0.45762765,1.9757061
2012-01-01 04:00:00,0.19542982,0.0,0.0,0.0,0.60524948,0.0,0.0,-0.0,0.0,0.19542982485072669,2.6130306270624026,0.0,0.0,-0.0,0.0,0.0,0.0,-0.0,2.0077811,0.60524948,2.6130306
2012-01-01 05:00:00,0.23393644,0.0,0.0,0.0,0.89495731,0.0,0.0,-0.0,0.0,0.23393644252512233,3.8637800430648337,0.0,0.0,-0.0,0.0,0.0,0.0,-0.0,2.9688227,0.89495731,3.86378
2012-01-01 06:00:00,0.44994309,0.0,0.0,0.0,1.1440691,0.0,0.0,-0.0,0.0,0.4499430851214405,4.939265209691127,0.0,0.0,-0.0,0.0,0.0,0.0,-0.0,3.7951961,1.1440691,4.9392652
2012-01-01 07:00:00,0.64642173,0.0,0.0,0.0,1.0665677,0.0,0.0,-0.0,0.0,0.6464217283524036,4.604669824518503,0.0,0.0,-0.0,0.0,0.0,0.0,-0.0,3.5381021,1.0665677,4.6046698
2012-01-01 08:00:00,0.66674883,0.0,0.0,0.0,0.97245876,0.0,0.0,-0.0,0.0,0.666748827436034,4.198375428237458,0.0,0.0,-0.0,0.0,0.0,0.0,-0.0,3.2259167,0.97245876,4.1983754
2012-01-01 09:00:00,0.61540667,0.0,0.0,0.0,0.89680258,0.0,0.0,-0.0,0.0,0.6154066705368397,3.8717465998546574,0.0,0.0,-0.0,0.0,0.0,0.0,-0.0,2.974944,0.89680258,3.8717466
2012-01-01 10:00:00,0.57863765,0.0,0.0,0.0,0.83221803,0.0017584661,0.0017584661,-0.0,0.0,0.580396114129899,3.592917112210804,0.0017584661,0.0,-0.0,0.0,0.0,0.0,-0.0,2.7606991,0.83221803,3.5929171
2012-01-01 11:00:00,0.59093424,0.0,0.0,0.0,0.7934673,0.0,0.0,-0.0,0.0,0.5909342416646558,3.425619419624491,0.0,0.0,-0.0,0.0,0.0,0.0,-0.0,2.6321521,0.7934673,3.4256194
2012-01-01 12:00:00,0.65281453,0.0,0.0,0.0,0.78239567,0.0,0.0,-0.0,0.0,0.6528145260986068,3.377820078885545,0.0,0.0,-0.0,0.0,0.0,0.0,-0.0,2.5954244,0.78239567,3.3778201
2012-01-01 13:00:00,0.64677133,0.0,0.0,0.0,0.77870512,0.0,0.0,-0.0,0.0,0.6467713344791491,3.3618869653058963,0.0,0.0,-0.0,0.0,0.0,0.0,-0.0,2.5831818,0.77870512,3.361887
2012-01-01 14:00:00,0.57610095,0.0,0.0,0.0,0.80084839,0.0,0.0,-0.0,0.0,0.5761009531441688,3.457485646783789,0.0,0.0,-0.0,0.0,0.0,0.0,-0.0,2.6566373,0.80084839,3.4574856
2012-01-01 15:00:00,0.5235102,0.0,0.0,0.0,0.83590858,0.0,0.0,-0.0,0.0,0.5235102029351693,3.6088502257904524,0.0,0.0,-0.0,0.0,0.0,0.0,-0.0,2.7729416,0.83590858,3.6088502
2012-01-01 16:00:00,0.52545801,0.0,0.0,0.0,0.88388567,0.0,0.0,-0.0,0.0,0.5254580084984655,3.815980702325887,0.0,0.0,-0.0,0.0,0.0,0.0,-0.0,2.932095,0.88388567,3.8159807
2012-01-01 17:00:00,0.642626,0.0,0.0,0.0,0.94108913,0.0,0.0,-0.0,0.0,0.6426260046905955,4.062943962810443,0.0,0.0,-0.0,0.0,0.0,0.0,-0.0,3.1218548,0.94108913,4.062944
2012-01-01 18:00:00,0.83001489,0.0,0.0,0.0,0.96507767,0.0,0.0,-0.0,0.0,0.830014888626176,4.166509201078161,0.0,0.0,-0.0,0.0,0.0,0.0,-0.0,3.2014315,0.96507767,4.1665092
2012-01-01 19:00:00,0.93434735,0.0,0.0,0.0,0.97245876,0.0,0.0,-0.0,0.0,0.9343473455935075,4.198375428237458,0.0,0.0,-0.0,0.0,0.0,0.0,-0.0,3.2259167,0.97245876,4.1983754
2012-01-01 20:00:00,0.84025335,0.0,0.0,0.0,0.92817222,0.0,0.0,-0.0,0.0,0.8402533537665795,4.007178065281672,0.0,0.0,-0.0,0.0,0.0,0.0,-0.0,3.0790058,0.92817222,4.0071781
2012-01-01 21:00:00,0.7040568,0.0,0.0,0.0,0.80822949,0.0,0.0,-0.0,0.0,0.7040567955330165,3.489351873943087,0.0,0.0,-0.0,0.0,0.0,0.0,-0.0,2.6811224,0.80822949,3.4893519
2012-01-01 22:00:00,0.58269353,0.0,0.0,0.0,0.55173657,0.0,0.0,-0.0,0.0,0.5826935258199407,2.382000480157495,0.0,0.0,-0.0,0.0,0.0,0.0,-0.0,1.8302639,0.55173657,2.3820005
2012-01-01 23:00:00,0.4314639,0.0,0.0,0.0,0.40226947,0.0,0.0,-0.0,0.0,0.4314639041363219,1.7367093801817188,0.0,0.0,-0.0,0.0,0.0,0.0,-0.0,1.3344399,0.40226947,1.7367094
2012-01-02 00:00:00,0.39036021,0.0,0.0,0.0,0.68674023,0.0,0.0,-0.0,0.0,0.3903602123775312,2.9648489067732746,0.0,0.0,-0.0,0.0,0.0,0.0,-0.0,2.2781087,0.68674023,2.9648489
2012-01-02 01:00:00,0.28118321,0.0,0.0,0.0,0.70465519,0.0,0.0,-0.0,0.0,0.28118321336815516,3.042192791297795,0.0,0.0,-0.0,0.0,0.0,0.0,-0.0,2.3375376,0.70465519,3.0421928
2012-01-02 02:00:00,0.2250964,0.0,0.0,0.0,0.72257015,0.0,0.0,-0.0,0.0,0.2250964018917008,3.1195366758223146,0.0,0.0,-0.0,0.0,0.0,0.0,-0.0,2.3969665,0.72257015,3.1195367
2012-01-02 03:00:00,0.20536863,0.0,0.0,0.0,0.77930087,0.0,0.0,-0.0,0.0,0.20536862759677693,3.364458976816629,0.0,0.0,-0.0,0.0,0.0,0.0,-0.0,2.5851581,0.77930087,3.364459
2012-01-02 04:00:00,0.19343208,0.0,0.0,0.0,0.93456388,0.0,0.0,-0.0,0.0,0.1934320755550382,4.0347726426958035,0.0,0.0,-0.0,0.0,0.0,0.0,-0.0,3.1002088,0.93456388,4.0347726
2012-01-02 05:00:00,0.19288269,0.0,0.0,0.0,1.3436222,0.0,0.0,-0.0,0.0,0.19288269449872383,5.800791339339015,0.0,0.0,-0.0,0.0,0.0,0.0,-0.0,4.4571692,1.3436222,5.8007913
2012-01-02 06:00:00,0.20456953,0.48064712,0.88450491,0.0,1.4311529,0.0,0.0,-0.0,0.0,0.20456952787850152,7.425012914353938,0.0,0.88450491,0.81374451,0.0,0.0,0.48064712,0.43258241,4.7475331,1.4311529,6.178686
2012-01-02 07:00:00,0.24966872,0.48064712,0.35206512,0.0,1.4311529,0.0,0.0,-0.0,0.0,0.2496687182286692,6.935168312365311,0.0,0.35206512,0.32389991,0.0,0.0,0.48064712,0.43258241,4.7475331,1.4311529,6.178686
2012-01-02 08:00:00,0.44215186,0.45381649,0.0,0.0,1.4311529,0.0,0.0,-0.0,0.0,0.44215186286825536,6.58712083200497,0.0,0.0,-0.0,0.0,0.0,0.45381649,0.40843484,4.7475331,1.4311529,6.178686
2012-01-02 09:00:00,0.69172069,0.12438883,0.0,0.0,1.4311529,0.0,0.0,-0.0,0.0,0.6917206936321402,6.290635941327643,0.0,0.0,-0.0,0.0,0.0,0.12438883,0.11194995,4.7475331,1.4311529,6.178686
2012-01-02 10:00:00,0.86927626,0.0,0.0,0.0,1.3884096,0.00059373079,0.00059373079,-0.0,0.0,0.8698699870751614,5.9941510506503155,0.00059373079,0.0,-0.0,0.0,0.0,0.0,-0.0,4.6057415,1.3884096,5.9941511
2012-01-02 11:00:00,1.0112797,0.0,0.0,0.0,1.3376505,0.0014792834,0.0014792834,-0.0,0.0,1.0127590054492808,5.775010044497508,0.0014792834,0.0,-0.0,0.0,0.0,0.0,-0.0,4.4373595,1.3376505,5.77501
2012-01-02 12:00:00,1.0227659,0.0,0.0,0.0,1.3107781,0.0095710408,0.0095710408,-0.0,0.0,1.032336948547028,5.658994217710728,0.0095710408,0.0,-0.0,0.0,0.0,0.0,-0.0,4.3482161,1.3107781,5.6589942
2012-01-02 13:00:00,0.79789038,0.0,0.0,0.0,1.3077923,0.066236082,0.066236082,-0.0,0.0,0.8641264578500569,5.6461035702899744,0.066236082,0.0,-0.0,0.0,0.0,0.0,-0.0,4.3383113,1.3077923,5.6461036
2012-01-02 14:00:00,0.66937442,0.0,0.0,0.0,1.3316789,0.010459664,0.010459664,-0.0,0.0,0.6798340853227937,5.749228749656002,0.010459664,0.0,-0.0,0.0,0.0,0.0,-0.0,4.4175499,1.3316789,5.7492287
2012-01-02 15:00:00,0.58234392,0.0,0.0,0.0,1.3704946,0.0,0.0,-0.0,0.0,0.5823439196931952,5.916807166125796,0.0,0.0,-0.0,0.0,0.0,0.0,-0.0,4.5463125,1.3704946,5.9168072
2012-01-02 16:00:00,0.53289962,0.038451183,0.0,0.0,1.4311529,0.0,0.0,-0.0,0.0,0.532899624624905,6.213292056803123,0.0,0.0,-0.0,0.0,0.0,0.038451183,0.034606065,4.7475331,1.4311529,6.178686
2012-01-02 17:00:00,0.62779272,0.31058707,0.0,0.0,1.4311529,0.0,0.0,-0.0,0.0,0.6277927161701085,6.458214357797436,0.0,0.0,-0.0,0.0,0.0,0.31058707,0.27952837,4.7475331,1.4311529,6.178686
2012-01-02 18:00:00,0.78116992,0.38220178,0.0,0.0,1.4311529,0.0,0.0,-0.0,0.0,0.7811699183465924,6.522667594901203,0.0,0.0,-0.0,0.0,0.0,0.38220178,0.3439816,4.7475331,1.4311529,6.178686
2012-01-02 19:00:00,0.88045806,0.36787884,0.0,0.0,1.4311529,0.0,0.0,-0.0,0.0,0.8804580583423104,6.509776947480451,0.0,0.0,-0.0,0.0,0.0,0.36787884,0.33109096,4.7475331,1.4311529,6.178686
2012-01-02 20:00:00,0.79969904,0.067097066,0.0,0.0,1.4311529,0.0,0.0,-0.0,0.0,0.7996990430641032,6.239073351644629,0.0,0.0,-0.0,0.0,0.0,0.067097066,0.06038736,4.7475331,1.4311529,6.178686
2012-01-02 21:00:00,0.67693735,0.0,0.0,0.0,1.2809198,0.0,0.0,-0.0,0.0,0.6769373488440452,5.530087743503195,0.0,0.0,-0.0,0.0,0.0,0.0,-0.0,4.2491679,1.2809198,5.5300877
2012-01-02 22:00:00,0.57315427,0.0,0.0,0.0,0.91664891,0.0,0.0,-0.0,0.0,0.5731542729330282,3.957428758171284,0.0,0.0,-0.0,0.0,0.0,0.0,-0.0,3.0407798,0.91664891,3.9574288
2012-01-02 23:00:00,0.42272375,0.0,0.0,0.0,0.73152764,0.0,0.0,-0.0,0.0,0.42272375096768483,3.158208618084575,0.0,0.0,-0.0,0.0,0.0,0.0,-0.0,2.426681,0.73152764,3.1582086
2012-01-03 00:00:00,0.33482278,0.24580636,0.0,0.0,1.4311529,0.0,0.0,-0.0,0.0,0.3348227819573912,6.3999117172630635,0.0,0.0,-0.0,0.0,0.0,0.24580636,0.22122573,4.7475331,1.4311529,6.178686
2012-01-03 01:00:00,0.26405251,0.22040989,0.0,0.0,1.4311529,0.0,0.0,-0.0,0.0,0.26405251315762635,6.3770548897014105,0.0,0.0,-0.0,0.0,0.0,0.22040989,0.1983689,4.7475331,1.4311529,6.178686
2012-01-03 02:00:00,0.21026311,0.39818521,0.0,0.0,1.4311529,0.0,0.0,-0.0,0.0,0.21026311337121373,6.537052682632987,0.0,0.0,-0.0,0.0,0.0,0.39818521,0.35836669,4.7475331,1.4311529,6.178686
2012-01-03 03:00:00,0.19827662,0.48064712,0.093241385,0.0,1.4311529,0.0,0.0,-0.0,0.0,0.1982766175970828,6.697050475564563,0.0,0.093241385,0.085782074,0.0,0.0,0.48064712,0.43258241,4.7475331,1.4311529,6.178686
2012-01-03 04:00:00,0.19208359,0.48064712,0.51559581,0.0,1.4311529,0.0,0.0,-0.0,0.0,0.19208359478044845,7.0856165441126775,0.0,0.51559581,0.47434814,0.0,0.0,0.48064712,0.43258241,4.7475331,1.4311529,6.178686
2012-01-03 05:00:00,0.20017448,0.48064712,2.1801691,0.0,1.4311529,0.0,0.0,-0.0,0.0,0.20017447942798683,8.617023990743482,0.0,2.1801691,2.0057556,0.0,0.0,0.48064712,0.43258241,4.7475331,1.4311529,6.178686
2012-01-03 06:00:00,2.413743,0.48064712,5.4347826,0.0,1.4311529,0.0,0.0,-0.0,0.0,0.26520121900264726,13.759810192115586,0.0,5.4347826,5.0,2.1485418,2.1485418,0.48064712,0.43258241,4.7475331,1.4311529,6.178686
2012-01-03 07:00:00,1.0721369,0.48064712,5.4347826,0.0,1.4311529,0.0,0.0,-0.0,0.0,0.4092888869541797,12.274116400608088,0.0,5.4347826,5.0,0.662848,0.662848,0.48064712,0.43258241,4.7475331,1.4311529,6.178686
2012-01-03 08:00:00,0.59787642,0.48064712,5.4347826,0.0,1.4311529,0.0,0.0,-0.0,0.0,0.5978764204671733,11.611268401320128,0.0,5.4347826,5.0,0.0,0.0,0.48064712,0.43258241,4.7475331,1.4311529,6.178686
2012-01-03 09:00:00,0.0,0.48064712,4.731029,0.0,0.0,2.2378949,2.2378949,1.4311529,1.4311529,0.7078525191948247,11.062704539840439,2.2378949,4.731029,4.3525467,0.098889485,0.098889485,0.48064712,0.43258241,4.7475331,1.4311529,6.178686
2012-01-03 10:00:00,0.0,0.48064712,4.0138758,0.0,0.0,2.6540594,2.6540594,1.4311529,1.4311529,0.738517970883643,10.788422609100593,2.6540594,4.0138758,3.6927657,0.48438849,0.48438849,0.48064712,0.43258241,4.7475331,1.4311529,6.178686
2012-01-03 11:00:00,0.0,0.48064712,2.9569424,0.0,0.0,2.8848659,2.8848659,1.4311529,1.4311529,0.7740779083468982,10.011290472004363,2.8848659,2.9569424,2.720387,0.67963508,0.67963508,0.48064712,0.43258241,4.7475331,1.4311529,6.178686
2012-01-03 12:00:00,0.0,0.48064712,2.6903912,0.0,0.0,2.8680821,2.8680821,1.4311529,1.4311529,0.8320625816542567,9.691294886141211,2.8680821,2.6903912,2.4751599,0.60486656,0.60486656,0.48064712,0.43258241,4.7475331,1.4311529,6.178686
2012-01-03 13:00:00,0.0,0.48064712,2.936273,0.0,0.0,2.5921617,2.5921617,1.4311529,1.4311529,0.8280670830628797,9.645581231017903,2.5921617,2.936273,2.7013712,0.33294166,0.33294166,0.48064712,0.43258241,4.7475331,1.4311529,6.178686
2012-01-03 14:00:00,0.0,0.48064712,3.223633,0.0,0.1193893,2.0781502,2.0781502,1.3117636,1.3117636,0.7663865735584976,9.577010748332942,2.0781502,3.223633,2.9657423,0.0,0.0,0.48064712,0.43258241,4.7475331,1.4311529,6.178686
2012-01-03 15:00:00,0.71819087,0.48064712,3.7702093,0.0,1.4311529,0.0,0.0,-0.0,0.0,0.7181908718000126,10.079860954689325,0.0,3.7702093,3.4685926,0.0,0.0,0.48064712,0.43258241,4.7475331,1.4311529,6.178686
2012-01-03 16:00:00,0.7227857,0.48064712,4.6894513,0.0,1.4311529,0.0,0.0,-0.0,0.0,0.7227856951800962,10.925563574470516,0.0,4.6894513,4.3142952,0.0,0.0,0.48064712,0.43258241,4.7475331,1.4311529,6.178686
2012-01-03 17:00:00,0.90143443,0.48064712,4.9627394,0.0,1.4311529,0.0,0.0,-0.0,0.0,0.9014344259470396,11.176988677648707,0.0,4.9627394,4.5657203,0.0,0.0,0.48064712,0.43258241,4.7475331,1.4311529,6.178686
2012-01-03 18:00:00,1.0458717,0.48064712,4.6894513,0.0,1.4311529,0.0,0.0,-0.0,0.0,1.0458717000253175,10.925563574470516,0.0,4.6894513,4.3142952,0.0,0.0,0.48064712,0.43258241,4.7475331,1.4311529,6.178686
2012-01-03 19:00:00,1.0494177,0.48064712,4.6149181,0.0,1.4311529,0.0,0.0,-0.0,0.0,1.0494177050251645,10.856993091785554,0.0,4.6149181,4.2457247,0.0,0.0,0.48064712,0.43258241,4.7475331,1.4311529,6.178686
2012-01-03 20:00:00,0.85883242,0.48064712,4.3664744,0.0,1.4311529,0.0,0.0,-0.0,0.0,0.8588324222164825,10.628424816169016,0.0,4.3664744,4.0171564,0.0,0.0,0.48064712,0.43258241,4.7475331,1.4311529,6.178686
2012-01-03 21:00:00,0.66969551,0.48064712,3.3478549,0.0,1.4311529,0.0,0.0,-0.0,0.0,0.6696955076471746,9.691294886141211,0.0,3.3478549,3.0800265,0.0,0.0,0.48064712,0.43258241,4.7475331,1.4311529,6.178686
2012-01-03 22:00:00,0.61181072,0.48064712,1.1615496,0.0,1.4311529,0.0,0.0,-0.0,0.0,0.6118107218046005,7.679894060715675,0.0,1.1615496,1.0686257,0.0,0.0,0.48064712,0.43258241,4.7475331,1.4311529,6.178686
2012-01-03 23:00:00,0.51896532,0.32199579,0.0,0.0,1.4311529,0.0,0.0,-0.0,0.0,0.5189653232874778,6.468482199948024,0.0,0.0,-0.0,0.0,0.0,0.32199579,0.28979621,4.7475331,1.4311529,6.178686
2012-01-04 00:00:00,0.2912219,0.0,0.0,0.0,0.38375184,0.0,0.0,-0.0,0.0,0.2912219035789898,1.6567636280807856,0.0,0.0,-0.0,0.0,0.0,0.0,-0.0,1.2730118,0.38375184,1.6567636
2012-01-04 01:00:00,0.21550721,0.0,0.0,0.0,0.40736734,0.0,0.0,-0.0,0.0,0.215507205272396,1.758718312885757,0.0,0.0,-0.0,0.0,0.0,0.0,-0.0,1.351351,0.40736734,1.7587183
2012-01-04 02:00:00,0.19752746,0.0,0.0,0.0,0.42507897,0.0,0.0,-0.0,0.0,0.19752746161119958,1.8351843264894858,0.0,0.0,-0.0,0.0,0.0,0.0,-0.0,1.4101054,0.42507897,1.8351843
2012-01-04 03:00:00,0.19233331,0.0,0.0,0.0,0.48805363,0.0,0.0,-0.0,0.0,0.1923333134424095,2.1070634859694097,0.0,0.0,-0.0,0.0,0.0,0.0,-0.0,1.6190099,0.48805363,2.1070635
2012-01-04 04:00:00,0.19542982,0.0,0.0,0.0,0.64549028,0.0,0.0,-0.0,0.0,0.19542982485072669,2.7867613846692194,0.0,0.0,-0.0,0.0,0.0,0.0,-0.0,2.1412711,0.64549028,2.7867614
2012-01-04 05:00:00,0.23393644,0.0,0.0,0.0,0.95445971,0.0,0.0,-0.0,0.0,0.23393644252512233,4.120668510867596,0.0,0.0,-0.0,0.0,0.0,0.0,-0.0,3.1662088,0.95445971,4.1206685
2012-01-04 06:00:00,0.44994309,0.0,0.0,0.0,1.2201341,0.0,0.0,-0.0,0.0,0.4499430851214405,5.267658714923524,0.0,0.0,-0.0,0.0,0.0,0.0,-0.0,4.0475246,1.2201341,5.2676587
2012-01-04 07:00:00,0.64642173,0.0,0.0,0.0,1.1374798,0.0,0.0,-0.0,0.0,0.6464217283524036,4.910817318106123,0.0,0.0,-0.0,0.0,0.0,0.0,-0.0,3.7733375,1.1374798,4.9108173
2012-01-04 08:00:00,0.66674883,0.0,0.0,0.0,1.037114,0.0,0.0,-0.0,0.0,0.666748827436034,4.477509907684995,0.0,0.0,-0.0,0.0,0.0,0.0,-0.0,3.440396,1.037114,4.4775099
2012-01-04 09:00:00,0.35541402,0.0,0.0,0.0,0.95642767,0.25999265,0.25999265,-0.0,0.0,0.6154066705368397,4.129164734601343,0.25999265,0.0,-0.0,0.0,0.0,0.0,-0.0,3.1727371,0.95642767,4.1291647
2012-01-04 10:00:00,0.22344681,0.0,0.0,0.0,0.88754914,0.3569493,0.3569493,-0.0,0.0,0.580396114129899,3.8317969039201767,0.3569493,0.0,-0.0,0.0,0.0,0.0,-0.0,2.9442478,0.88754914,3.8317969
2012-01-04 11:00:00,0.1997829,0.0,0.0,0.0,0.84622201,0.39115134,0.39115134,-0.0,0.0,0.5909342416646558,3.653376205511476,0.39115134,0.0,-0.0,0.0,0.0,0.0,-0.0,2.8071542,0.84622201,3.6533762
2012-01-04 12:00:00,0.2749729,0.0,0.0,0.0,0.83441426,0.37784163,0.37784163,-0.0,0.0,0.6528145260986068,3.6023988631089905,0.37784163,0.0,-0.0,0.0,0.0,0.0,-0.0,2.7679846,0.83441426,3.6023989
2012-01-04 13:00:00,0.32755217,0.0,0.0,0.0,0.83047835,0.31921917,0.31921917,-0.0,0.0,0.6467713344791491,3.5854064156414958,0.31921917,0.0,-0.0,0.0,0.0,0.0,-0.0,2.7549281,0.83047835,3.5854064
2012-01-04 14:00:00,0.36386711,0.0,0.0,0.0,0.85409385,0.21223385,0.21223385,-0.0,0.0,0.5761009531441688,3.687361100446467,0.21223385,0.0,-0.0,0.0,0.0,0.0,-0.0,2.8332673,0.85409385,3.6873611
2012-01-04 15:00:00,0.5235102,0.0,0.0,0.0,0.89148505,0.0,0.0,-0.0,0.0,0.5235102029351693,3.8487893513876714,0.0,0.0,-0.0,0.0,0.0,0.0,-0.0,2.9573043,0.89148505,3.8487894
2012-01-04 16:00:00,0.52545801,0.0,0.0,0.0,0.94265196,0.0,0.0,-0.0,0.0,0.5254580084984655,4.069691168465109,0.0,0.0,-0.0,0.0,0.0,0.0,-0.0,3.1270392,0.94265196,4.0696912
2012-01-04 17:00:00,0.642626,0.0,0.0,0.0,1.0036587,0.0,0.0,-0.0,0.0,0.6426260046905955,4.333074104211286,0.0,0.0,-0.0,0.0,0.0,0.0,-0.0,3.3294154,1.0036587,4.3330741
2012-01-04 18:00:00,0.83001489,0.0,0.0,0.0,1.0292421,0.0,0.0,-0.0,0.0,0.830014888626176,4.443525012750005,0.0,0.0,-0.0,0.0,0.0,0.0,-0.0,3.4142829,1.0292421,4.443525
2012-01-04 19:00:00,0.93434735,0.0,0.0,0.0,1.037114,0.0,0.0,-0.0,0.0,0.9343473455935075,4.477509907684995,0.0,0.0,-0.0,0.0,0.0,0.0,-0.0,3.440396,1.037114,4.4775099
2012-01-04 20:00:00,0.84025335,0.0,0.0,0.0,0.98988296,0.0,0.0,-0.0,0.0,0.8402533537665795,4.273600538075052,0.0,0.0,-0.0,0.0,0.0,0.0,-0.0,3.2837176,0.98988296,4.2736005
2012-01-04 21:00:00,0.7040568,0.0,0.0,0.0,0.86196568,0.0,0.0,-0.0,0.0,0.7040567955330165,3.7213459953814567,0.0,0.0,-0.0,0.0,0.0,0.0,-0.0,2.8593803,0.86196568,3.721346
2012-01-04 22:00:00,0.58269353,0.0,0.0,0.0,0.58841949,0.0,0.0,-0.0,0.0,0.5826935258199407,2.540370896390538,0.0,0.0,-0.0,0.0,0.0,0.0,-0.0,1.9519514,0.58841949,2.5403709
2012-01-04 23:00:00,0.4314639,0.0,0.0,0.0,0.42901488,0.0,0.0,-0.0,0.0,0.4314639041363219,1.8521767739569808,0.0,0.0,-0.0,0.0,0.0,0.0,-0.0,1.4231619,0.42901488,1.8521768
2012-01-05 00:00:00,0.33252537,0.0,0.0,0.0,0.4347532,0.0,0.0,-0.0,0.0,0.33252537026734935,1.876950676557445,0.0,0.0,-0.0,0.0,0.0,0.0,-0.0,1.4421975,0.4347532,1.8769507
2012-01-05 01:00:00,0.24557333,0.0,0.0,0.0,0.46150724,0.0,0.0,-0.0,0.0,0.24557333217250782,1.9924553335763648,0.0,0.0,-0.0,0.0,0.0,0.0,-0.0,1.5309481,0.46150724,1.9924553
2012-01-05 02:00:00,0.22120079,0.0,0.0,0.0,0.48157277,0.0,0.0,-0.0,0.0,0.2212007907651082,2.079083826340555,0.0,0.0,-0.0,0.0,0.0,0.0,-0.0,1.5975111,0.48157277,2.0790838
2012-01-05 03:00:00,0.21530743,0.0,0.0,0.0,0.55291689,0.0,0.0,-0.0,0.0,0.21530743034282715,2.387096245057674,0.0,0.0,-0.0,0.0,0.0,0.0,-0.0,1.8341794,0.55291689,2.3870962
2012-01-05 04:00:00,0.22010203,0.0,0.0,0.0,0.73127717,0.0,0.0,-0.0,0.0,0.22010202865247955,3.1571272918504723,0.0,0.0,-0.0,0.0,0.0,0.0,-0.0,2.4258501,0.73127717,3.1571273
2012-01-05 05:00:00,0.26290381,0.0,0.0,0.0,1.0813092,0.0,0.0,-0.0,0.0,0.26290380731260543,4.6683132211813385,0.0,0.0,-0.0,0.0,0.0,0.0,-0.0,3.587004,1.0813092,4.6683132
2012-01-05 06:00:00,0.46402722,0.0,0.0,0.0,1.3822922,0.0,0.0,-0.0,0.0,0.4640272176560443,5.967740612644184,0.0,0.0,-0.0,0.0,0.0,0.0,-0.0,4.5854484,1.3822922,5.9677406
2012-01-05 07:00:00,0.6478701,0.0,0.0,0.0,1.2886531,0.0,0.0,-0.0,0.0,0.6478700965917779,5.563474313077965,0.0,0.0,-0.0,0.0,0.0,0.0,-0.0,4.2748213,1.2886531,5.5634743
2012-01-05 08:00:00,0.68657649,0.0,0.0,0.0,1.1749484,0.0,0.0,-0.0,0.0,0.6865764891957423,5.072579520747557,0.0,0.0,-0.0,0.0,0.0,0.0,-0.0,3.8976311,1.1749484,5.0725795
2012-01-05 09:00:00,0.0,0.0,0.0,0.94068904,0.0,1.7626237,1.7626237,1.0835387,1.0835387,0.6790849293369104,4.677938609266247,2.7033127,0.0,-0.0,0.0,0.0,0.0,-0.0,3.5943999,1.0835387,4.6779386
2012-01-05 10:00:00,0.0,0.0,0.0,1.3202924,0.0,1.6649632,1.6649632,1.0055061,1.0055061,0.659457042506771,4.341050026294399,2.9852556,0.0,-0.0,0.0,0.0,0.0,-0.0,3.3355439,1.0055061,4.34105
2012-01-05 11:00:00,0.0,0.0,0.0,1.5421996,0.0,1.6243366,1.6243366,0.95868653,0.95868653,0.6656500653234054,4.138916876511289,3.1665362,0.0,-0.0,0.0,0.0,0.0,-0.0,3.1802303,0.95868653,4.1389169
2012-01-05 12:00:00,0.0,0.0,0.0,1.4574429,0.0,1.6925177,1.6925177,0.94530951,0.94530951,0.747208180319888,4.08116454800183,3.1499606,0.0,-0.0,0.0,0.0,0.0,-0.0,3.135855,0.94530951,4.0811645
2012-01-05 13:00:00,0.0,0.0,0.0,1.2615965,0.0,1.6683309,1.6683309,0.94085051,0.94085051,0.7274804060249641,4.0619137718320095,2.9299274,0.0,-0.0,0.0,0.0,0.0,-0.0,3.1210633,0.94085051,4.0619138
2012-01-05 14:00:00,0.0,0.0,0.0,0.95915292,0.0,1.6007912,1.6007912,0.96760455,0.96760455,0.6331866392684673,4.177418428850929,2.5599441,0.0,-0.0,0.0,0.0,0.0,-0.0,3.2098139,0.96760455,4.1774184
2012-01-05 15:00:00,0.1966254,0.0,0.0,0.0,1.0099651,0.3699363,0.3699363,-0.0,0.0,0.5665617002572562,4.360300802464219,0.3699363,0.0,-0.0,0.0,0.0,0.0,-0.0,3.3503357,1.0099651,4.3603008
2012-01-05 16:00:00,0.53010278,0.0,0.0,0.0,1.0679322,0.0,0.0,-0.0,0.0,0.5301027756109412,4.610560892671877,0.0,0.0,-0.0,0.0,0.0,0.0,-0.0,3.5426287,1.0679322,4.6105609
2012-01-05 17:00:00,0.58099544,0.0,0.0,0.0,1.1370468,0.0,0.0,-0.0,0.0,0.5809954389186055,4.908947923304088,0.0,0.0,-0.0,0.0,0.0,0.0,-0.0,3.7719011,1.1370468,4.9089479
2012-01-05 18:00:00,0.72343496,0.0,0.0,0.0,1.1660304,0.0,0.0,-0.0,0.0,0.723434963701195,5.034077968407916,0.0,0.0,-0.0,0.0,0.0,0.0,-0.0,3.8680476,1.1660304,5.034078
2012-01-05 19:00:00,0.85848282,0.0,0.0,0.0,1.1749484,0.0,0.0,-0.0,0.0,0.858482816089737,5.072579520747557,0.0,0.0,-0.0,0.0,0.0,0.0,-0.0,3.8976311,1.1749484,5.0725795
2012-01-05 20:00:00,0.83930442,0.0,0.0,0.0,1.1214403,0.0,0.0,-0.0,0.0,0.8393044228511274,4.841570206709717,0.0,0.0,-0.0,0.0,0.0,0.0,-0.0,3.7201299,1.1214403,4.8415702
2012-01-05 21:00:00,0.77887251,0.0,0.0,0.0,0.97652256,0.0,0.0,-0.0,0.0,0.7788725066565506,4.215919981190569,0.0,0.0,-0.0,0.0,0.0,0.0,-0.0,3.2393974,0.97652256,4.21592
2012-01-05 22:00:00,0.67763656,0.0,0.0,0.0,0.66662157,0.0,0.0,-0.0,0.0,0.6776365610975362,2.8779910373880826,0.0,0.0,-0.0,0.0,0.0,0.0,-0.0,2.2113695,0.66662157,2.877991
2012-01-05 23:00:00,0.5007858,0.0,0.0,0.0,0.48603178,0.0,0.0,-0.0,0.0,0.5007858046967126,2.0983346025103744,0.0,0.0,-0.0,0.0,0.0,0.0,-0.0,1.6123028,0.48603178,2.0983346
2012-01-06 00:00:00,0.33252537,0.0,0.0,0.0,0.42591148,0.0,0.0,-0.0,0.0,0.33252537026734935,1.8387785250671755,0.0,0.0,-0.0,0.0,0.0,0.0,-0.0,1.412867,0.42591148,1.8387785
2012-01-06 01:00:00,0.24557333,0.0,0.0,0.0,0.45212142,0.0,0.0,-0.0,0.0,0.24557333217250782,1.9519341266097712,0.0,0.0,-0.0,0.0,0.0,0.0,-0.0,1.4998127,0.45212142,1.9519341
2012-01-06 02:00:00,0.22120079,0.0,0.0,0.0,0.47177887,0.0,0.0,-0.0,0.0,0.2212007907651082,2.036800827766718,0.0,0.0,-0.0,0.0,0.0,0.0,-0.0,1.565022,0.47177887,2.0368008
2012-01-06 03:00:00,0.21530743,0.0,0.0,0.0,0.54167204,0.0,0.0,-0.0,0.0,0.21530743034282715,2.338549098546972,0.0,0.0,-0.0,0.0,0.0,0.0,-0.0,1.7968771,0.54167204,2.3385491
2012-01-06 04:00:00,0.22010203,0.0,0.0,0.0,0.71640495,0.0,0.0,-0.0,0.0,0.22010202865247955,3.0929197754976085,0.0,0.0,-0.0,0.0,0.0,0.0,-0.0,2.3765148,0.71640495,3.0929198
2012-01-06 05:00:00,0.26290381,0.0,0.0,0.0,1.0593183,0.0,0.0,-0.0,0.0,0.26290380731260543,4.573372229013232,0.0,0.0,-0.0,0.0,0.0,0.0,-0.0,3.5140539,1.0593183,4.5733722
2012-01-06 06:00:00,0.46402722,0.0,0.0,0.0,1.3541801,0.0,0.0,-0.0,0.0,0.4640272176560443,5.84637274636743,0.0,0.0,-0.0,0.0,0.0,0.0,-0.0,4.4921927,1.3541801,5.8463727
2012-01-06 07:00:00,0.6478701,0.0,0.0,0.0,1.2624453,0.0,0.0,-0.0,0.0,0.6478700965917779,5.450328140968346,0.0,0.0,-0.0,0.0,0.0,0.0,-0.0,4.1878828,1.2624453,5.4503281
2012-01-06 08:00:00,0.68657649,0.0,0.0,0.0,1.1510531,0.0,0.0,-0.0,0.0,0.6865764891957423,4.969416834412316,0.0,0.0,-0.0,0.0,0.0,0.0,-0.0,3.8183638,1.1510531,4.9694168
2012-01-06 09:00:00,0.44521919,0.0,0.0,0.0,1.0615025,0.23386573,0.23386573,-0.0,0.0,0.6790849293369104,4.582801862475114,0.23386573,0.0,-0.0,0.0,0.0,0.0,-0.0,3.5212994,1.0615025,4.5828019
2012-01-06 10:00:00,0.48393869,0.0,0.0,0.0,0.98505681,0.17551836,0.17551836,-0.0,0.0,0.659457042506771,4.252764691309212,0.17551836,0.0,-0.0,0.0,0.0,0.0,-0.0,3.2677079,0.98505681,4.2527647
2012-01-06 11:00:00,0.37323117,0.0,0.0,0.0,0.93918942,0.2924189,0.2924189,-0.0,0.0,0.6656500653234054,4.054742388609669,0.2924189,0.0,-0.0,0.0,0.0,0.0,-0.0,3.115553,0.93918942,4.0547424
2012-01-06 12:00:00,0.46083951,0.0,0.0,0.0,0.92608445,0.28636867,0.28636867,-0.0,0.0,0.747208180319888,3.998164587838372,0.28636867,0.0,-0.0,0.0,0.0,0.0,-0.0,3.0720801,0.92608445,3.9981646
2012-01-06 13:00:00,0.61137636,0.0,0.0,0.0,0.92171613,0.11610405,0.11610405,-0.0,0.0,0.7274804060249641,3.979305320914606,0.11610405,0.0,-0.0,0.0,0.0,0.0,-0.0,3.0575892,0.92171613,3.9793053
2012-01-06 14:00:00,0.31520676,0.0,0.0,0.0,0.94792606,0.31797988,0.31797988,-0.0,0.0,0.6331866392684673,4.092460922457201,0.31797988,0.0,-0.0,0.0,0.0,0.0,-0.0,3.1445349,0.94792606,4.0924609
2012-01-06 15:00:00,0.45801858,0.0,0.0,0.0,0.98942513,0.10854312,0.10854312,-0.0,0.0,0.5665617002572562,4.271623958232977,0.10854312,0.0,-0.0,0.0,0.0,0.0,-0.0,3.2821988,0.98942513,4.271624
2012-01-06 16:00:00,0.53010278,0.0,0.0,0.0,1.0462133,0.0,0.0,-0.0,0.0,0.5301027756109412,4.5167944282419334,0.0,0.0,-0.0,0.0,0.0,0.0,-0.0,3.4705811,1.0462133,4.5167944
2012-01-06 17:00:00,0.58099544,0.0,0.0,0.0,1.1139223,0.0,0.0,-0.0,0.0,0.5809954389186055,4.809113065560306,0.0,0.0,-0.0,0.0,0.0,0.0,-0.0,3.6951907,1.1139223,4.8091131
2012-01-06 18:00:00,0.72343496,0.0,0.0,0.0,1.1423164,0.0,0.0,-0.0,0.0,0.723434963701195,4.931698300564784,0.0,0.0,-0.0,0.0,0.0,0.0,-0.0,3.7893819,1.1423164,4.9316983
2012-01-06 19:00:00,0.85848282,0.0,0.0,0.0,1.1510531,0.0,0.0,-0.0,0.0,0.858482816089737,4.969416834412316,0.0,0.0,-0.0,0.0,0.0,0.0,-0.0,3.8183638,1.1510531,4.9694168
2012-01-06 20:00:00,0.83930442,0.0,0.0,0.0,1.0986332,0.0,0.0,-0.0,0.0,0.8393044228511274,4.743105631327125,0.0,0.0,-0.0,0.0,0.0,0.0,-0.0,3.6444724,1.0986332,4.7431056
2012-01-06 21:00:00,0.77887251,0.0,0.0,0.0,0.95666271,0.0,0.0,-0.0,0.0,0.7788725066565506,4.130179456304734,0.0,0.0,-0.0,0.0,0.0,0.0,-0.0,3.1735167,0.95666271,4.1301795
2012-01-06 22:00:00,0.67763656,0.0,0.0,0.0,0.65306427,0.0,0.0,-0.0,0.0,0.6776365610975362,2.8194604051030026,0.0,0.0,-0.0,0.0,0.0,0.0,-0.0,2.1663961,0.65306427,2.8194604
2012-01-06 23:00:00,0.5007858,0.0,0.0,0.0,0.47614719,0.0,0.0,-0.0,0.0,0.5007858046967126,2.0556600946904835,0.0,0.0,-0.0,0.0,0.0,0.0,-0.0,1.5795129,0.47614719,2.0556601
2012-01-07 00:00:00,0.33252537,0.0,0.0,0.0,0.05938552,0.0,0.0,-0.0,0.0,0.33252537026734935,0.2563838363159318,0.0,0.0,-0.0,0.0,0.0,0.0,-0.0,0.19699832,0.05938552,0.25638384
2012-01-07 01:00:00,0.24557333,0.0,0.0,0.0,0.063671073,0.0,0.0,-0.0,0.0,0.24557333217250782,0.2748857626480093,0.0,0.0,-0.0,0.0,0.0,0.0,-0.0,0.21121469,0.063671073,0.27488576
2012-01-07 02:00:00,0.22120079,0.0,0.0,0.0,0.067956626,0.0,0.0,-0.0,0.0,0.2212007907651082,0.29338768898008694,0.0,0.0,-0.0,0.0,0.0,0.0,-0.0,0.22543106,0.067956626,0.29338769
2012-01-07 03:00:00,0.21530743,0.0,0.0,0.0,0.098567719,0.0,0.0,-0.0,0.0,0.21530743034282715,0.4255443056377837,0.0,0.0,-0.0,0.0,0.0,0.0,-0.0,0.32697659,0.098567719,0.42554431
2012-01-07 04:00:00,0.22010203,0.0,0.0,0.0,0.17815656,0.0,0.0,-0.0,0.0,0.22010202865247955,0.7691515089477955,0.0,0.0,-0.0,0.0,0.0,0.0,-0.0,0.59099495,0.17815656,0.76915151
2012-01-07 05:00:00,0.26290381,0.0,0.0,0.0,0.40712754,0.0,0.0,-0.0,0.0,0.26290380731260543,1.7576830015473675,0.0,0.0,-0.0,0.0,0.0,0.0,-0.0,1.3505555,0.40712754,1.757683
2012-01-07 06:00:00,0.46402722,0.0,0.0,0.0,0.5069197,0.0,0.0,-0.0,0.0,0.4640272176560443,2.188513571851459,0.0,0.0,-0.0,0.0,0.0,0.0,-0.0,1.6815939,0.5069197,2.1885136
2012-01-07 07:00:00,0.6478701,0.0,0.0,0.0,0.46100306,0.0,0.0,-0.0,0.0,0.6478700965917779,1.9902786468649138,0.0,0.0,-0.0,0.0,0.0,0.0,-0.0,1.5292756,0.46100306,1.9902786
2012-01-07 08:00:00,0.68657649,0.0,0.0,0.0,0.37161867,0.0,0.0,-0.0,0.0,0.6865764891957423,1.604381326224439,0.0,0.0,-0.0,0.0,0.0,0.0,-0.0,1.2327627,0.37161867,1.6043813
2012-01-07 09:00:00,0.0,0.0,0.0,1.8868693,0.0,1.046418,1.046418,0.36733311,0.36733311,0.6790849293369104,1.5858793998923615,2.9332874,0.0,-0.0,0.0,0.0,0.0,-0.0,1.2185463,0.36733311,1.5858794
2012-01-07 10:00:00,0.0,0.0,0.0,2.1750563,0.0,0.97107797,0.97107797,0.31162093,0.31162093,0.659457042506771,1.3453543575753535,3.1461342,0.0,-0.0,0.0,0.0,0.0,-0.0,1.0337334,0.31162093,1.3453544
2012-01-07 11:00:00,0.0,0.0,0.0,2.360208,0.0,0.960741,0.960741,0.29509094,0.29509094,0.6656500653234054,1.273989784580197,3.320949,0.0,-0.0,0.0,0.0,0.0,-0.0,0.97889885,0.29509094,1.2739898
2012-01-07 12:00:00,0.0,0.0,0.0,2.0128641,0.0,1.0178102,1.0178102,0.27060206,0.27060206,0.747208180319888,1.1682644912540399,3.0306743,0.0,-0.0,0.0,0.0,0.0,-0.0,0.89766243,0.27060206,1.1682645
2012-01-07 13:00:00,0.0,0.0,0.0,1.6121524,0.0,0.96992026,0.96992026,0.24243986,0.24243986,0.7274804060249641,1.0466804039289588,2.5820726,0.0,-0.0,0.0,0.0,0.0,-0.0,0.80424055,0.24243986,1.0466804
2012-01-07 14:00:00,0.0,0.0,0.0,1.7151716,0.0,0.86399428,0.86399428,0.23080764,0.23080764,0.6331866392684673,0.9964608895990339,2.5791659,0.0,-0.0,0.0,0.0,0.0,-0.0,0.76565325,0.23080764,0.99646089
2012-01-07 15:00:00,0.0,0.0,0.0,0.0022507391,0.0,0.78573713,0.78573713,0.21917542,0.21917542,0.5665617002572562,0.9462413752691091,0.78798786,0.0,-0.0,0.0,0.0,0.0,-0.0,0.72706595,0.21917542,0.94624138
2012-01-07 16:00:00,0.53010278,0.0,0.0,0.0,0.24427652,0.0,0.0,-0.0,0.0,0.5301027756109412,1.0546098009284206,0.0,0.0,-0.0,0.0,0.0,0.0,-0.0,0.81033328,0.24427652,1.0546098
2012-01-07 17:00:00,0.58099544,0.0,0.0,0.0,0.26141873,0.0,0.0,-0.0,0.0,0.5809954389186055,1.1286175062567307,0.0,0.0,-0.0,0.0,0.0,0.0,-0.0,0.86719877,0.26141873,1.1286175
2012-01-07 18:00:00,0.72343496,0.0,0.0,0.0,0.28039761,0.0,0.0,-0.0,0.0,0.723434963701195,1.2105546085845027,0.0,0.0,-0.0,0.0,0.0,0.0,-0.0,0.930157,0.28039761,1.2105546
2012-01-07 19:00:00,0.85848282,0.0,0.0,0.0,0.31529426,0.0,0.0,-0.0,0.0,0.858482816089737,1.3612131515742771,0.0,0.0,-0.0,0.0,0.0,0.0,-0.0,1.0459189,0.31529426,1.3612132
2012-01-07 20:00:00,0.83930442,0.0,0.0,0.0,0.31835537,0.0,0.0,-0.0,0.0,0.8393044228511274,1.3744288132400468,0.0,0.0,-0.0,0.0,0.0,0.0,-0.0,1.0560734,0.31835537,1.3744288
2012-01-07 21:00:00,0.77887251,0.0,0.0,0.0,0.27060206,0.0,0.0,-0.0,0.0,0.7788725066565506,1.1682644912540399,0.0,0.0,-0.0,0.0,0.0,0.0,-0.0,0.89766243,0.27060206,1.1682645
2012-01-07 22:00:00,0.67763656,0.0,0.0,0.0,0.18795211,0.0,0.0,-0.0,0.0,0.6776365610975362,0.8114416262782584,0.0,0.0,-0.0,0.0,0.0,0.0,-0.0,0.62348952,0.18795211,0.81144163
2012-01-07 23:00:00,0.5007858,0.0,0.0,0.0,0.090608835,0.0,0.0,-0.0,0.0,0.5007858046967126,0.3911835853067826,0.0,0.0,-0.0,0.0,0.0,0.0,-0.0,0.30057475,0.090608835,0.39118359
2012-01-08 00:00:00,0.36783559,0.0,0.0,0.0,0.073235796,0.0,0.0,-0.0,0.0,0.3678355890686435,0.3161793351269989,0.0,0.0,-0.0,0.0,0.0,0.0,-0.0,0.24294354,0.073235796,0.31617934
2012-01-08 01:00:00,0.27389143,0.0,0.0,0.0,0.078520853,0.0,0.0,-0.0,0.0,0.2738914284388922,0.33899640054853486,0.0,0.0,-0.0,0.0,0.0,0.0,-0.0,0.26047555,0.078520853,0.3389964
2012-01-08 02:00:00,0.2486199,0.0,0.0,0.0,0.083805911,0.0,0.0,-0.0,0.0,0.24861989984843277,0.3618134659700709,0.0,0.0,-0.0,0.0,0.0,0.0,-0.0,0.27800756,0.083805911,0.36181347
2012-01-08 03:00:00,0.23403633,0.0,0.0,0.0,0.12155632,0.0,0.0,-0.0,0.0,0.23403632998990676,0.524792504695328,0.0,0.0,-0.0,0.0,0.0,0.0,-0.0,0.40323618,0.12155632,0.5247925
2012-01-08 04:00:00,0.24362553,0.0,0.0,0.0,0.21970739,0.0,0.0,-0.0,0.0,0.24362552660921152,0.9485380053809968,0.0,0.0,-0.0,0.0,0.0,0.0,-0.0,0.72883062,0.21970739,0.94853801
2012-01-08 05:00:00,0.29596656,0.0,0.0,0.0,0.50208046,0.0,0.0,-0.0,0.0,0.29596655815624995,2.16762121504592,0.0,0.0,-0.0,0.0,0.0,0.0,-0.0,1.6655408,0.50208046,2.1676212
2012-01-08 06:00:00,0.48894914,0.0,0.0,0.0,0.62514679,0.0,0.0,-0.0,0.0,0.4889491401197583,2.698932881290258,0.0,0.0,-0.0,0.0,0.0,0.0,-0.0,2.0737861,0.62514679,2.6989329
2012-01-08 07:00:00,0.64782015,0.0,0.0,0.0,0.56852118,0.0,0.0,-0.0,0.0,0.6478201528593857,2.454464323202373,0.0,0.0,-0.0,0.0,0.0,0.0,-0.0,1.8859431,0.56852118,2.4544643
2012-01-08 08:00:00,0.70740303,0.0,0.0,0.0,0.45828998,0.0,0.0,-0.0,0.0,0.7074030256032948,1.9785655301246219,0.0,0.0,-0.0,0.0,0.0,0.0,-0.0,1.5202756,0.45828998,1.9785655
2012-01-08 09:00:00,0.1008097,0.0,0.0,0.0,0.45300492,0.61872966,0.61872966,-0.0,0.0,0.7195393525746024,1.9557484647030858,0.61872966,0.0,-0.0,0.0,0.0,0.0,-0.0,1.5027435,0.45300492,1.9557485
2012-01-08 10:00:00,0.0,0.0,0.0,0.16867201,0.0,1.0797157,1.0797157,0.38429918,0.38429918,0.6954165298291639,1.6591266142231178,1.2483877,0.0,-0.0,0.0,0.0,0.0,-0.0,1.2748274,0.38429918,1.6591266
2012-01-08 11:00:00,0.0,0.0,0.0,0.91338614,0.0,1.0729152,1.0729152,0.36391395,0.36391395,0.7090012250398456,1.5711179333114789,1.9863013,0.0,-0.0,0.0,0.0,0.0,-0.0,1.207204,0.36391395,1.5711179
2012-01-08 12:00:00,0.0,0.0,0.0,0.71491027,0.0,1.1219756,1.1219756,0.33371363,0.33371363,0.7882619283462864,1.4407347023312733,1.8368858,0.0,-0.0,0.0,0.0,0.0,-0.0,1.1070211,0.33371363,1.4407347
2012-01-08 13:00:00,0.0,0.0,0.0,1.7398521,0.0,1.0615741,1.0615741,0.29898325,0.29898325,0.7625908498966893,1.2907939867040368,2.8014262,0.0,-0.0,0.0,0.0,0.0,-0.0,0.99181074,0.29898325,1.290794
2012-01-08 14:00:00,0.0,0.0,0.0,1.8537337,0.0,0.94274665,0.94274665,0.28463809,0.28463809,0.6581085617321814,1.2288619519884387,2.7964804,0.0,-0.0,0.0,0.0,0.0,-0.0,0.94422386,0.28463809,1.228862
2012-01-08 15:00:00,0.0,0.0,0.0,0.61563955,0.0,0.86357453,0.86357453,0.27029294,0.27029294,0.5932815970870897,1.1669299172728413,1.4792141,0.0,-0.0,0.0,0.0,0.0,-0.0,0.89663698,0.27029294,1.1669299
2012-01-08 16:00:00,0.5733041,0.0,0.0,0.0,0.30124827,0.0,0.0,-0.0,0.0,0.5733041041302048,1.3005727290275522,0.0,0.0,-0.0,0.0,0.0,0.0,-0.0,0.99932446,0.30124827,1.3005727
2012-01-08 17:00:00,0.61176078,0.0,0.0,0.0,0.3223885,0.0,0.0,-0.0,0.0,0.6117607780722083,1.3918409907136962,0.0,0.0,-0.0,0.0,0.0,0.0,-0.0,1.0694525,0.3223885,1.391841
2012-01-08 18:00:00,0.71005004,0.0,0.0,0.0,0.34579376,0.0,0.0,-0.0,0.0,0.710050043420082,1.4928879947233555,0.0,0.0,-0.0,0.0,0.0,0.0,-0.0,1.1470942,0.34579376,1.492888
2012-01-08 19:00:00,0.82492063,0.0,0.0,0.0,0.38882922,0.0,0.0,-0.0,0.0,0.8249206279221704,1.6786840988701486,0.0,0.0,-0.0,0.0,0.0,0.0,-0.0,1.2898549,0.38882922,1.6786841
2012-01-08 20:00:00,0.83196269,0.0,0.0,0.0,0.39260427,0.0,0.0,-0.0,0.0,0.8319626941894723,1.6949820027426743,0.0,0.0,-0.0,0.0,0.0,0.0,-0.0,1.3023777,0.39260427,1.694982
2012-01-08 21:00:00,0.7868635,0.0,0.0,0.0,0.33371363,0.0,0.0,-0.0,0.0,0.7868635038393046,1.4407347023312733,0.0,0.0,-0.0,0.0,0.0,0.0,-0.0,1.1070211,0.33371363,1.4407347
2012-01-08 22:00:00,0.72173688,0.0,0.0,0.0,0.23178752,0.0,0.0,-0.0,0.0,0.7217368767998599,1.0006912977730789,0.0,0.0,-0.0,0.0,0.0,0.0,-0.0,0.76890378,0.23178752,1.0006913
2012-01-08 23:00:00,0.55976935,0.0,0.0,0.0,0.11174121,0.0,0.0,-0.0,0.0,0.5597693526519153,0.48241795462676124,0.0,0.0,-0.0,0.0,0.0,0.0,-0.0,0.37067674,0.11174121,0.48241795
2012-01-09 00:00:00,0.44754579,0.0,0.0,0.0,0.12207653,0.0,0.0,-0.0,0.0,0.4475457859666143,0.5270383741215525,0.0,0.0,-0.0,0.0,0.0,0.0,-0.0,0.40496185,0.12207653,0.52703837
2012-01-09 01:00:00,0.33287498,0.0,0.0,0.0,0.13232071,0.0,0.0,-0.0,0.0,0.3328749763940949,0.5712653705513331,0.0,0.0,-0.0,0.0,0.0,0.0,-0.0,0.43894466,0.13232071,0.57126537
2012-01-09 02:00:00,0.27209345,0.0,0.0,0.0,0.14171121,0.0,0.0,-0.0,0.0,0.2720934540727725,0.6118067839452987,0.0,0.0,-0.0,0.0,0.0,0.0,-0.0,0.47009557,0.14171121,0.61180678
2012-01-09 03:00:00,0.25276523,0.0,0.0,0.0,0.16988272,0.0,0.0,-0.0,0.0,0.2527652296369864,0.7334310241271955,0.0,0.0,-0.0,0.0,0.0,0.0,-0.0,0.56354831,0.16988272,0.73343102
2012-01-09 04:00:00,0.24961877,0.0,0.0,0.0,0.25525092,0.0,0.0,-0.0,0.0,0.249618774496277,1.1019893277087007,0.0,0.0,-0.0,0.0,0.0,0.0,-0.0,0.84673841,0.25525092,1.1019893
2012-01-09 05:00:00,0.24357558,0.0,0.0,0.0,0.46354932,0.0,0.0,-0.0,0.0,0.2435755828768193,2.001271588447574,0.0,0.0,-0.0,0.0,0.0,0.0,-0.0,1.5377223,0.46354932,2.0012716
2012-01-09 06:00:00,0.25636118,0.0,0.0,0.0,0.58647953,0.0,0.0,-0.0,0.0,0.2563611783692257,2.531995545604941,0.0,0.0,-0.0,0.0,0.0,0.0,-0.0,1.945516,0.58647953,2.5319955
2012-01-09 07:00:00,0.34695911,0.0,0.0,0.0,0.57708903,0.0,0.0,-0.0,0.0,0.34695910892869875,2.4914541322109756,0.0,0.0,-0.0,0.0,0.0,0.0,-0.0,1.9143651,0.57708903,2.4914541
2012-01-09 08:00:00,0.56171716,0.0,0.0,0.0,0.49257451,0.0,0.0,-0.0,0.0,0.5617171582152116,2.1265814116652852,0.0,0.0,-0.0,0.0,0.0,0.0,-0.0,1.6340069,0.49257451,2.1265814
2012-01-09 09:00:00,0.0,0.0,0.0,0.97199865,0.0,1.2493351,1.2493351,0.44903673,0.44903673,0.8002983678528097,1.9386166768387179,2.2213337,0.0,-0.0,0.0,0.0,0.0,-0.0,1.4895799,0.44903673,1.9386167
2012-01-09 10:00:00,0.0,0.0,0.0,1.6376115,0.0,1.3382527,1.3382527,0.40635263,0.40635263,0.9319001027062891,1.7543375250479651,2.9758643,0.0,-0.0,0.0,0.0,0.0,-0.0,1.3479849,0.40635263,1.7543375
2012-01-09 11:00:00,0.0,0.0,0.0,1.6304574,0.0,1.398894,1.398894,0.37135167,0.37135167,1.0275423502373755,1.6032286205795478,3.0293515,0.0,-0.0,0.0,0.0,0.0,-0.0,1.231877,0.37135167,1.6032286
2012-01-09 12:00:00,0.0,0.0,0.0,1.6853962,0.0,1.4002996,1.4002996,0.35427803,0.35427803,1.046021531222494,1.529516959863247,3.0856958,0.0,-0.0,0.0,0.0,0.0,-0.0,1.1752389,0.35427803,1.529517
2012-01-09 13:00:00,0.0,0.0,0.0,1.4218167,0.0,1.2190434,1.2190434,0.34318016,0.34318016,0.8758632349622268,1.4816043803976513,2.64086,0.0,-0.0,0.0,0.0,0.0,-0.0,1.1384242,0.34318016,1.4816044
2012-01-09 14:00:00,0.0,0.0,0.0,0.85608777,0.0,1.0601585,1.0601585,0.34061912,0.34061912,0.7195393525746024,1.470547631290206,1.9162462,0.0,-0.0,0.0,0.0,0.0,-0.0,1.1299285,0.34061912,1.4705476
2012-01-09 15:00:00,0.0,0.0,0.0,0.71728142,0.0,0.97542823,0.97542823,0.35427803,0.35427803,0.6211501997619442,1.529516959863247,1.6927096,0.0,-0.0,0.0,0.0,0.0,-0.0,1.1752389,0.35427803,1.529517
2012-01-09 16:00:00,0.54129017,0.0,0.0,0.0,0.37732744,0.0,0.0,-0.0,0.0,0.5412901716667967,1.6290277018302535,0.0,0.0,-0.0,0.0,0.0,0.0,-0.0,1.2517003,0.37732744,1.6290277
2012-01-09 17:00:00,0.54733336,0.0,0.0,0.0,0.40891368,0.0,0.0,-0.0,0.0,0.5473333632862545,1.76539427415541,0.0,0.0,-0.0,0.0,0.0,0.0,-0.0,1.3564806,0.40891368,1.7653943
2012-01-09 18:00:00,0.63253737,0.0,0.0,0.0,0.44135359,0.0,0.0,-0.0,0.0,0.6325373707473686,1.9054464295163822,0.0,0.0,-0.0,0.0,0.0,0.0,-0.0,1.4640928,0.44135359,1.9054464
2012-01-09 19:00:00,0.75924462,0.0,0.0,0.0,0.47208614,0.0,0.0,-0.0,0.0,0.7592446198264112,2.038127418805724,0.0,0.0,-0.0,0.0,0.0,0.0,-0.0,1.5660413,0.47208614,2.0381274
2012-01-09 20:00:00,0.79615304,0.0,0.0,0.0,0.45671987,0.0,0.0,-0.0,0.0,0.7961530380642561,1.9717869241610533,0.0,0.0,-0.0,0.0,0.0,0.0,-0.0,1.5150671,0.45671987,1.9717869
2012-01-09 21:00:00,0.75185295,0.0,0.0,0.0,0.40379159,0.0,0.0,-0.0,0.0,0.7518529474323637,1.74328077594052,0.0,0.0,-0.0,0.0,0.0,0.0,-0.0,1.3394892,0.40379159,1.7432808
2012-01-09 22:00:00,0.70021113,0.0,0.0,0.0,0.26634878,0.0,0.0,-0.0,0.0,0.7002111281388163,1.1499019071742964,0.0,0.0,-0.0,0.0,0.0,0.0,-0.0,0.88355312,0.26634878,1.1499019
2012-01-09 23:00:00,0.53974192,0.0,0.0,0.0,0.15110171,0.0,0.0,-0.0,0.0,0.5397419159626382,0.6523481973392643,0.0,0.0,-0.0,0.0,0.0,0.0,-0.0,0.50124648,0.15110171,0.6523482
2012-01-10 00:00:00,0.41453298,0.0,0.0,0.0,0.018042018,0.0,0.0,-0.0,0.0,0.41453297885536194,0.07789241898390764,0.0,0.0,-0.0,0.0,0.0,0.0,-0.0,0.059850401,0.018042018,0.077892419
2012-01-10 01:00:00,0.32128803,0.0,0.0,0.0,0.020912339,0.0,0.0,-0.0,0.0,0.3212880304791016,0.09028439473134749,0.0,0.0,-0.0,0.0,0.0,0.0,-0.0,0.069372056,0.020912339,0.090284395
2012-01-10 02:00:00,0.26125566,0.0,0.0,0.0,0.017631972,0.0,0.0,-0.0,0.0,0.26125566414366247,0.07612213673427337,0.0,0.0,-0.0,0.0,0.0,0.0,-0.0,0.058490164,0.017631972,0.076122137
2012-01-10 03:00:00,0.24991844,0.0,0.0,0.0,0.032803669,0.0,0.0,-0.0,0.0,0.24991843689063029,0.14162257997074115,0.0,0.0,-0.0,0.0,0.0,0.0,-0.0,0.10881891,0.032803669,0.14162258
2012-01-10 04:00:00,0.25211596,0.0,0.0,0.0,0.07831876,0.0,0.0,-0.0,0.0,0.25211596111588763,0.3381239096801445,0.0,0.0,-0.0,0.0,0.0,0.0,-0.0,0.25980515,0.07831876,0.33812391
2012-01-10 05:00:00,0.25785949,0.0,0.0,0.0,0.24725766,0.0,0.0,-0.0,0.0,0.25785949034099204,1.0674801965294614,0.0,0.0,-0.0,0.0,0.0,0.0,-0.0,0.82022254,0.24725766,1.0674802
2012-01-10 06:00:00,0.31819152,0.0,0.0,0.0,0.38954357,0.0,0.0,-0.0,0.0,0.3181915190707844,1.6817681371525512,0.0,0.0,-0.0,0.0,0.0,0.0,-0.0,1.2922246,0.38954357,1.6817681
2012-01-10 07:00:00,0.46502609,0.0,0.0,0.0,0.32926683,0.0,0.0,-0.0,0.0,0.46502609230388864,1.4215366464563142,0.0,0.0,-0.0,0.0,0.0,0.0,-0.0,1.0922698,0.32926683,1.4215366
2012-01-10 08:00:00,0.64112769,0.0,0.0,0.0,0.25135812,0.0,0.0,-0.0,0.0,0.6411276927188292,1.085183019025804,0.0,0.0,-0.0,0.0,0.0,0.0,-0.0,0.8338249,0.25135812,1.085183
2012-01-10 09:00:00,0.0,0.0,0.0,2.1535708,0.0,1.0177505,1.0177505,0.23987683,0.23987683,0.7778736320087063,1.0356151160360447,3.1713212,0.0,-0.0,0.0,0.0,0.0,-0.0,0.79573828,0.23987683,1.0356151
2012-01-10 10:00:00,0.0,0.0,0.0,1.6708726,0.0,1.0394665,1.0394665,0.21609417,0.21609417,0.8233723722180118,0.9329387455572573,2.7103392,0.0,-0.0,0.0,0.0,0.0,-0.0,0.71684457,0.21609417,0.93293875
2012-01-10 11:00:00,0.0,0.0,0.0,0.6113244,0.0,1.0781621,1.0781621,0.223475,0.223475,0.8546870924279288,0.9648038260506742,1.6894865,0.0,-0.0,0.0,0.0,0.0,-0.0,0.74132883,0.223475,0.96480383
2012-01-10 12:00:00,0.6931586,0.0,0.0,0.0,0.21445399,0.21641665,0.21641665,-0.0,0.0,0.9095752543269702,0.9258576165587202,0.21641665,0.0,-0.0,0.0,0.0,0.0,-0.0,0.71140363,0.21445399,0.92585762
2012-01-10 13:00:00,0.83682539,0.0,0.0,0.0,0.17139917,0.042084416,0.042084416,-0.0,0.0,0.8789098026381518,0.7399779803471225,0.042084416,0.0,-0.0,0.0,0.0,0.0,-0.0,0.56857881,0.17139917,0.73997798
2012-01-10 14:00:00,0.38200708,0.0,0.0,0.0,0.16483844,0.40300851,0.40300851,-0.0,0.0,0.7850155857407927,0.7116534643529743,0.40300851,0.0,-0.0,0.0,0.0,0.0,-0.0,0.54681503,0.16483844,0.71165346
2012-01-10 15:00:00,0.6784125,0.0,0.0,0.0,0.14720647,0.062552713,0.062552713,-0.0,0.0,0.7409652137708614,0.6355313276187009,0.062552713,0.0,-0.0,0.0,0.0,0.0,-0.0,0.48832486,0.14720647,0.63553133
2012-01-10 16:00:00,0.72348491,0.0,0.0,0.0,0.17262931,0.0,0.0,-0.0,0.0,0.7234849074335872,0.7452888270960253,0.0,0.0,-0.0,0.0,0.0,0.0,-0.0,0.57265952,0.17262931,0.74528883
2012-01-10 17:00:00,0.74396184,0.0,0.0,0.0,0.20502293,0.0,0.0,-0.0,0.0,0.7439618377143942,0.8851411248171323,0.0,0.0,-0.0,0.0,0.0,0.0,-0.0,0.68011819,0.20502293,0.88514112
2012-01-10 18:00:00,0.83146326,0.0,0.0,0.0,0.19887225,0.0,0.0,-0.0,0.0,0.8314632568655501,0.8585868910726183,0.0,0.0,-0.0,0.0,0.0,0.0,-0.0,0.65971465,0.19887225,0.85858689
2012-01-10 19:00:00,0.90093499,0.0,0.0,0.0,0.20912339,0.0,0.0,-0.0,0.0,0.9009349886231175,0.9028439473134747,0.0,0.0,-0.0,0.0,0.0,0.0,-0.0,0.69372056,0.20912339,0.90284395
2012-01-10 20:00:00,0.86342725,0.0,0.0,0.0,0.21609417,0.0,0.0,-0.0,0.0,0.863427245596566,0.9329387455572573,0.0,0.0,-0.0,0.0,0.0,0.0,-0.0,0.71684457,0.21609417,0.93293875
2012-01-10 21:00:00,0.76823449,0.0,0.0,0.0,0.18534073,0.0,0.0,-0.0,0.0,0.7682344916570094,0.8001675768346874,0.0,0.0,-0.0,0.0,0.0,0.0,-0.0,0.61482685,0.18534073,0.80016758
2012-01-10 22:00:00,0.74211392,0.0,0.0,0.0,0.10702197,0.0,0.0,-0.0,0.0,0.7421139196158824,0.46204366715454304,0.0,0.0,-0.0,0.0,0.0,0.0,-0.0,0.3550217,0.10702197,0.46204367
2012-01-10 23:00:00,0.62259857,0.0,0.0,0.0,0.044284954,0.0,0.0,-0.0,0.0,0.6225985680013183,0.19119048296050056,0.0,0.0,-0.0,0.0,0.0,0.0,-0.0,0.14690553,0.044284954,0.19119048
2012-01-11 00:00:00,0.36783559,0.0,0.0,0.0,0.068579447,0.0,0.0,-0.0,0.0,0.3678355890686435,0.2960765801234039,0.0,0.0,-0.0,0.0,0.0,0.0,-0.0,0.22749713,0.068579447,0.29607658
2012-01-11 01:00:00,0.27389143,0.0,0.0,0.0,0.073528479,0.0,0.0,-0.0,0.0,0.2738914284388922,0.31744293126632994,0.0,0.0,-0.0,0.0,0.0,0.0,-0.0,0.24391445,0.073528479,0.31744293
2012-01-11 02:00:00,0.2486199,0.0,0.0,0.0,0.078477512,0.0,0.0,-0.0,0.0,0.24861989984843277,0.338809282409256,0.0,0.0,-0.0,0.0,0.0,0.0,-0.0,0.26033177,0.078477512,0.33880928
2012-01-11 03:00:00,0.23403633,0.0,0.0,0.0,0.11382774,0.0,0.0,-0.0,0.0,0.23403632998990676,0.4914260762872992,0.0,0.0,-0.0,0.0,0.0,0.0,-0.0,0.37759833,0.11382774,0.49142608
2012-01-11 04:00:00,0.24362553,0.0,0.0,0.0,0.20573834,0.0,0.0,-0.0,0.0,0.24362552660921152,0.8882297403702116,0.0,0.0,-0.0,0.0,0.0,0.0,-0.0,0.6824914,0.20573834,0.88822974
2012-01-11 05:00:00,0.29596656,0.0,0.0,0.0,0.47015806,0.0,0.0,-0.0,0.0,0.29596655815624995,2.029803358577975,0.0,0.0,-0.0,0.0,0.0,0.0,-0.0,1.5596453,0.47015806,2.0298034
2012-01-11 06:00:00,0.48894914,0.0,0.0,0.0,0.58539982,0.0,0.0,-0.0,0.0,0.4889491401197583,2.527334106620396,0.0,0.0,-0.0,0.0,0.0,0.0,-0.0,1.9419343,0.58539982,2.5273341
2012-01-11 07:00:00,0.64782015,0.0,0.0,0.0,0.53237447,0.0,0.0,-0.0,0.0,0.6478201528593857,2.2984089158033316,0.0,0.0,-0.0,0.0,0.0,0.0,-0.0,1.7660344,0.53237447,2.2984089
2012-01-11 08:00:00,0.70740303,0.0,0.0,0.0,0.4291518,0.0,0.0,-0.0,0.0,0.7074030256032948,1.8527678776794447,0.0,0.0,-0.0,0.0,0.0,0.0,-0.0,1.4236161,0.4291518,1.8527679
2012-01-11 09:00:00,0.0,0.0,0.0,0.0,0.22474709,0.91899502,0.91899502,0.19945567,0.19945567,0.7195393525746024,1.8314015265365189,0.91899502,0.0,-0.0,0.0,0.0,0.0,-0.0,1.4071988,0.42420276,1.8314015
2012-01-11 10:00:00,0.0,0.0,0.0,0.54426289,0.0,1.0552819,1.0552819,0.35986535,0.35986535,0.6954165298291639,1.5536389616784803,1.5995448,0.0,-0.0,0.0,0.0,0.0,-0.0,1.1937736,0.35986535,1.553639
2012-01-11 11:00:00,0.0,0.0,0.0,0.83556952,0.0,1.0497774,1.0497774,0.34077622,0.34077622,0.7090012250398456,1.4712258929843367,1.885347,0.0,-0.0,0.0,0.0,0.0,-0.0,1.1304497,0.34077622,1.4712259
2012-01-11 12:00:00,0.0,0.0,0.0,0.86127548,0.0,1.100758,1.100758,0.31249604,0.31249604,0.7882619283462864,1.3491324578819024,1.9620334,0.0,-0.0,0.0,0.0,0.0,-0.0,1.0366364,0.31249604,1.3491325
2012-01-11 13:00:00,0.0,0.0,0.0,1.0514652,0.0,1.0425647,1.0425647,0.27997382,0.27997382,0.7625908498966893,1.2087250075141025,2.0940299,0.0,-0.0,0.0,0.0,0.0,-0.0,0.92875118,0.27997382,1.208725
2012-01-11 14:00:00,0.0,0.0,0.0,0.8424522,0.0,0.9246493,0.9246493,0.26654074,0.26654074,0.6581085617321814,1.150730625840446,1.7671015,0.0,-0.0,0.0,0.0,0.0,-0.0,0.88418989,0.26654074,1.1507306
2012-01-11 15:00:00,0.0,0.0,0.0,0.10407148,0.0,0.84638925,0.84638925,0.25310765,0.25310765,0.5932815970870897,1.0927362441667896,0.95046072,0.0,-0.0,0.0,0.0,0.0,-0.0,0.83962859,0.25310765,1.0927362
2012-01-11 16:00:00,0.5733041,0.0,0.0,0.0,0.28209484,0.0,0.0,-0.0,0.0,0.5733041041302048,1.2178820151467848,0.0,0.0,-0.0,0.0,0.0,0.0,-0.0,0.93578718,0.28209484,1.217882
2012-01-11 17:00:00,0.61176078,0.0,0.0,0.0,0.30189097,0.0,0.0,-0.0,0.0,0.6117607780722083,1.3033474197184893,0.0,0.0,-0.0,0.0,0.0,0.0,-0.0,1.0014565,0.30189097,1.3033474
2012-01-11 18:00:00,0.71005004,0.0,0.0,0.0,0.32380811,0.0,0.0,-0.0,0.0,0.710050043420082,1.3979698319228762,0.0,0.0,-0.0,0.0,0.0,0.0,-0.0,1.0741617,0.32380811,1.3979698
2012-01-11 19:00:00,0.82492063,0.0,0.0,0.0,0.36410737,0.0,0.0,-0.0,0.0,0.8249206279221704,1.5719529769438452,0.0,0.0,-0.0,0.0,0.0,0.0,-0.0,1.2078456,0.36410737,1.571953
2012-01-11 20:00:00,0.83196269,0.0,0.0,0.0,0.3676424,0.0,0.0,-0.0,0.0,0.8319626941894723,1.5872146563316496,0.0,0.0,-0.0,0.0,0.0,0.0,-0.0,1.2195723,0.3676424,1.5872147
2012-01-11 21:00:00,0.7868635,0.0,0.0,0.0,0.31249604,0.0,0.0,-0.0,0.0,0.7868635038393046,1.3491324578819024,0.0,0.0,-0.0,0.0,0.0,0.0,-0.0,1.0366364,0.31249604,1.3491325
2012-01-11 22:00:00,0.72173688,0.0,0.0,0.0,0.21705041,0.0,0.0,-0.0,0.0,0.7217368767998599,0.9370671144111855,0.0,0.0,-0.0,0.0,0.0,0.0,-0.0,0.7200167,0.21705041,0.93706711
2012-01-11 23:00:00,0.55976935,0.0,0.0,0.0,0.10463668,0.0,0.0,-0.0,0.0,0.5597693526519153,0.451745709879008,0.0,0.0,-0.0,0.0,0.0,0.0,-0.0,0.34710903,0.10463668,0.45174571
2012-01-12 00:00:00,0.36783559,0.0,0.0,0.0,0.056854716,0.0,0.0,-0.0,0.0,0.3678355890686435,0.24545764887653826,0.0,0.0,-0.0,0.0,0.0,0.0,-0.0,0.18860293,0.056854716,0.24545765
2012-01-12 01:00:00,0.27389143,0.0,0.0,0.0,0.060957633,0.0,0.0,-0.0,0.0,0.2738914284388922,0.26317108745525747,0.0,0.0,-0.0,0.0,0.0,0.0,-0.0,0.20221345,0.060957633,0.26317109
2012-01-12 02:00:00,0.2486199,0.0,0.0,0.0,0.065060551,0.0,0.0,-0.0,0.0,0.24861989984843277,0.28088452603397673,0.0,0.0,-0.0,0.0,0.0,0.0,-0.0,0.21582397,0.065060551,0.28088453
2012-01-12 03:00:00,0.23403633,0.0,0.0,0.0,0.094367106,0.0,0.0,-0.0,0.0,0.23403632998990676,0.4074090873105428,0.0,0.0,-0.0,0.0,0.0,0.0,-0.0,0.31304198,0.094367106,0.40740909
2012-01-12 04:00:00,0.24362553,0.0,0.0,0.0,0.17056415,0.0,0.0,-0.0,0.0,0.24362552660921152,0.7363729466296146,0.0,0.0,-0.0,0.0,0.0,0.0,-0.0,0.5658088,0.17056415,0.73637295
2012-01-12 05:00:00,0.29596656,0.0,0.0,0.0,0.38977718,0.0,0.0,-0.0,0.0,0.29596655815624995,1.6827766649783291,0.0,0.0,-0.0,0.0,0.0,0.0,-0.0,1.2929995,0.38977718,1.6827767
2012-01-12 06:00:00,0.48894914,0.0,0.0,0.0,0.48531654,0.0,0.0,-0.0,0.0,0.4889491401197583,2.0952467347399346,0.0,0.0,-0.0,0.0,0.0,0.0,-0.0,1.6099302,0.48531654,2.0952467
2012-01-12 07:00:00,0.64782015,0.0,0.0,0.0,0.44135671,0.0,0.0,-0.0,0.0,0.6478201528593857,1.9054598928250854,0.0,0.0,-0.0,0.0,0.0,0.0,-0.0,1.4641032,0.44135671,1.9054599
2012-01-12 08:00:00,0.70740303,0.0,0.0,0.0,0.35578157,0.0,0.0,-0.0,0.0,0.7074030256032948,1.5360081738975124,0.0,0.0,-0.0,0.0,0.0,0.0,-0.0,1.1802266,0.35578157,1.5360082
2012-01-12 09:00:00,0.54162835,0.0,0.0,0.0,0.35167865,0.177911,0.177911,-0.0,0.0,0.7195393525746024,1.518294735318793,0.177911,0.0,-0.0,0.0,0.0,0.0,-0.0,1.1666161,0.35167865,1.5182947
2012-01-12 10:00:00,0.35654035,0.0,0.0,0.0,0.29834073,0.33887618,0.33887618,-0.0,0.0,0.6954165298291639,1.2880200337954428,0.33887618,0.0,-0.0,0.0,0.0,0.0,-0.0,0.98967931,0.29834073,1.28802
2012-01-12 11:00:00,0.35737733,0.0,0.0,0.0,0.28251519,0.35162389,0.35162389,-0.0,0.0,0.7090012250398456,1.2196967707060973,0.35162389,0.0,-0.0,0.0,0.0,0.0,-0.0,0.93718158,0.28251519,1.2196968
2012-01-12 12:00:00,0.0,0.0,0.0,0.11635056,0.0,1.0473319,1.0473319,0.25906994,0.25906994,0.7882619283462864,1.1184771216848444,1.1636824,0.0,-0.0,0.0,0.0,0.0,-0.0,0.85940718,0.25906994,1.1184771
2012-01-12 13:00:00,0.0,0.0,0.0,0.63670627,0.0,0.99469876,0.99469876,0.23210791,0.23210791,0.7625908498966893,1.0020745253104035,1.631405,0.0,-0.0,0.0,0.0,0.0,-0.0,0.76996661,0.23210791,1.0020745
2012-01-12 14:00:00,0.0,0.0,0.0,1.2253813,0.0,0.87907998,0.87907998,0.22097142,0.22097142,0.6581085617321814,0.9539951920253082,2.1044613,0.0,-0.0,0.0,0.0,0.0,-0.0,0.73302377,0.22097142,0.95399519
2012-01-12 15:00:00,0.0,0.0,0.0,0.53929061,0.0,0.80311653,0.80311653,0.20983493,0.20983493,0.5932815970870897,0.9059158587402132,1.3424071,0.0,-0.0,0.0,0.0,0.0,-0.0,0.69608093,0.20983493,0.90591586
2012-01-12 16:00:00,0.5733041,0.0,0.0,0.0,0.23386631,0.0,0.0,-0.0,0.0,0.5733041041302048,1.0096659989869974,0.0,0.0,-0.0,0.0,0.0,0.0,-0.0,0.77579969,0.23386631,1.009666
2012-01-12 17:00:00,0.61176078,0.0,0.0,0.0,0.25027798,0.0,0.0,-0.0,0.0,0.6117607780722083,1.0805197533018747,0.0,0.0,-0.0,0.0,0.0,0.0,-0.0,0.83024178,0.25027798,1.0805198
2012-01-12 18:00:00,0.71005004,0.0,0.0,0.0,0.26844804,0.0,0.0,-0.0,0.0,0.710050043420082,1.1589649812933456,0.0,0.0,-0.0,0.0,0.0,0.0,-0.0,0.89051694,0.26844804,1.158965
2012-01-12 19:00:00,0.82492063,0.0,0.0,0.0,0.30185751,0.0,0.0,-0.0,0.0,0.8249206279221704,1.3032029811486308,0.0,0.0,-0.0,0.0,0.0,0.0,-0.0,1.0013455,0.30185751,1.303203
2012-01-12 20:00:00,0.83196269,0.0,0.0,0.0,0.30478817,0.0,0.0,-0.0,0.0,0.8319626941894723,1.3158554372762874,0.0,0.0,-0.0,0.0,0.0,0.0,-0.0,1.0110673,0.30478817,1.3158554
2012-01-12 21:00:00,0.7868635,0.0,0.0,0.0,0.25906994,0.0,0.0,-0.0,0.0,0.7868635038393046,1.1184771216848444,0.0,0.0,-0.0,0.0,0.0,0.0,-0.0,0.85940718,0.25906994,1.1184771
2012-01-12 22:00:00,0.72173688,0.0,0.0,0.0,0.17994224,0.0,0.0,-0.0,0.0,0.7217368767998599,0.7768608062381159,0.0,0.0,-0.0,0.0,0.0,0.0,-0.0,0.59691856,0.17994224,0.77686081
2012-01-12 23:00:00,0.55976935,0.0,0.0,0.0,0.086747401,0.0,0.0,-0.0,0.0,0.5597693526519153,0.3745127013786357,0.0,0.0,-0.0,0.0,0.0,0.0,-0.0,0.2877653,0.086747401,0.3745127
2012-01-13 00:00:00,0.36783559,0.0,0.0,0.0,0.0436393,0.0,0.0,-0.0,0.0,0.3678355890686435,0.18840301695639528,0.0,0.0,-0.0,0.0,0.0,0.0,-0.0,0.14476372,0.0436393,0.18840302
2012-01-13 01:00:00,0.27389143,0.0,0.0,0.0,0.046788528,0.0,0.0,-0.0,0.0,0.2738914284388922,0.20199911096355783,0.0,0.0,-0.0,0.0,0.0,0.0,-0.0,0.15521058,0.046788528,0.20199911
2012-01-13 02:00:00,0.2486199,0.0,0.0,0.0,0.049937756,0.0,0.0,-0.0,0.0,0.24861989984843277,0.21559520497072038,0.0,0.0,-0.0,0.0,0.0,0.0,-0.0,0.16565745,0.049937756,0.2155952
2012-01-13 03:00:00,0.23403633,0.0,0.0,0.0,0.07243224,0.0,0.0,-0.0,0.0,0.23403632998990676,0.3127101621647385,0.0,0.0,-0.0,0.0,0.0,0.0,-0.0,0.24027792,0.07243224,0.31271016
2012-01-13 04:00:00,0.24362553,0.0,0.0,0.0,0.1309179,0.0,0.0,-0.0,0.0,0.24362552660921152,0.5652090508691858,0.0,0.0,-0.0,0.0,0.0,0.0,-0.0,0.43429115,0.1309179,0.56520905
2012-01-13 05:00:00,0.29596656,0.0,0.0,0.0,0.29917664,0.0,0.0,-0.0,0.0,0.29596655815624995,1.291628930680442,0.0,0.0,-0.0,0.0,0.0,0.0,-0.0,0.99245229,0.29917664,1.2916289
2012-01-13 06:00:00,0.48894914,0.0,0.0,0.0,0.37250866,0.0,0.0,-0.0,0.0,0.4889491401197583,1.608223691132941,0.0,0.0,-0.0,0.0,0.0,0.0,-0.0,1.235715,0.37250866,1.6082237
2012-01-13 07:00:00,0.64782015,0.0,0.0,0.0,0.33876694,0.0,0.0,-0.0,0.0,0.6478201528593857,1.4625512553419138,0.0,0.0,-0.0,0.0,0.0,0.0,-0.0,1.1237843,0.33876694,1.4625513
2012-01-13 08:00:00,0.70740303,0.0,0.0,0.0,0.27308304,0.0,0.0,-0.0,0.0,0.7074030256032948,1.1789755803353807,0.0,0.0,-0.0,0.0,0.0,0.0,-0.0,0.90589254,0.27308304,1.1789756
2012-01-13 09:00:00,0.0,0.0,0.0,1.2456845,0.0,0.98947317,0.98947317,0.26993381,0.26993381,0.7195393525746024,1.165379486328218,2.2351577,0.0,-0.0,0.0,0.0,0.0,-0.0,0.89544567,0.26993381,1.1653795
2012-01-13 10:00:00,0.0,0.0,0.0,1.7363946,0.0,0.92441038,0.92441038,0.22899385,0.22899385,0.6954165298291639,0.988630264235105,2.660805,0.0,-0.0,0.0,0.0,0.0,-0.0,0.75963641,0.22899385,0.98863026
2012-01-13 11:00:00,0.0,0.0,0.0,0.61900179,0.0,0.92584806,0.92584806,0.21684683,0.21684683,0.7090012250398456,0.9361881873503353,1.5448498,0.0,-0.0,0.0,0.0,0.0,-0.0,0.71934136,0.21684683,0.93618819
2012-01-13 12:00:00,0.0,0.0,0.0,0.0,0.030039841,0.95707333,0.95707333,0.1688114,0.1688114,0.7882619283462864,0.8584962215951207,0.95707333,0.0,-0.0,0.0,0.0,0.0,-0.0,0.65964498,0.19885124,0.85849622
2012-01-13 13:00:00,0.0,0.0,0.0,0.0,0.13472489,0.80602227,0.80602227,0.043431424,0.043431424,0.7625908498966893,0.7691504609766241,0.80602227,0.0,-0.0,0.0,0.0,0.0,-0.0,0.59099414,0.17815632,0.76915046
2012-01-13 14:00:00,0.086972957,0.0,0.0,0.0,0.16960841,0.5711356,0.5711356,-0.0,0.0,0.6581085617321814,0.7322467772428971,0.5711356,0.0,-0.0,0.0,0.0,0.0,-0.0,0.56263836,0.16960841,0.73224678
2012-01-13 15:00:00,0.0,0.0,0.0,0.47391544,0.0,0.75434211,0.75434211,0.16106051,0.16106051,0.5932815970870897,0.6953430935091701,1.2282575,0.0,-0.0,0.0,0.0,0.0,-0.0,0.53428258,0.16106051,0.69534309
2012-01-13 16:00:00,0.5733041,0.0,0.0,0.0,0.17950599,0.0,0.0,-0.0,0.0,0.5733041041302048,0.7749773584082651,0.0,0.0,-0.0,0.0,0.0,0.0,-0.0,0.59547137,0.17950599,0.77497736
2012-01-13 17:00:00,0.61176078,0.0,0.0,0.0,0.1921029,0.0,0.0,-0.0,0.0,0.6117607780722083,0.8293617344369153,0.0,0.0,-0.0,0.0,0.0,0.0,-0.0,0.63725884,0.1921029,0.82936173
2012-01-13 18:00:00,0.71005004,0.0,0.0,0.0,0.20604948,0.0,0.0,-0.0,0.0,0.710050043420082,0.8895730078972066,0.0,0.0,-0.0,0.0,0.0,0.0,-0.0,0.68352353,0.20604948,0.88957301
2012-01-13 19:00:00,0.82492063,0.0,0.0,0.0,0.23169319,0.0,0.0,-0.0,0.0,0.8249206279221704,1.0002840590983872,0.0,0.0,-0.0,0.0,0.0,0.0,-0.0,0.76859087,0.23169319,1.0002841
2012-01-13 20:00:00,0.83196269,0.0,0.0,0.0,0.23394264,0.0,0.0,-0.0,0.0,0.8319626941894723,1.009995554817789,0.0,0.0,-0.0,0.0,0.0,0.0,-0.0,0.77605292,0.23394264,1.0099956
2012-01-13 21:00:00,0.7868635,0.0,0.0,0.0,0.19885124,0.0,0.0,-0.0,0.0,0.7868635038393046,0.8584962215951207,0.0,0.0,-0.0,0.0,0.0,0.0,-0.0,0.65964498,0.19885124,0.85849622
2012-01-13 22:00:00,0.72173688,0.0,0.0,0.0,0.13811614,0.0,0.0,-0.0,0.0,0.7217368767998599,0.5962858371712717,0.0,0.0,-0.0,0.0,0.0,0.0,-0.0,0.4581697,0.13811614,0.59628584
2012-01-13 23:00:00,0.55976935,0.0,0.0,0.0,0.066583674,0.0,0.0,-0.0,0.0,0.5597693526519153,0.2874602732942938,0.0,0.0,-0.0,0.0,0.0,0.0,-0.0,0.2208766,0.066583674,0.28746027
2012-01-14 00:00:00,0.33252537,0.0,0.0,0.0,0.070169456,0.0,0.0,-0.0,0.0,0.33252537026734935,0.3029410928579716,0.0,0.0,-0.0,0.0,0.0,0.0,-0.0,0.23277164,0.070169456,0.30294109
2012-01-14 01:00:00,0.24557333,0.0,0.0,0.0,0.075233231,0.0,0.0,-0.0,0.0,0.24557333217250782,0.32480282120854687,0.0,0.0,-0.0,0.0,0.0,0.0,-0.0,0.24956959,0.075233231,0.32480282
2012-01-14 02:00:00,0.22120079,0.0,0.0,0.0,0.080297007,0.0,0.0,-0.0,0.0,0.2212007907651082,0.3466645495591222,0.0,0.0,-0.0,0.0,0.0,0.0,-0.0,0.26636754,0.080297007,0.34666455
2012-01-14 03:00:00,0.21530743,0.0,0.0,0.0,0.11646683,0.0,0.0,-0.0,0.0,0.21530743034282715,0.5028197520632312,0.0,0.0,-0.0,0.0,0.0,0.0,-0.0,0.38635292,0.11646683,0.50281975
2012-01-14 04:00:00,0.22010203,0.0,0.0,0.0,0.21050837,0.0,0.0,-0.0,0.0,0.22010202865247955,0.9088232785739148,0.0,0.0,-0.0,0.0,0.0,0.0,-0.0,0.69831491,0.21050837,0.90882328
2012-01-14 05:00:00,0.26290381,0.0,0.0,0.0,0.48105864,0.0,0.0,-0.0,0.0,0.26290380731260543,2.0768641933046506,0.0,0.0,-0.0,0.0,0.0,0.0,-0.0,1.5958056,0.48105864,2.0768642
2012-01-14 06:00:00,0.46402722,0.0,0.0,0.0,0.59897227,0.0,0.0,-0.0,0.0,0.4640272176560443,2.585930153468046,0.0,0.0,-0.0,0.0,0.0,0.0,-0.0,1.9869579,0.59897227,2.5859302
2012-01-14 07:00:00,0.6478701,0.0,0.0,0.0,0.54471753,0.0,0.0,-0.0,0.0,0.6478700965917779,2.3516973497118827,0.0,0.0,-0.0,0.0,0.0,0.0,-0.0,1.8069798,0.54471753,2.3516973
2012-01-14 08:00:00,0.68657649,0.0,0.0,0.0,0.43910165,0.0,0.0,-0.0,0.0,0.6865764891957423,1.895724158399884,0.0,0.0,-0.0,0.0,0.0,0.0,-0.0,1.4566225,0.43910165,1.8957242
2012-01-14 09:00:00,0.0,0.0,0.0,0.0,0.38382191,0.7293009,0.7293009,0.050215967,0.050215967,0.6790849293369104,1.8738624300493087,0.7293009,0.0,-0.0,0.0,0.0,0.0,-0.0,1.4398246,0.43403787,1.8738624
2012-01-14 10:00:00,0.0,0.0,0.0,1.018191,0.0,1.0276658,1.0276658,0.3682088,0.3682088,0.659457042506771,1.5896599614918303,2.0458569,0.0,-0.0,0.0,0.0,0.0,-0.0,1.2214512,0.3682088,1.58966
2012-01-14 11:00:00,0.0,0.0,0.0,0.32185295,0.0,1.0143272,1.0143272,0.34867709,0.34867709,0.6656500653234054,1.5053361521396114,1.3361801,0.0,-0.0,0.0,0.0,0.0,-0.0,1.1566591,0.34867709,1.5053362
2012-01-14 12:00:00,0.028977166,0.0,0.0,0.0,0.31974123,0.71823101,0.71823101,-0.0,0.0,0.747208180319888,1.3804119901363243,0.71823101,0.0,-0.0,0.0,0.0,0.0,-0.0,1.0606708,0.31974123,1.380412
2012-01-14 13:00:00,0.23797075,0.0,0.0,0.0,0.286465,0.48950966,0.48950966,-0.0,0.0,0.7274804060249641,1.2367492038325438,0.48950966,0.0,-0.0,0.0,0.0,0.0,-0.0,0.95028421,0.286465,1.2367492
2012-01-14 14:00:00,0.31290943,0.0,0.0,0.0,0.27272046,0.32027721,0.32027721,-0.0,0.0,0.6331866392684673,1.1774102268809823,0.32027721,0.0,-0.0,0.0,0.0,0.0,-0.0,0.90468976,0.27272046,1.1774102
2012-01-14 15:00:00,0.40928021,0.0,0.0,0.0,0.25897593,0.15728149,0.15728149,-0.0,0.0,0.5665617002572562,1.1180712499294208,0.15728149,0.0,-0.0,0.0,0.0,0.0,-0.0,0.85909532,0.25897593,1.1180712
2012-01-14 16:00:00,0.53010278,0.0,0.0,0.0,0.28863519,0.0,0.0,-0.0,0.0,0.5301027756109412,1.2461185159827903,0.0,0.0,-0.0,0.0,0.0,0.0,-0.0,0.95748333,0.28863519,1.2461185
2012-01-14 17:00:00,0.58099544,0.0,0.0,0.0,0.30889029,0.0,0.0,-0.0,0.0,0.5809954389186055,1.3335654293850916,0.0,0.0,-0.0,0.0,0.0,0.0,-0.0,1.0246751,0.30889029,1.3335654
2012-01-14 18:00:00,0.72343496,0.0,0.0,0.0,0.33131558,0.0,0.0,-0.0,0.0,0.723434963701195,1.4303816549376391,0.0,0.0,-0.0,0.0,0.0,0.0,-0.0,1.0990661,0.33131558,1.4303817
2012-01-14 19:00:00,0.85848282,0.0,0.0,0.0,0.37254917,0.0,0.0,-0.0,0.0,0.858482816089737,1.608398585792323,0.0,0.0,-0.0,0.0,0.0,0.0,-0.0,1.2358494,0.37254917,1.6083986
2012-01-14 20:00:00,0.83930442,0.0,0.0,0.0,0.37616616,0.0,0.0,-0.0,0.0,0.8393044228511274,1.6240141060427342,0.0,0.0,-0.0,0.0,0.0,0.0,-0.0,1.2478479,0.37616616,1.6240141
2012-01-14 21:00:00,0.77887251,0.0,0.0,0.0,0.31974123,0.0,0.0,-0.0,0.0,0.7788725066565506,1.3804119901363243,0.0,0.0,-0.0,0.0,0.0,0.0,-0.0,1.0606708,0.31974123,1.380412
2012-01-14 22:00:00,0.67763656,0.0,0.0,0.0,0.22208271,0.0,0.0,-0.0,0.0,0.6776365610975362,0.9587929433752298,0.0,0.0,-0.0,0.0,0.0,0.0,-0.0,0.73671023,0.22208271,0.95879294
2012-01-14 23:00:00,0.5007858,0.0,0.0,0.0,0.10706268,0.0,0.0,-0.0,0.0,0.5007858046967126,0.46221939941216283,0.0,0.0,-0.0,0.0,0.0,0.0,-0.0,0.35515672,0.10706268,0.4622194
2012-01-15 00:00:00,0.33252537,0.0,0.0,0.0,0.23631095,0.0,0.0,-0.0,0.0,0.33252537026734935,1.0202202247215648,0.0,0.0,-0.0,0.0,0.0,0.0,-0.0,0.78390927,0.23631095,1.0202202
2012-01-15 01:00:00,0.24557333,0.0,0.0,0.0,0.25614124,0.0,0.0,-0.0,0.0,0.24557333217250782,1.1058331107121857,0.0,0.0,-0.0,0.0,0.0,0.0,-0.0,0.84969187,0.25614124,1.1058331
2012-01-15 02:00:00,0.22120079,0.0,0.0,0.0,0.27431901,0.0,0.0,-0.0,0.0,0.2212007907651082,1.1843115895369216,0.0,0.0,-0.0,0.0,0.0,0.0,-0.0,0.90999258,0.27431901,1.1843116
2012-01-15 03:00:00,0.21530743,0.0,0.0,0.0,0.32885231,0.0,0.0,-0.0,0.0,0.21530743034282715,1.419747026011129,0.0,0.0,-0.0,0.0,0.0,0.0,-0.0,1.0908947,0.32885231,1.419747
2012-01-15 04:00:00,0.22010203,0.0,0.0,0.0,0.49410472,0.0,0.0,-0.0,0.0,0.22010202865247955,2.1331877425996355,0.0,0.0,-0.0,0.0,0.0,0.0,-0.0,1.639083,0.49410472,2.1331877
2012-01-15 05:00:00,0.26290381,0.0,0.0,0.0,0.89732061,0.0,0.0,-0.0,0.0,0.26290380731260543,3.8739830910755924,0.0,0.0,-0.0,0.0,0.0,0.0,-0.0,2.9766625,0.89732061,3.8739831
2012-01-15 06:00:00,0.46402722,0.0,0.0,0.0,1.1352841,0.0,0.0,-0.0,0.0,0.4640272176560443,4.901337722963042,0.0,0.0,-0.0,0.0,0.0,0.0,-0.0,3.7660536,1.1352841,4.9013377
2012-01-15 07:00:00,0.6478701,0.0,0.0,0.0,1.1171063,0.0,0.0,-0.0,0.0,0.6478700965917779,4.822859244138306,0.0,0.0,-0.0,0.0,0.0,0.0,-0.0,3.7057529,1.1171063,4.8228592
2012-01-15 08:00:00,0.68657649,0.0,0.0,0.0,0.95350643,0.0,0.0,-0.0,0.0,0.6865764891957423,4.116552934715685,0.0,0.0,-0.0,0.0,0.0,0.0,-0.0,3.1630465,0.95350643,4.1165529
2012-01-15 09:00:00,0.0,0.0,0.0,0.93729597,0.0,1.5483126,1.5483126,0.8692277,0.8692277,0.6790849293369104,3.752698169255546,2.4856086,0.0,-0.0,0.0,0.0,0.0,-0.0,2.8834705,0.8692277,3.7526982
2012-01-15 10:00:00,0.0,0.0,0.0,1.3549065,0.0,1.4460585,1.4460585,0.78660149,0.78660149,0.659457042506771,3.395977810961293,2.800965,0.0,-0.0,0.0,0.0,0.0,-0.0,2.6093763,0.78660149,3.3959778
2012-01-15 11:00:00,0.0,0.0,0.0,1.5854256,0.0,1.3844981,1.3844981,0.718848,0.718848,0.6656500653234054,3.103467117160005,2.9699237,0.0,-0.0,0.0,0.0,0.0,-0.0,2.3846191,0.718848,3.1034671
2012-01-15 12:00:00,0.0,0.0,0.0,1.5105718,0.0,1.4330057,1.4330057,0.68579752,0.68579752,0.747208180319888,2.960778973842304,2.9435775,0.0,-0.0,0.0,0.0,0.0,-0.0,2.2749815,0.68579752,2.960779
2012-01-15 13:00:00,0.0,0.0,0.0,1.1401779,0.0,1.3917951,1.3917951,0.66431471,0.66431471,0.7274804060249641,2.8680316806857973,2.531973,0.0,-0.0,0.0,0.0,0.0,-0.0,2.203717,0.66431471,2.8680317
2012-01-15 14:00:00,0.0,0.0,0.0,0.83510733,0.0,1.2925438,1.2925438,0.65935713,0.65935713,0.6331866392684673,2.8466284591881426,2.1276511,0.0,-0.0,0.0,0.0,0.0,-0.0,2.1872713,0.65935713,2.8466285
2012-01-15 15:00:00,0.0,0.0,0.0,0.0,0.18910468,1.0632545,1.0632545,0.49669285,0.49669285,0.5665617002572562,2.960778973842304,1.0632545,0.0,-0.0,0.0,0.0,0.0,-0.0,2.2749815,0.68579752,2.960779
2012-01-15 16:00:00,0.53010278,0.0,0.0,0.0,0.73041567,0.0,0.0,-0.0,0.0,0.5301027756109412,3.153407967321201,0.0,0.0,-0.0,0.0,0.0,0.0,-0.0,2.4229923,0.73041567,3.153408
2012-01-15 17:00:00,0.58099544,0.0,0.0,0.0,0.79155907,0.0,0.0,-0.0,0.0,0.5809954389186055,3.417381032458948,0.0,0.0,-0.0,0.0,0.0,0.0,-0.0,2.625822,0.79155907,3.417381
2012-01-15 18:00:00,0.72343496,0.0,0.0,0.0,0.85435498,0.0,0.0,-0.0,0.0,0.723434963701195,3.688488504762581,0.0,0.0,-0.0,0.0,0.0,0.0,-0.0,2.8341335,0.85435498,3.6884885
2012-01-15 19:00:00,0.85848282,0.0,0.0,0.0,0.91384585,0.0,0.0,-0.0,0.0,0.858482816089737,3.9453271627344435,0.0,0.0,-0.0,0.0,0.0,0.0,-0.0,3.0314813,0.91384585,3.9453272
2012-01-15 20:00:00,0.83930442,0.0,0.0,0.0,0.88410042,0.0,0.0,-0.0,0.0,0.8393044228511274,3.816907833748512,0.0,0.0,-0.0,0.0,0.0,0.0,-0.0,2.9328074,0.88410042,3.8169078
2012-01-15 21:00:00,0.77887251,0.0,0.0,0.0,0.78164392,0.0,0.0,-0.0,0.0,0.7788725066565506,3.3745745894636374,0.0,0.0,-0.0,0.0,0.0,0.0,-0.0,2.5929307,0.78164392,3.3745746
2012-01-15 22:00:00,0.67763656,0.0,0.0,0.0,0.51558753,0.0,0.0,-0.0,0.0,0.6776365610975362,2.2259350357561414,0.0,0.0,-0.0,0.0,0.0,0.0,-0.0,1.7103475,0.51558753,2.225935
2012-01-15 23:00:00,0.5007858,0.0,0.0,0.0,0.29249677,0.0,0.0,-0.0,0.0,0.5007858046967126,1.2627900683616573,0.0,0.0,-0.0,0.0,0.0,0.0,-0.0,0.97029329,0.29249677,1.2627901
2012-01-16 00:00:00,0.42097572,0.0,0.0,0.0,0.6879355,0.0,0.0,-0.0,0.0,0.42097572033395736,2.9700092287684843,0.0,0.0,-0.0,0.0,0.0,0.0,-0.0,2.2820737,0.6879355,2.9700092
2012-01-16 01:00:00,0.31065002,0.0,0.0,0.0,0.70588164,0.0,0.0,-0.0,0.0,0.3106500154795604,3.0474877303885317,0.0,0.0,-0.0,0.0,0.0,0.0,-0.0,2.3416061,0.70588164,3.0474877
2012-01-16 02:00:00,0.24422485,0.0,0.0,0.0,0.72382779,0.0,0.0,-0.0,0.0,0.24422485139791808,3.1249662320085787,0.0,0.0,-0.0,0.0,0.0,0.0,-0.0,2.4011384,0.72382779,3.1249662
2012-01-16 03:00:00,0.22120079,0.0,0.0,0.0,0.78065724,0.0,0.0,-0.0,0.0,0.2212007907651082,3.3703148204720623,0.0,0.0,-0.0,0.0,0.0,0.0,-0.0,2.5896576,0.78065724,3.3703148
2012-01-16 04:00:00,0.21550721,0.0,0.0,0.0,0.93619049,0.0,0.0,-0.0,0.0,0.215507205272396,4.041795167845806,0.0,0.0,-0.0,0.0,0.0,0.0,-0.0,3.1056047,0.93619049,4.0417952
2012-01-16 05:00:00,0.21605659,0.0,0.0,0.0,1.3459608,0.0,0.0,-0.0,0.0,0.21605658632871036,5.810887621503555,0.0,0.0,-0.0,0.0,0.0,0.0,-0.0,4.4649269,1.3459608,5.8108876
2012-01-16 06:00:00,0.22849258,0.48064712,0.89855191,0.0,1.4311529,0.0,0.0,-0.0,0.0,0.2284925756943712,7.43793615552455,0.0,0.89855191,0.82666775,0.0,0.0,0.48064712,0.43258241,4.7475331,1.4311529,6.178686
2012-01-16 07:00:00,0.32743111,0.48064712,0.36518541,0.0,1.4311529,0.0,0.0,-0.0,0.0,0.3274311095633437,6.947238978597585,0.0,0.36518541,0.33597058,0.0,0.0,0.48064712,0.43258241,4.7475331,1.4311529,6.178686
2012-01-16 08:00:00,0.55547419,0.46655525,0.0,0.0,1.4311529,0.0,0.0,-0.0,0.0,0.5554741916661851,6.598585721307371,0.0,0.0,-0.0,0.0,0.0,0.46655525,0.41989973,4.7475331,1.4311529,6.178686
2012-01-16 09:00:00,0.0,0.0,0.0,0.0,0.0,2.3508541,2.3508541,1.4311529,1.4311529,0.7968023065853548,6.301584798430523,2.3508541,0.0,-0.0,0.12289881,0.12289881,0.0,-0.0,4.7475331,1.4311529,6.178686
2012-01-16 10:00:00,0.0,0.0,0.0,0.39812151,0.0,2.3152347,2.3152347,1.3908261,1.3908261,0.9244085428474572,6.004583875553674,2.7133562,0.0,-0.0,0.0,0.0,0.0,-0.0,4.6137578,1.3908261,6.0045839
2012-01-16 11:00:00,0.0,0.0,0.0,0.53381633,0.0,2.3647742,2.3647742,1.3399787,1.3399787,1.0247954449558039,5.785061454296873,2.8985905,0.0,-0.0,0.0,0.0,0.0,-0.0,4.4450827,1.3399787,5.7850615
2012-01-16 12:00:00,0.0,0.0,0.0,0.0,0.23628187,2.1146084,2.1146084,1.0767776,1.0767776,1.0378307591101712,5.668843701866803,2.1146084,0.0,-0.0,0.0,0.0,0.0,-0.0,4.3557842,1.3130595,5.6688437
2012-01-16 13:00:00,0.0,0.0,0.0,0.0,1.1048334,1.0475361,1.0475361,0.20523508,0.20523508,0.8423010467946602,5.6559306182634606,1.0475361,0.0,-0.0,0.0,0.0,0.0,-0.0,4.3458621,1.3100685,5.6559306
2012-01-16 14:00:00,0.0,0.0,0.0,0.0,0.86627663,1.1481035,1.1481035,0.46772004,0.46772004,0.6803834663791078,5.759235287090191,1.1481035,0.0,-0.0,0.0,0.0,0.0,-0.0,4.4252386,1.3339967,5.7592353
2012-01-16 15:00:00,0.0,0.0,0.0,0.0,1.2521198,0.72512928,0.72512928,0.12076018,0.12076018,0.6043691056781608,5.927105373933627,0.72512928,0.0,-0.0,0.0,0.0,0.0,-0.0,4.5542254,1.37288,5.9271054
2012-01-16 16:00:00,0.53589625,0.050467005,0.0,0.0,1.4311529,0.0,0.0,-0.0,0.0,0.5358962485684379,6.224106296810475,0.0,0.0,-0.0,0.0,0.0,0.050467005,0.045420305,4.7475331,1.4311529,6.178686
2012-01-16 17:00:00,0.55812121,0.32307655,0.0,0.0,1.4311529,0.0,0.0,-0.0,0.0,0.5581212094829723,6.469454885273959,0.0,0.0,-0.0,0.0,0.0,0.32307655,0.29076889,4.7475331,1.4311529,6.178686
2012-01-16 18:00:00,0.68697604,0.3948159,0.0,0.0,1.4311529,0.0,0.0,-0.0,0.0,0.68697603905488,6.534020303290665,0.0,0.0,-0.0,0.0,0.0,0.3948159,0.35533431,4.7475331,1.4311529,6.178686
2012-01-16 19:00:00,0.80369454,0.38046803,0.0,0.0,1.4311529,0.0,0.0,-0.0,0.0,0.80369454165548,6.521107219687324,0.0,0.0,-0.0,0.0,0.0,0.38046803,0.34242123,4.7475331,1.4311529,6.178686
2012-01-16 20:00:00,0.77272943,0.079162747,0.0,0.0,1.4311529,0.0,0.0,-0.0,0.0,0.7727294275723084,6.249932464017157,0.0,0.0,-0.0,0.0,0.0,0.079162747,0.071246472,4.7475331,1.4311529,6.178686
2012-01-16 21:00:00,0.7187902,0.0,0.0,0.0,1.2831493,0.0,0.0,-0.0,0.0,0.7187901965887192,5.53971286583339,0.0,0.0,-0.0,0.0,0.0,0.0,-0.0,4.2565636,1.2831493,5.5397129
2012-01-16 22:00:00,0.63753174,0.0,0.0,0.0,0.91824434,0.0,0.0,-0.0,0.0,0.6375317439865897,3.9643166662257596,0.0,0.0,-0.0,0.0,0.0,0.0,-0.0,3.0460723,0.91824434,3.9643167
2012-01-16 23:00:00,0.4693712,0.0,0.0,0.0,0.73280086,0.0,0.0,-0.0,0.0,0.4693711970220111,3.1637054828186026,0.0,0.0,-0.0,0.0,0.0,0.0,-0.0,2.4309046,0.73280086,3.1637055
2012-01-17 00:00:00,0.33482278,0.0,0.0,0.0,0.7078821,0.0,0.0,-0.0,0.0,0.3348227819573912,3.0561242540720186,0.0,0.0,-0.0,0.0,0.0,0.0,-0.0,2.3482422,0.7078821,3.0561243
2012-01-17 01:00:00,0.26405251,0.0,0.0,0.0,0.72634859,0.0,0.0,-0.0,0.0,0.26405251315762635,3.135849234613028,0.0,0.0,-0.0,0.0,0.0,0.0,-0.0,2.4095006,0.72634859,3.1358492
2012-01-17 02:00:00,0.21026311,0.0,0.0,0.0,0.74481508,0.0,0.0,-0.0,0.0,0.21026311337121373,3.215574215154037,0.0,0.0,-0.0,0.0,0.0,0.0,-0.0,2.4707591,0.74481508,3.2155742
2012-01-17 03:00:00,0.19827662,0.0,0.0,0.0,0.8032923,0.0,0.0,-0.0,0.0,0.1982766175970828,3.4680366535338996,0.0,0.0,-0.0,0.0,0.0,0.0,-0.0,2.6647444,0.8032923,3.4680367
2012-01-17 04:00:00,0.19208359,0.0,0.0,0.0,0.96333521,0.0,0.0,-0.0,0.0,0.19208359478044845,4.158986484889312,0.0,0.0,-0.0,0.0,0.0,0.0,-0.0,3.1956513,0.96333521,4.1589865
2012-01-17 05:00:00,0.20017448,0.0,0.0,0.0,1.3849867,0.0,0.0,-0.0,0.0,0.20017447942798683,5.979373540575688,0.0,0.0,-0.0,0.0,0.0,0.0,-0.0,4.5943868,1.3849867,5.9793735
2012-01-17 06:00:00,0.26520122,0.48064712,1.1329671,0.0,1.4311529,0.0,0.0,-0.0,0.0,0.26520121900264726,7.653598131936881,0.0,1.1329671,1.0423297,0.0,0.0,0.48064712,0.43258241,4.7475331,1.4311529,6.178686
2012-01-17 07:00:00,0.40928889,0.48064712,0.58413571,0.0,1.4311529,0.0,0.0,-0.0,0.0,0.4092888869541797,7.148673255177156,0.0,0.58413571,0.53740485,0.0,0.0,0.48064712,0.43258241,4.7475331,1.4311529,6.178686
2012-01-17 08:00:00,0.59787642,0.48064712,0.19417657,0.0,1.4311529,0.0,0.0,-0.0,0.0,0.5978764204671733,6.789910842742615,0.0,0.19417657,0.17864244,0.0,0.0,0.48064712,0.43258241,4.7475331,1.4311529,6.178686
2012-01-17 09:00:00,0.6234524,0.33956936,0.0,0.0,1.4311529,0.084400122,0.084400122,-0.0,0.0,0.7078525191948247,6.484298417335414,0.084400122,0.0,-0.0,0.0,0.0,0.33956936,0.30561243,4.7475331,1.4311529,6.178686
2012-01-17 10:00:00,0.59674883,0.0,0.0,0.0,1.4311529,0.14176914,0.14176914,-0.0,0.0,0.738517970883643,6.178685991928212,0.14176914,0.0,-0.0,0.0,0.0,0.0,-0.0,4.7475331,1.4311529,6.178686
2012-01-17 11:00:00,0.58251559,0.0,0.0,0.0,1.3788312,0.19156232,0.19156232,-0.0,0.0,0.7740779083468982,5.952798547062019,0.19156232,0.0,-0.0,0.0,0.0,0.0,-0.0,4.5739673,1.3788312,5.9527985
2012-01-17 12:00:00,0.61102202,0.0,0.0,0.0,1.3511315,0.22104056,0.22104056,-0.0,0.0,0.8320625816542567,5.833211076250506,0.22104056,0.0,-0.0,0.0,0.0,0.0,-0.0,4.4820796,1.3511315,5.8332111
2012-01-17 13:00:00,0.66794879,0.0,0.0,0.0,1.3480537,0.16011829,0.16011829,-0.0,0.0,0.8280670830628797,5.819923579493671,0.16011829,0.0,-0.0,0.0,0.0,0.0,-0.0,4.4718698,1.3480537,5.8199236
2012-01-17 14:00:00,0.74261585,0.0,0.0,0.0,1.3726757,0.023770727,0.023770727,-0.0,0.0,0.7663865735584976,5.92622355354835,0.023770727,0.0,-0.0,0.0,0.0,0.0,-0.0,4.5535478,1.3726757,5.9262236
2012-01-17 15:00:00,0.71819087,0.0,0.0,0.0,1.4126865,0.0,0.0,-0.0,0.0,0.7181908718000126,6.098961011387203,0.0,0.0,-0.0,0.0,0.0,0.0,-0.0,4.6862746,1.4126865,6.098961
2012-01-17 16:00:00,0.7227857,0.25098605,0.0,0.0,1.4311529,0.0,0.0,-0.0,0.0,0.7227856951800962,6.404573436794404,0.0,0.0,-0.0,0.0,0.0,0.25098605,0.22588744,4.7475331,1.4311529,6.178686
2012-01-17 17:00:00,0.90143443,0.48064712,0.049747254,0.0,1.4311529,0.0,0.0,-0.0,0.0,0.9014344259470396,6.657035875174267,0.0,0.049747254,0.045767474,0.0,0.0,0.48064712,0.43258241,4.7475331,1.4311529,6.178686
2012-01-17 18:00:00,1.0458717,0.48064712,0.12196191,0.0,1.4311529,0.0,0.0,-0.0,0.0,1.0458717000253175,6.723473358958441,0.0,0.12196191,0.11220496,0.0,0.0,0.48064712,0.43258241,4.7475331,1.4311529,6.178686
2012-01-17 19:00:00,1.0494177,0.48064712,0.10751898,0.0,1.4311529,0.0,0.0,-0.0,0.0,1.0494177050251645,6.710185862201607,0.0,0.10751898,0.098917461,0.0,0.0,0.48064712,0.43258241,4.7475331,1.4311529,6.178686
2012-01-17 20:00:00,0.85883242,0.28051382,0.0,0.0,1.4311529,0.0,0.0,-0.0,0.0,0.8588324222164825,6.431148430308074,0.0,0.0,-0.0,0.0,0.0,0.28051382,0.25246244,4.7475331,1.4311529,6.178686
2012-01-17 21:00:00,0.66969551,0.0,0.0,0.0,1.320354,0.0,0.0,-0.0,0.0,0.6696955076471746,5.700336108682157,0.0,0.0,-0.0,0.0,0.0,0.0,-0.0,4.3799821,1.320354,5.7003361
2012-01-17 22:00:00,0.61181072,0.0,0.0,0.0,0.94486872,0.0,0.0,-0.0,0.0,0.6118107218046005,4.079261504348303,0.0,0.0,-0.0,0.0,0.0,0.0,-0.0,3.1343928,0.94486872,4.0792615
2012-01-17 23:00:00,0.51896532,0.0,0.0,0.0,0.75404832,0.0,0.0,-0.0,0.0,0.5189653232874778,3.255436705424542,0.0,0.0,-0.0,0.0,0.0,0.0,-0.0,2.5013884,0.75404832,3.2554367
2012-01-18 00:00:00,0.2912219,0.0,0.0,0.0,1.0956834,0.0,0.0,-0.0,0.0,0.2912219035789898,4.730370309146769,0.0,0.0,-0.0,0.0,0.0,0.0,-0.0,3.634687,1.0956834,4.7303703
2012-01-18 01:00:00,0.21550721,0.0,0.0,0.0,1.1124754,0.0,0.0,-0.0,0.0,0.215507205272396,4.802866405838673,0.0,0.0,-0.0,0.0,0.0,0.0,-0.0,3.690391,1.1124754,4.8028664
2012-01-18 02:00:00,0.19752746,0.0,0.0,0.0,1.1460596,0.0,0.0,-0.0,0.0,0.19752746161119958,4.947858599222483,0.0,0.0,-0.0,0.0,0.0,0.0,-0.0,3.801799,1.1460596,4.9478586
2012-01-18 03:00:00,0.19233331,0.0,0.0,0.0,1.2090299,0.0,0.0,-0.0,0.0,0.1923333134424095,5.219718961817124,0.0,0.0,-0.0,0.0,0.0,0.0,-0.0,4.0106891,1.2090299,5.219719
2012-01-18 04:00:00,0.19542982,0.0,0.0,0.0,1.4021388,0.0,0.0,-0.0,0.0,0.19542982485072669,6.053424073774026,0.0,0.0,-0.0,0.0,0.0,0.0,-0.0,4.6512852,1.4021388,6.0534241
2012-01-18 05:00:00,0.23393644,0.48064712,1.32425,0.0,1.4311529,0.0,0.0,-0.0,0.0,0.23393644252512233,7.829578442725687,0.0,1.32425,1.21831,0.0,0.0,0.48064712,0.43258241,4.7475331,1.4311529,6.178686
2012-01-18 06:00:00,0.44994309,0.48064712,3.6488531,0.0,1.4311529,0.0,0.0,-0.0,0.0,0.4499430851214405,9.96821329513687,0.0,3.6488531,3.3569449,0.0,0.0,0.48064712,0.43258241,4.7475331,1.4311529,6.178686
2012-01-18 07:00:00,0.64642173,0.48064712,2.8608521,0.0,1.4311529,0.0,0.0,-0.0,0.0,0.6464217283524036,9.243252328217824,0.0,2.8608521,2.6319839,0.0,0.0,0.48064712,0.43258241,4.7475331,1.4311529,6.178686
2012-01-18 08:00:00,0.66674883,0.48064712,2.6244518,0.0,1.4311529,0.0,0.0,-0.0,0.0,0.666748827436034,9.02576403814211,0.0,2.6244518,2.4144956,0.0,0.0,0.48064712,0.43258241,4.7475331,1.4311529,6.178686
2012-01-18 09:00:00,0.0,0.48064712,2.3289514,0.0,0.57233221,1.4742274,1.4742274,0.85882073,0.85882073,0.6154066705368397,8.75390367554747,1.4742274,2.3289514,2.1426353,0.0,0.0,0.48064712,0.43258241,4.7475331,1.4311529,6.178686
2012-01-18 10:00:00,0.0,0.48064712,2.013751,0.0,0.59369847,1.4178506,1.4178506,0.83745447,0.83745447,0.580396114129899,8.46391928877985,1.4178506,2.013751,1.8526509,0.0,0.0,0.48064712,0.43258241,4.7475331,1.4311529,6.178686
2012-01-18 11:00:00,0.0,0.48064712,1.4441683,0.0,0.0,2.1654987,2.1654987,1.4311529,1.4311529,0.5909342416646558,8.083314781147353,2.1654987,1.4441683,1.3286349,0.14341152,0.14341152,0.48064712,0.43258241,4.7475331,1.4311529,6.178686
2012-01-18 12:00:00,0.0,0.48064712,1.4621502,0.0,0.19924769,1.8847198,1.8847198,1.2319052,1.2319052,0.6528145260986068,7.95644661193652,1.8847198,1.4621502,1.3451782,0.0,0.0,0.48064712,0.43258241,4.7475331,1.4311529,6.178686
2012-01-18 13:00:00,0.0,0.48064712,1.4030502,0.0,0.89616014,1.1817641,1.1817641,0.5349928,0.5349928,0.6467713344791491,7.902074539417591,1.1817641,1.4030502,1.2908061,0.0,0.0,0.48064712,0.43258241,4.7475331,1.4311529,6.178686
2012-01-18 14:00:00,0.0,0.48064712,1.6591505,0.0,0.96396204,1.0432919,1.0432919,0.4671909,0.4671909,0.5761009531441688,8.137686853666281,1.0432919,1.6591505,1.5264185,0.0,0.0,0.48064712,0.43258241,4.7475331,1.4311529,6.178686
2012-01-18 15:00:00,0.5235102,0.48064712,1.8167507,0.0,1.4311529,0.0,0.0,-0.0,0.0,0.5235102029351693,8.28267904705009,0.0,1.8167507,1.6714106,0.0,0.0,0.48064712,0.43258241,4.7475331,1.4311529,6.178686
2012-01-18 16:00:00,0.52545801,0.48064712,2.3092514,0.0,1.4311529,0.0,0.0,-0.0,0.0,0.5254580084984655,8.735779651374493,0.0,2.3092514,2.1245113,0.0,0.0,0.48064712,0.43258241,4.7475331,1.4311529,6.178686
2012-01-18 17:00:00,0.642626,0.48064712,2.4471515,0.0,1.4311529,0.0,0.0,-0.0,0.0,0.6426260046905955,8.862647820585325,0.0,2.4471515,2.2513794,0.0,0.0,0.48064712,0.43258241,4.7475331,1.4311529,6.178686
2012-01-18 18:00:00,0.83001489,0.48064712,2.5062516,0.0,1.4311529,0.0,0.0,-0.0,0.0,0.830014888626176,8.917019893104255,0.0,2.5062516,2.3057515,0.0,0.0,0.48064712,0.43258241,4.7475331,1.4311529,6.178686
2012-01-18 19:00:00,0.93434735,0.48064712,2.3486514,0.0,1.4311529,0.0,0.0,-0.0,0.0,0.9343473455935075,8.772027699720445,0.0,2.3486514,2.1607593,0.0,0.0,0.48064712,0.43258241,4.7475331,1.4311529,6.178686
2012-01-18 20:00:00,0.84025335,0.48064712,1.9743509,0.0,1.4311529,0.0,0.0,-0.0,0.0,0.8402533537665795,8.427671240433899,0.0,1.9743509,1.8164028,0.0,0.0,0.48064712,0.43258241,4.7475331,1.4311529,6.178686
2012-01-18 21:00:00,0.7040568,0.48064712,0.94994955,0.0,1.4311529,0.0,0.0,-0.0,0.0,0.7040567955330165,7.485221983439142,0.0,0.94994955,0.87395358,0.0,0.0,0.48064712,0.43258241,4.7475331,1.4311529,6.178686
2012-01-18 22:00:00,0.58269353,0.0,0.0,0.0,1.3307725,0.0,0.0,-0.0,0.0,0.5826935258199407,5.745315662833432,0.0,0.0,-0.0,0.0,0.0,0.0,-0.0,4.4145432,1.3307725,5.7453157
